title,datetime,location,address,latitude,longitude,description,link
Der Grüffelo (ab 4),2025-07-31T10:00:00,marotte Theater,"Kaiserallee 11, 76133 Karlsruhe",49.0102313,8.3851507,"Der große Wald ist voller Gefahren. Da ist es gut, wenn man einen starken Freund hat. Und wenn man keinen hat, erfindet man sich eben einen. 
So wie die kleine Maus, die jedem, der sie fressen will, mit dem schrecklichen Grüffelo droht. Dabei gibt`s Grüffelos gar nicht. Oder doch?Spiel: Roberta Ascani   Regie: Eva Kaufmann",https://kalender.karlsruhe.de/db/termine/theater/der_gruffelo_ab4n-39
SHOUT OUT LOUDS,2025-07-30T20:30:00,Kulturzentrum Tollhaus,"Alter Schlachthof 35, 76131 Karlsruhe",49.0044252,8.4317094,"Vor über 20 Jahren veröffentlichten die schwedischen Indie-Legenden Shout Out Louds ihr umjubeltes Debütalbum „Howl Howl Gaff Gaff“ mit mittlerweile kultigen Hits wie „Please Please Please“, „The Comeback“ und „Very Loud“. Das Album war der Startschuss für eine lange internationale Karriere, die TV-Auftritte bei David Letterman und Jay Leno sowie weltweite Tourneen mit angesagten Bands der Zeit wie The Strokes, Depeche Mode und Kings of Leon umfasste. Ihr leichtfüßiger, aber druckvoller, gitarren- betonter und treibender Indie-Pop hat eine große Intensität und wird gerne mit The Cure, The Smiths und sogar Oasis verglichen und wird von von Adam Olenius’ charakteristischer Stimme getragen. Nach dem überwältigenden Erfolg der Konzerte im Frühjahr 2024, die binnen weniger Tage ausverkauft waren, kommt die Band auf vielfache Nachfrage wieder nach Deutschland, um back to the roots in den Clubs und auf den Festivals aufzutreten, in denen alles begann. Hier werden sie das komplette Debütalbum und die Hits ihrer langen Karriere präsentieren.",https://kalender.karlsruhe.de/db/termine/musik/shout_out_louds
Musikalischer Sommersegen,2025-08-04T19:00:00,Stadtkirche Durlach,"Pfinztalstraße 31, 76227 Karlsruhe",48.9988594,8.4713534,Leitung: Carmen Buchert-Eintritt frei-,https://kalender.karlsruhe.de/db/termine/musik/musikalischer_sommersegen-1
Sightjogging-Sportlich unterwegs durch Karlsruhe,2025-07-30T18:00:00,City Tour durch Karlsruhe,,,,"Joggst du gerne?Wie wäre es dann einmal, wenn du deine Laufroute ein wenig veränderst und in einer Gruppe Gleichgesinnter vertraute und unbekannte Ecken von Karlsruhe erläufst?Erlebe eine unvergessliche Joggingtour und statt Musik auf den Ohren gibt es bei dieser Tour einiges Amüsantes, Interessantes, Anekdoten und Fakten über die Fächerstadt Karlsruhe zu erfahren.Die ca. 1,5-stündige Joggingtour durch Karlsruhe beginnt direkt auf dem Marktplatz in Karlsruhe an der Pyramide.Preise:Erwachsene: Euro 10,00InfoTel.: 0721/91679888 oder mobil 0179/2935072Internet: www.stadtfuehrungen-karlsruhe.deAnmeldung erforderlichMindestteilnehmerzahl: 6 PersonenAuch andere Termine sind jederzeit möglichBuchbar auch exklusiv als Gruppenevent",https://kalender.karlsruhe.de/db/termine/sportveranstaltung/sightjogging_sportlich_unterwegs_durch_karlsruhe-15
Vortrag von Prof. Dr. Kurt Möser: Der Wasserstoffbulli aus dem Kernforschungszentrum,2025-07-30T18:00:00,Zentrum für Kunst und Medien (ZKM) |  Medialounge,"Lorenzstraße 19 , 76135 Karlsruhe",49.0012852,8.3836005,"Als der Volkswagen Transporter am Kernforschungszentrum mit Wasserstoffantrieb fuhr, hatte die Autoindustrie diesen Energieträger für Individualfahrzeuge gerade erst in den Blick genommen.Warum es am Zentrum zu dieser Entwicklung kommen konnte, wird hier vor dem Hintergrund der automobilhistorischen Entwicklungen wie auch mit Blick auf die Situation am Kernforschungszentrum erläutert.Prof. Dr. Kurt Möserist Technikhistoriker, Autor und pensionierter außerplanmäßiger Professor für Geschichte am KIT.",https://kalender.karlsruhe.de/db/termine/ausstellungen/vortrag_von_prof_dr_kurt_moser_der_wasserstoffbulli
Karlsruhe Stadtführung per Rad,2025-07-30T17:00:00,City Tour durch Karlsruhe,,,,"Diese ganz besondere Stadtführung beginnt direkt an der Pyramide auf dem Marktplatz.Viele Highlights und Insidertipps werden auch Karlsruher überraschen.Die ca. 3-stündige Fahrradtour durch Karlsruhe zeigt Ihnen viele Sehenswürdigkeiten der Stadt.Sollten Sie über kein eigenes Fahrrad verfügen sprechen Sie uns gerne an.Anmeldung erforderlich unter: Marc.Fischer@boservice.org oder Telefon: 0721/91679888 mobil: 0170/2935072Mindestteilnehmeranzahl: 6 PersonenDie Tour kann auch exklusiv als Gruppenevent gebucht werden.Preise:Erwachsene: Euro 18,00Kinder bis 14 Jahre: 10,00Internet: www.stadtfuehrungen-karlsruhe.de",https://kalender.karlsruhe.de/db/termine/sportveranstaltung/karlsruhe_stadtfuhrung_per_rad-49
Streetart in Karlsruhe - Route C (per Rad),2025-07-30T17:00:00,"vor dem Eingang des Kulturzentrums ""Tollhaus""","Alter Schlachthof 35, 76131 Karlsruhe",49.0044252,8.4317094,"Stadtführungen einmal anders - spannend, informativ und immer überraschend! Die Führungen von stattreisen Karlsruhe 
e.V. ermöglichen neue 
Einblicke in Geschichte und Architektur, in das Alltagsleben früherer Zeiten - und in verborgene Ecken und Winkel
der Stadt, die Einheimische und Gäste der Stadt gleichermaßen faszinieren.Anmeldung und Informationen zur Teilnahmegebühr auf der Website!",https://kalender.karlsruhe.de/db/termine/stadtleben/streetart_in_karlsruhe_route_c_per_rad
VORLESEZEIT in der Kinder- & Jugendbibliothek - ENTFÄLLT,2025-07-30T16:00:00,Stadtbibliothek Karlsruhe - Kinder- und Jugendbibliothek Karlsruhe im Prinz-Max-Palais,"Prinz-Max-Palais, Karlstraße 10, 76133 Karlsruhe",49.0111857,8.3947581,"""Lies mir doch was vor!""  - Diesen Wunsch vieler Kinder wollen wir gerne erfüllen und bieten für Kinder von 3 bis 5 Jahren an jedem Mittwochnachmit­tag jeweils um 16 Uhr eine Vorleserunde an.Zielgruppe:von 3 bis 5 JahrenAnmeldung:ohne AnmeldungEintritt:kostenfreiOrt:Kinder- und JugendbibliothekIllustration: AdobeStock - GoodStudio",https://kalender.karlsruhe.de/db/termine/literatur/vorlesezeit_in_der_kinder_jugendbibliothek_entfallt-5
Bücherblitz im Turmbergbad,2025-07-30T14:00:00,Durlach,Durlach Innenstadt,,,"Wir sind mit unserem Lastenfahrrad ""Bücherblitz"" im Turmbergbad Durlach und sorgen mit einer bunten Medienauswahl für Unterhaltung zwischendurch. An einzelnen Terminen bieten wir auch Vorlesen und andere Aktionen an. Kommt vorbei!Zielgruppe:alle InteressiertenOrt:Turmbergbad Durlach, Alte Weingartener Str. 40, 76227 KarlsruheFoto: AdobeStock - zamuruev",https://kalender.karlsruhe.de/db/termine/literatur/bucherblitz_im_turmbergbad-5
Orgelpunkt,2025-07-30T12:15:00,Kleine Kirche Karlsruhe,"Kaiserstraße 131 nähe Marktplatz,  Karlsruhe",,,"Die Kleine Kirche Karlsruhe - das älteste Gotteshaus und ein Kleinod der Stadt - hat im Frühjahr 2019 eine neue, der Bedeutung und Atmosphäre des Raums angemessene Orgel erhalten: Die klangvolle frühromantische Orgel der Firma Lenter aus Sachsenheim/Ludwigsburg.Orgelpunkt - 20 Minuten Orgelmusik zur Mittagszeit, interpretiert von Organistinnen und Organisten aus Karlsruhe und der Region, bei freiem Eintritt immer mittwochs um 12.15 Uhr (nicht an Feiertagen und in den Schulferien).",https://kalender.karlsruhe.de/db/termine/musik/orgelpunkt-50
Das kleine Gespenst (ab 5),2025-07-30T10:00:00,marotte Theater,"Kaiserallee 11, 76133 Karlsruhe",49.0102313,8.3851507,"Das kleine Gespenst wohnt seit uralten Zeiten hoch oben auf Burg Eulenstein. 
Jede Nacht, Punkt Mitternacht, spukt es durch die dunklen Gänge. Aber insgeheim hat das kleine Gespenst einen großen Wunsch: Es möchte einmal die Welt bei Tageslicht sehen! Durch einen unglücklichen Zufall geht dieser Wunsch plötzlich in Erfüllung. Mit neugierigen Augen erkundet es die Welt bei Tageslicht und sorgt dabei für riesengroßen Wirbel!Spiel: Carsten DittrichRegie: Lisa Augustinowski",https://kalender.karlsruhe.de/db/termine/theater/das_kleine_gespenst_ab5n-13
Onleihe Sprechstunde,2025-07-30T10:00:00,Stadtbibliothek Karlsruhe - Stadtbibliothek im Neuen Ständehaus,"Ständehausstraße 2, 76133 Karlsruhe",49.0089211,8.4003588,"Die kostenlose Sprech­stunde richtet sich an alle Inter­es­sier­ten mitindivi­du­el­len Fragen rund um die digitale Bibliothek ""Onleihe"". Fachleute der Stadt­bi­blio­thek beant­wor­ten Fragen und zeigen die Handhabung an entspre­chen­den Lesege­rä­ten (E-Book-Reader oder Tablets). Es dürfen gerne eigene Geräte mitge­bracht werden. Eine Anmeldung ist nicht erfor­der­lich.Zielgruppe:Onleihe Nutzer*innenAnmeldung:ohne AnmeldungEintritt:kostenfreiOrt:Stadtbibliothek im Neuen Ständehaus, Infotheke im 2. OG",https://kalender.karlsruhe.de/db/termine/literatur/onleihe_sprechstunde-137
Community Day | PRANA,2025-07-30T08:00:00,TRIANGEL Transfer | Kultur | Raum,"Kaiserstraße 93, 76133 Karlsruhe",49.0092217,8.4087317,"Auch im Juli heißt es wieder für Dich:PRANA – Dein neuer Start in den Mittwochvor Open House. Diesen Monat widmen wir uns einem ganz besonderen Thema: ATEM.Was ist PRANA?PRANA bedeutet Lebensenergie – und genau die wollen wir gemeinsam wecken. In unserem neuen gleichnamigen Format geht es darum, ganz bewusst in den Tag zu starten: bei Dir anzukommen und im Miteinander zu wachsen. Im Rahmen der Einheiten werden fundierte Inhalte zur Förderung von Körperbewusstsein, Stressregulation und gesunder, achtsamer Bewegung vermittelt.So läuft’s ab:8:00 Uhr – Get-in (Werkstatt oder Studio im TRIANGEL am Kronenplatz)8:15 Uhr – 45 Minuten körperliches Lernen & Erleben9:00 Uhr – gemeinsamer Start ins Open HouseGemeinsam mit Yoga-LehrerinLenalernst Du einfache, aber kraftvolle Techniken, um Deinen Körper, Geist und Atem in Einklang zu bringen – und mit frischer Energie in den Tag zu gehen.Ob Du regelmäßig meditierst oder etwas ganz Neues ausprobieren möchtest:PRANAist für alle offen, die neugierig sind, mehr Verbindung zu sich selbst und anderen zu entdecken.Bring gerne Deine eigene Yogamatte mit, wenn Du eine hast!Wir freuen uns auf Dich!",https://kalender.karlsruhe.de/db/termine/sportveranstaltung/community_day_prana-5
WELSHLY ARMS,2025-07-29T20:30:00,Kulturzentrum Tollhaus,"Alter Schlachthof 35, 76131 Karlsruhe",49.0044252,8.4317094,"Die Band aus Cleveland, Ohio, steht für eine mitreißende Mischung aus Rock’n’Roll, Blues und Soul, die live für pure Energie sorgt. Die charismatische Stimme von Frontmann Sam Getz, die beeindruckenden Chorgesänge von Bri und Jon Bryant sowie die groovigen Basslines und Synth-Effekte von Jimmy Weaver sowie Mikey Goulds dynamisches Schlagzeugspiel, das den Sound der Band abrundet, prägen die Musik der Welshly Arms, die 2017 mit „Legendary“ einen Welthit schuf und sich in die internationalen Charts ebenso katapultierte wie auf die Bühnen der größten Festivals der Welt, darunter Rock am Ring, Lollapalooza und das Reading & Leeds Festival. Besonders einem breiten Publikum besonders bekannt wurden die Welshly Arms durch ihre Beiträge zur Filmmusik. Die Single ""Legendary"" dient dem ""Power Rangers""-Film 2017 ebenso als Titelmusik wie auch der Serie ""Empire"". Für Quentin Tarantinos ""Hateful Eight"" schrieben sie ""Hold On, I'm Comming"", mit Songs wie ""Learn to let go"" und ""Sanctuary"" kletterten die Welshly Arms aber auch in die deutschen Top Ten. Zuletzt veröffentlichten die Welshly Arms ihr neuestes Album „Wasted Words & Bad Decisions“.",https://kalender.karlsruhe.de/db/termine/musik/welshly_arms
MINISTRY,2025-07-29T19:00:00,Substage Karlsruhe e.V.,"Durlacher Allee 62 , 76131 Karlsruhe",49.0060894,8.4331082,"Regime kommen und gehen. Sterne leuchten und verblassen. Trends kommen und gehen. MINISTRY lebt weiter. Die sechsfach für den GRAMMY nominierte Multiplatin-Band, gegründet und angeführt von Al Jourgensen, hat sich über vier Jahrzehnte in die dunkelsten Ecken der Popkultur geschlichen und den Mainstream infiziert, indem sie genüsslich akustische Galle zwischen den Rissen der Systemfassade spuckte. Geboren in den Achtzigern, überlebten sie die Neunziger, überstanden die Jahrhundertwende und hielten sogar eine verdammte Pandemie durch. MINISTRY zeigt jedoch keine Anzeichen, anzuhalten oder langsamer zu werden – nicht einmal für einen Moment. Stattdessen haut die Band – „Uncle Al“, John Bechdel (Keyboards), Monte Pittman (Gitarre), Cesar Soto (Gitarre), Roy Mayorga (Schlagzeug) und Paul D’Amour (Bass) – auf ihrem 2023 erschienenen Opus und sechzehnten Album HOPIUMFORTHEMASSES (Nuclear Blast) eine weitere Ladung hymnischen Industrial Metal raus. Die Gitarren krachen, das Schlagzeug grollt und Al ist so selbstgerecht und streitsüchtig wie eh und je über eine beschissene Welt, die reif für einen Tritt in den Hintern ist.Einlass: 18:00 UhrAltersfreigabe: ab 16 Jahren",https://kalender.karlsruhe.de/db/termine/musik/ministry
Checkpoint Karlsruhe | 29.07.2025,2025-07-29T18:30:00,AIDS-Hilfe Karlsruhe e.V. - Zentrum für sexuelle Gesundheit,"Sophienstraße 102, 76135 Karlsruhe",49.0080257,8.3825952,"Jeden Dienstagabend von 18:30 - 20:00 Uhr können Sie sich in unserem Checkpoint auf HIVund andere sexuell übertragbare Infektionen (STI)testen lassen.Testung nur mit telefonischer Anmeldung unter 0721 / 35 48 16 0Hinweis: Bei Symptomen (z.B. Juckreiz, Ausfluss) bitte direkt in ärztliche Behandlung begeben. Wir sind KEINE ärztliche Einrichtung!Der Zugang ist barrierefrei!ZeSIA Karlsruhe | Sophienstraße 102, 76135 KarlsruheWeitere Infos unter: www.zesia-ka.de",https://kalender.karlsruhe.de/db/termine/checkpoint_karlsruhe29072025n
VORLESEZEIT in Durlach,2025-07-29T16:00:00,Stadtbibliothek Karlsruhe - Stadtteilbibliothek Durlach,"Pfinztalstraße 9, Karlsburg, 76227 Karlsruhe",,,"Amletzten Dienstag im Monatkannst du es dirum 16 Uhrbei der VORLESEZEIT in Durlachgemütlich machen und spannenden Geschichten auf der Lesetreppe 
lauschen. Das Angebot kann ohne vorherige Anmeldung besucht werden und 
richtet sich an Kinder ab 3 Jahren.Zielgruppe:ab 3 JahrenAnmeldung:ohne AnmeldungEintritt:kostenfreiOrt:Stadtteilbibliothek DurlachIllustration: AdobeStock - GoodStudio",https://kalender.karlsruhe.de/db/termine/literatur/vorlesezeit_in_durlach-2
Unternehmertag Auszubildende und Fachkräfte aus Indien,2025-07-29T14:30:00,Zentrum für Kunst und Medien (ZKM),"Lorenzstraße 19, 76135 Karlsruhe",49.0012852,8.3836005,,https://kalender.karlsruhe.de/db/termine/wirtschaft/unternehmertag_auszubildende_und_fachkrafte_aus_indien
Bücherblitz im Turmbergbad,2025-07-29T14:00:00,Durlach,Durlach Innenstadt,,,"Wir sind mit unserem Lastenfahrrad ""Bücherblitz"" im Turmbergbad Durlach und sorgen mit einer bunten Medienauswahl für Unterhaltung zwischendurch. An einzelnen Terminen bieten wir auch Vorlesen und andere Aktionen an. Kommt vorbei!Zielgruppe:alle InteressiertenOrt:Turmbergbad Durlach, Alte Weingartener Str. 40, 76227 KarlsruheFoto: AdobeStock - zamuruev",https://kalender.karlsruhe.de/db/termine/literatur/bucherblitz_im_turmbergbad
Sprechstunde: Einfach digital!,2025-07-29T10:00:00,Stadtbibliothek Karlsruhe - Stadtbibliothek im Neuen Ständehaus,"Ständehausstraße 2, 76133 Karlsruhe",49.0089211,8.4003588,"Sie haben Fragen zu Ihrem Smartphone oder einer App? Ihr Tablet 
bereitet Ihnen Kopfzerbrechen? Das neue Update will einfach nicht 
funktionieren? In eineroffenen Sprechstunde jeden Dienstaghilft ein*e 
Mitarbeiter*in der Stadtbibliothek bei Problemenrund um Ihre digitalen 
Endgeräte(Smartphone, Tablet oder Laptop) und deren Nutzung.Bei Fragen zu unserer 
Online-Bibliothek ""Onleihe"" oder der Nutzung von E-Book-Readern besuchen
 Sie bitte unsere Onleihe-Sprechstunde jeden Mittwoch und Donnerstag.Zielgruppe:alle Menschen mit Fragen rund ums SmartphoneAnmeldung:ohne AnmeldungEintritt:kostenfreiOrt:Stadtbibliothek im Neuen Ständehaus, Infotheke im 1. OG",https://kalender.karlsruhe.de/db/termine/literatur/sprechstunde_einfach_digital-29
Der Reformstau in der katholischen Kirche - warum tut sie sich mit Veränderungen so schwer?,2025-07-28T16:00:00,Erlöserkirche der Evangelischen methodistischen Kirche,"Hermann-Billing-Straße 11, 76137 Karlsruhe",49.0037665,8.3987642,"Prof. Dr. Oliver Wintzek, MannheimTeilnahmegebühr: 5,00 €",https://kalender.karlsruhe.de/db/termine/literatur/der_reformstau_in_der_katholischen_kirche
Heimatstadt Karlsruhe Stadtführung,2025-07-28T14:00:00,Tourist-Information am Marktplatz,"Kaiserstraße 72-74, 76133 Karlsruhe",49.0097995,8.4041251,"Trotz seinen gerade einmal 300 Jahren blickt Karlsruhe auf eine bewegte Vergangenheit zurück. Als barocke Planstadt ein Novum seiner Zeit, hat sich die Stadt diesen Pioniergeist bis heute erhalten. Unterwegs mit unseren Stadtführern erfahren Sie alles über die Entstehung Karlsruhes und den Werdegang der Stadt zu einem wichtigen Kultur- und Innovationsstandort. Gespickt mit witzigen Anekdoten und den persönlichen Geheimtipps unserer besten Stadtkenner wird jede Führung ein besonderes Erlebnis.",https://kalender.karlsruhe.de/db/termine/stadtleben/heimatstadt_karlsruhe_stadtfuhrung-284
Freies Tanzen Karlsruhe,2025-07-27T21:00:00,"Altes Stadion, KIT Campus Süd","Engesserstraße 17, 76131 Karlsruhe",49.011175,8.4146076,barfuss oder mit Tanzschuhen auf Parkettboden in der grossen Sporthalleimmer 2 DJ:Janes von zur Zeit 12 Aktivenkeine Anmeldung erforderlichkommt einfach zwischen 21-23 Uhr vorbeimit der Bitte um Geld-Einwurf in die am DJ Pult stehende Spendendose entsprechend eurer Wertschätzung,https://kalender.karlsruhe.de/db/termine/theater/freies_tanzen_karlsruhe-77
Internationaler Orgelsommer Karlsruhe,2025-07-27T20:30:00,Ev. Stadtkirche Karlsruhe,"Marktplatz, 76133 Karlsruhe",49.0089483,8.4038789,"3. Konzert mit Victoria Ulriksen, OsloWerke von Bach, Bunk, NordstogaDer Internationale Orgelsommer Karlsruhe – an sechs Sonntagen im Juli und August – ist seit Jahren ein Forum für herausragende Organistinnen und Organisten aus aller Welt. Die beiden hervorragenden Orgeln der Stadtkirche ermöglichen eine adäquate Umsetzung nahezu aller Stilbereiche.Vor jedem Orgelkonzert gibt es in der Talk-Runde „Das Blaue Sofa“ (19.30–20.00 Uhr) die Möglichkeit, mit dem Organisten des Abends ins Gespräch zu kommen und zugleich eine Einführung in das Konzertprogramm zu erhalten.Kartenvorverkauf:> www.tickets-stadtkirche.de> Musikhaus Schlaile, Kaiserstr. 175, Karlsruhe> Touristinformation Karlsruhe, Marktplatz> Buchhandlung Mächtlinger, Pfinztalstr. 36, Durlach",https://kalender.karlsruhe.de/db/termine/musik/internationaler_orgelsommer_karlsruhe-19
Aurora - Wunder des Nordlichts,2025-07-27T19:00:00,PLANET KA Planetarium Karlsruhe,"Alter Schlachthof 4, 76131 Karlsruhe",49.0039151,8.4304661,"Das Polarlicht gehört zu den wunderbarsten Naturerscheinungen, die man erleben kann: als Nordlicht („Aurora Borealis“) im hohen Norden und als Südlicht („Aurora Australis“) im tiefen Süden.Dem koreanischen Astrophotographen Kwon O Chul gelang es weltweit zum ersten Mal, diese Leuchterscheinung in ihren vielen Facetten aufzunehmen. In Echtzeit und 4K-Auflösung offenbart die ultra-hochempfindliche Kameratechnik die Schönheit und Vielfalt des Polarlichts – ein grandioser Tanz der Formen und Farben im „Rundum-Format“ an der Sternenkuppel des Planetariums!Originalaufnahmen von Bord der Internationalen Raumstation ISS und naturgetreue Computer-Visualisierungen bringen uns Legenden und die wissenschaftliche Untersuchung der Polarlichter näher.Eine Produktion von Kwon O ChulZur Einleitung präsentieren wir live den aktuellen Sternenhimmel über Karlsruhe.Dauer ca. 60 MinutenFür Erwachsene und Kinder ab 10 JahreEinlass: ab ca. 30 Min. vor Beginn.Bitte beachten: Kein Nacheinlass!Ungenutzte Tickets verfallen ersatzlos.",https://kalender.karlsruhe.de/db/termine/wirtschaft/aurora_wunder_des_nordlichts-6
Durlacher Kultursommer 2025,2025-07-27T19:00:00,Schlossgarten Durlach,"Schlossgarten Durlach,  Durlach",48.996263,8.4748438,"Der brasilianische Sänger, Gitarrist und Songwriter Ivan Santos wurde in Paraiba im Nordosten Brasiliens geboren und lebt seit über 25 Jahren in Hessen. Solo oder mit seinem Trio spielt Santos auch in anderen Ländern Europas. Auf der Bühne spielt Santos eine raffinierte Art von brasilianischem Folk-Pop, welcher weit über Bossa Nova und Samba hinausgeht.",https://kalender.karlsruhe.de/db/termine/stadtleben/durlacher_kultursommer2025n-5
Der Anruf,2025-07-27T19:00:00,Das Sandkorn Theater & Mehr,"Kaiserallee 11, 76133 Karlsruhe",49.0102313,8.3851507,"In diesem hochspannenden Bühnenkrimi ist nichts so, wie es scheint!Während ihrer Nachtschicht im Computer-Callcenter erhält Mitarbeiterin Eva einen folgenreichen Anruf: Marc hat Probleme mit seinem Laptop. Eva hilft dem sympathischen Anrufer gern, und das Gespräch wird zunehmend privat: Marc lässt seinen Charme spielen, zeigt sich als aufmerksam und witzig. Die beiden flirten miteinander, tauschen Komplimente aus – ein Treffen bahnt sich an.Doch der Schein trügt: Denn Marc entpuppt sich als Evas Stalker, der beängstigend detaillierte Einblicke in ihr Privatleben genießt. Zwischen der Callcenter-Mitarbeiterin und dem Anrufer beginnt ein Katz-und-Maus-Spiel, in dessen Verlauf der Mann am Telefon immer mehr zur ernstzunehmenden Bedrohung wird. Denn auch Eva hütet ein dunkles Geheimnis …Das bedrohliche Spiel rund um Täter und Opfer hält den Zuschauer bis zum Schluss in Atem. Denn in diesem überraschenden Krimi voller unerwarteter Wendungen ist niemand ohne Schuld.Auf der Bühne: Sandra Förster, Oliver FobeRegie: Karsten Engelhardt",https://kalender.karlsruhe.de/db/termine/theater/der_anruf-37
"""Musikalische Highlights""",2025-07-27T18:00:00,Evangelische Laurentiuskirche Hagsfeld,"Schäferstraße 11, 76139 Karlsruhe",49.0278169,8.4614735,"Komponisten von Bach bis GubaidulinaModeriertes KonzertHeidrun Paulus, Flöte, ModerationNaila Alvarenga Lahmann, Klavier",https://kalender.karlsruhe.de/db/termine/musik/musikalische_highlights
Science Slam @DAS FEST,2025-07-27T17:25:00,TRIANGEL Transfer | Kultur | Raum,"Kaiserstraße 93, 76133 Karlsruhe",49.0092217,8.4087317,"Anlässlich des 200-Jährigen Jubiläums des KIT präsentieren Wissenschaftlerinnen und Wissenschaftler kurz, anschaulich und mitreißend, wie Forschung die Zukunft verändert. Nur 10 Minuten haben sie Zeit, um das Publikum mit ihrem Slam zu überzeugen, wobei der Einsatz kreativer Mittel wie Performances, Visualisierungen oder Live-Experimente ausdrücklich erwünscht ist. Der Zukunftsforscher Johannes Kleske erläutert dabei, warum gute Ideen für eine bessere Zukunft so häufig scheitern und zeigt alternative Wege auf. Kathrin Viergutz findet Antworten auf die Frage, ob wir bald mit autonomen Shuttles statt Bussen unterwegs sein werden, während Andreas Schäfer den Klimawandel näher unter die Lupe nimmt. Last but not least entführt Hannah Meyer das Publikum in die Wüste und geht der Frage auf den Grund, wie Saharastaub unsere Umwelt beeinflusst, bevor das Publikum mit tosendem Applaus die Siegerin oder den Sieger des Abends kürt.Der Science Slam ist ein Projekt des Wissenschaftsbüros der Wirtschaftsförderung der Stadt Karlsruhe, des KIT und des TRIANGEL Transfer | Kultur | Raum.Weitere Informationen folgen.",https://kalender.karlsruhe.de/db/termine/wirtschaft/science_slam_das_fest
Die SONNE - unser lebendiger Stern,2025-07-27T17:00:00,PLANET KA Planetarium Karlsruhe,"Alter Schlachthof 4, 76131 Karlsruhe",49.0039151,8.4304661,"Die SONNE - unser lebendiger SternDie Sonne scheint schon seit viereinhalb Milliarden Jahren auf unsere Erde und erwärmt sie inmitten eines unbarmherzig kalten Weltraums. Sie ist unser nächster Stern und das Kraftwerk unseres Planeten, die Quelle der Energie, die Wind und Wetter und alles Leben antreibt.Der Lauf der Sonnenscheibe über den Himmel - Tag für Tag, Monat für Monat - war für unzählige frühere Zivilisationen die einzige Möglichkeit, die Zeit zu messen.Die Sonne hat es in sich: Obwohl die Sonne ein typischer Zwergstern ist, verbraucht sie jede Sekunde 600 Millionen Tonnen Wasserstoff und ist 500 Mal so massiv wie alle Planeten zusammen.Entdecken Sie die Geheimnisse unseres Sterns in dieser Planetariumsshow und erleben Sie nie zuvor gesehene Bilder der gewaltigen Oberfläche der Sonne in einem beeindruckenden Fulldome-Format und lernen Sie den wichtigsten Stern Ihres Lebens besser kennen!Dauer der Veranstaltung: ca. 60 MinutenAb 10 JahrenEinlass: jeweils ab ca. 30 Min. vor Beginn.Bitte beachten: Kein Nacheinlass möglich!Ungenutzte Tickets verfallen ersatzlos.",https://kalender.karlsruhe.de/db/termine/wirtschaft/die_sonne_unser_lebendiger_stern-20
Szenen einer Stadt. Der Karlsruher Fotograf Horst Schlesiger,2025-07-27T16:30:00,Stadtmuseum im Prinz-Max-Palais,"Karlstraße 10, 76133 Karlsruhe",49.0111857,8.3947581,"Anlässlich des 100. Geburtstags von Horst Schlesiger präsentiert das Stadtmuseum im Prinz-Max-Palais bis 26. Oktober 2025 in der Sonderausstellung ""Szenen einer Stadt. Der Karlsruher Fotograf Horst Schlesiger"" rund 300 Aufnahmen, die umfassende und vielfältige Einblicke in sein Werk ermöglichen.Bei der Führung durch die Ausstellung vermittelt Susanne Stephan-Kabierske spannende Einblicke in das Leben und Werk Horst Schlesigers.Eine Anmeldung ist nicht erforderlich, die Teilnahme an der Führung ist kostenlos bzw. im Eintrittspreis inbegriffen.Abbildung:Passanten beim Überqueren der Karlstraße an einem regnerischen Tag im
Mai, im Hintergrund die Hauptpost, 1965.© Stadtarchiv Karlsruhe, Bildarchiv Schlesiger",https://kalender.karlsruhe.de/db/termine/ausstellungen/szenen_einer_stadt_der_karlsruher_fotograf-10
"Brummi, Monza und Milano. Mopeds der Durlacher Firma Gritzner",2025-07-27T16:30:00,Pfinzgaumuseum Karlsburg Durlach,"Pfinztalstraße 9, 76227 Karlsruhe",48.9984759,8.4738226,"Die 1872 in Durlach gegründete Firma Gritzner-Kayser verkaufte ihre Nähmaschinen in über 80 Länder weltweit. Weniger bekannt ist, dass sie in den 1950er- und frühen 1960er-Jahren auch Mopeds
produzierte. Diesem Teil der Firmengeschichte Gritzner-Kaysers widmet das Pfinzgaumuseum bis 18. Januar 2026 eine Sonderausstellung.Bei der Führung begleiten Interessierte Eva Unterburg auf einen Rundgang durch die Ausstellung und erfahren Spannendes über die Firmengeschichte sowie über die Produktion und
Besonderheiten der einzelnen Mopedmodelle.Eine Anmeldung ist nicht erforderlich, die Teilnahme an der Führung ist kostenlos bzw. im Eintrittspreis
inbegriffen.Abbildung:Die Filmschauspielerinnen Isa und Jutta Günther auf dem Moped Monza von
Gritzner-Kayser, 1962.Stadtarchiv Karlsruhe 8/FA Gritzner 845",https://kalender.karlsruhe.de/db/termine/ausstellungen/brummi_monza_und_milano_mopeds_der_durlacher-2
„gute aussichten – junge deutsche fotografie 2023/2024“,2025-07-27T15:15:00,Städtische Galerie Karlsruhe,"Lorenzstraße 27, 76135 Karlsruhe",49.0003576,8.3834933,"15/02 bis 10/08/2025Die Ausstellung „gute aussichten – junge deutsche fotografie2023/2024“ spannt einen weiten Bogen von KI-basierter Bildgenerierungüber das Ineinandergreifen von Realität und Virtuellem zu Zeitenvon Sozialen Medien bis hin zu labyrinthischen Beziehungsgeflechtenzwischen Politik, Landschaft und Biografien. Neben tradierten Themen,die sich im aktualisierten Gewand präsentieren, wie beispielsweise dieSelbstbefragung von Künstler*innen, sind es speziell die medialallgegenwärtigen Themen unserer Zeit, die von den sieben jungenKunstschaffenden aufgenommen und in ihren Konfliktpotenzialendemonstrativ vor Augen geführt werden.Die Kooperation mit „gute aussichten“, dem 2004 gegründeten Ausstellungsprojektzur Förderung junger Fotograf*innen in Deutschland,präsentiert in seiner zwanzigsten Edition erstmals auch in der SGK dievon einer Fachjury prämierten Projekte.Künstler*innen: Béla Avi Beinhold, Massimiliano Corteselli, Lea Greub,Matthias Grund, Lia Meret Lehmkuhl, Denisa Poteca, Maya Vieth",https://kalender.karlsruhe.de/db/termine/ausstellungen/gute_aussichten_junge_deutsche_fotografie20232024n-30
Halsgeige und Richtschwert: Verbrechen und ihre Strafen,2025-07-27T15:00:00,Pfinzgaumuseum Karlsburg Durlach,"Pfinztalstraße 9, 76227 Karlsruhe",48.9984759,8.4738226,"Bei der Themenführung „Halsgeige und Richtschwert: Verbrechen und ihre Strafen“ durch
die Dauerausstellung des Pfinzgaumuseums führt Eva Unterburg in die spannende
Geschichte des Rechtswesens ein.Der Eintritt ist kostenlos. Eine Anmeldung ist nicht erforderlich.Außenaufnahme der Karlsburg Durlach, Foto: Stadtarchiv Karlsruhe 8/BA ONUK",https://kalender.karlsruhe.de/db/termine/ausstellungen/halsgeige_und_richtschwert_verbrechen_und_ihre_strafen-1
"Kinderwerkstatt „Sonne, Mond und gute Aussicht – Kunst unter freiem Himmel“",2025-07-27T15:00:00,Städtische Galerie Karlsruhe,"Lorenzstraße 27, 76135 Karlsruhe",49.0003576,8.3834933,,https://kalender.karlsruhe.de/db/termine/ausstellungen/kinderwerkstatt_sonne_mond_und_gute-1
Karlsruhe Kunst erfahren - Genesis von Markus Lüpertz im Untergrund,2025-07-27T15:00:00,Kubus Durlacher Tor,,,,"Es ist das größte zusammenhängende Keramik-Kunstwerk Deutschlands und schon die Entstehungsgeschichte des GENESIS-Zyklus von Malerfürst Markus Lüpertz im Karlsruher Stadtbahntunnel war spektakulär. Die unterirdische 365 Tage Galerie in Karlsruhe ist gleich aus mehreren Gründen besonders: Das Leuchtturmprojekt wurde völlig ohne öffentliche Mittel durch großzügige Spenden und Sponsoring realisiert. Die Finanzierung erfolgte durch die Begeisterung von Unternehmen und privaten Förderern durch den Initiator Anton Goll, der die Idee zum Kunstprojekt hatte und das einzigartige Kunstprojekt über sieben Jahre bis hin zur Eröffnung betreute. Dadurch konnte das Werk im Wortsinn auf die Schiene gesetzt werden – die Karlsruher „U-Bahn“ als Träger eines hochkarätigen Gesamtkunstwerkes. Mit unserer Führung erhalten Sie einen Einblick in die künstlerische Interpretation Markus Lüpertz, für den Betrachter bleibt jedoch ein großer und spannender Interpretationsspielraum.Bitte beachten:Aus Zeitgründen wird nicht an allen ""GENESIS"" - Haltestellen ausgestiegen, sondern einige Reliefs werden von der jeweils gegenüberliegenden Seite (Nord- bzw. Südseite) gezeigt und besprochen.Wichtige Info:Zur Teilnahme an der Stadtführung lösen Sie bitte vorab die notwendigen Tickets des ÖPNV (Wabe 100; Beispiel: 1 Tageskarte je nach Personenanzahl oder Einzelfahrkarten: Bitte beachten Sie hierbei, dass Sie jeweils für die Hin- und Rückfahrt ein einzelnes Ticket benötigen), da diese im Preis nicht enthalten sind. Es gelten die AGB der KTG.Achtung:Durch Wartungs- und Instandhaltungsarbeiten in der U-Bahn kann es zu kurzfristigen Sperrungen kommen, die zu einer zwingenden Terminverlegung oder -absage führen.Dauer:1,5 - 2 StundenTeilnehmer:max. 15 PersonenPreis:20 € p.P.",https://kalender.karlsruhe.de/db/termine/stadtleben/karlsruhe_kunst_erfahren_genesis_von-19
Klima Puzzle Workshop - Wir haben die Karten in der Hand,2025-07-27T14:30:00,"Kaiserstraße 47, Kulturküche","Kaiserstraße 47, 76131 Karlsruhe",49.0090696,8.412492,"DER WORKSHP:Ein Gruppenevent, das auf den Berichten 
des IPCC (Weltklimarat) basiert und die wichtigsten Infos daraus auf 42 
Spielkarten aufschlüsselt. Als Team bringt man diese Spielkarten in ihre
 Reihenfolge von Ursache und Wirkung und erkennt so den systemischen 
Charakter des Klimawandels. Unser Ansatz fördert kritisches und 
interdisziplinäres Denken, kurbelt den Teamgeist an und gibt Raum für 
einen offenen Dialog und eine lösungsorientierte Diskussion, so dass 
sowohl Profis als auch Neulinge etwas mitnehmen können. Klingt 
kompliziert – ist aber ganz einfach!DREI PHASEN:-
 NACHDENKEN (ca. 90 Minuten): in 5 Spielrunden untersucht das Team die 
42 Spielkarten auf ihre Ursache-Wirkungs-Beziehung und erstellt so 
gemeinsam das Puzzle.- KREATIVITÄT (ca. 30 Minuten): buntes Gestalten des fertigen Puzzles, um das Gelernte zu verarbeiten und sich anzueignen.-
 REFLEKTION (ca. 60 Minuten): in Dialog treten, gemeinsam reflektieren, 
Ideen austauschen und eine lösungsorientierte Diskussion führen. 
Gedanken, Motivationen und Ängste teilen und über nächste Schritte 
nachdenken.------------------------------------------------------------------------------------------------------------------------HINTERGRUND:
 Der Workshop inspiriert viele Teilnehmer*innen dazu, selbst 
Workshopleiter*innen zu werden. So entstand eine weltweite Community an 
Klima Puzzler*innen: In über 150 Ländern puzzeln wir in 45 Sprachen! Ca.
 2.100.000 Menschen Weltweit haben schon gepuzzelt! Und du?------------------------------------------------------------------------------------------------------------------------Für Erwachsene und Jugendliche ab 14 Jahren.Mindestteilnehmerzahl für den Workshop: 4 Personen.ANMELDUNG:KOSTENLOS aber VERBINDLICH, wir rechnen also mit eurem Kommen!Anmeldelink: https://association.climatefresk.org/training_sessions/5a2dcb2d-f03d-4d0d-b929-57628cee061f/show_public?language=en&tenant_token=36bd2274d3982262c0021755",https://kalender.karlsruhe.de/db/termine/wirtschaft/klima_puzzle_workshop_wir_haben_die_karten_in_der_hand-32
Der Karlsruher Hauptfriedhof - Gräber bekannter Persönlichkeiten,2025-07-27T14:00:00,Brunnen vor dem Haupteingang des Hauptfriedhofs,"Haid-und-Neu-Straße 33, 76131 Karlsruhe",49.0140985,8.4301694,"Stadtführungen einmal anders - spannend, informativ und immer überraschend! Die Führungen von stattreisen Karlsruhe 
e.V. ermöglichen neue 
Einblicke in Geschichte und Architektur, in das Alltagsleben früherer Zeiten - und in verborgene Ecken und Winkel
der Stadt, die Einheimische und Gäste der Stadt gleichermaßen faszinieren.Anmeldung und Informationen zur Teilnahmegebühr auf der Website!",https://kalender.karlsruhe.de/db/termine/stadtleben/der_karlsruher_hauptfriedhof_graber-1
Durlacher Kultursommer 2025,2025-07-27T14:00:00,Schlossgarten Durlach,"Schlossgarten Durlach,  Durlach",48.996263,8.4748438,Das Trio „Lovehunter“ spielt Rockklassiker unplugged und ihr Name ist Programm! Seit mehr als 10 Jahren sind die Jungs mit ihrer Mischung aus Rock und Blues auf heimischen Bühnen unterwegs. Benannt nach dem legendären Album präsentiert die Akustik-Band die Songs der weißen Schlange und hat auch weitere Klassiker der großen Bands einer wilden Zeit im Gepäck.,https://kalender.karlsruhe.de/db/termine/stadtleben/durlacher_kultursommer2025n-4
"Furzipups, der Knatterdrache (ab 3)",2025-07-27T14:00:00,marotte Theater,"Kaiserallee 11, 76133 Karlsruhe",49.0102313,8.3851507,"Der kleine Drache Furzipups, der zur Gattung der Knatterdrachen gehört, führt kein einfaches Leben. 
Im Gegensatz zu seinen Artgenossen gelingt ihm das Feuerspucken einfach überhaupt nicht. 
Dabei ist es sogar Pflicht für einen richtigen Drachen, dass er bei Gefahr Feuer spuckt. 
So sehr er es auch versucht, über ein paar kleine Rauchwölkchen kommt er nicht hinaus. Stattdessen kommt bei ihm immer nur ein dicker Pups..Spiel: Sebastian Kreutz   Regie: Thomas Hänsel",https://kalender.karlsruhe.de/db/termine/theater/furzipups_der_knatterdrache_ab3n-46
Auf den Spuren der Karlsruher Fußballgeschichte,2025-07-27T14:00:00,City Tour durch Karlsruhe,,,,"Diese ganz besondere Stadtführung per Rad beginnt am Carl-Friedrich-Denkmal zwischen Marktplatz und Schloß.Die ca. 2 -stündige Fahrradtour dreht sich ganz um das Thema Fußball in Karlsruhe von der Geschichte bis in die Gegenwart.Wildparkstadion, Engländerplatz sowie das ehemalige KFV Stadion an der Herzstrasse werden angefahren.Die  Teilnehmern dieser interessanten Fahrradtour erfahren viel über die ehemaligen Fußballspieler Gottfried Fuchs, Julius Hirsch, Walther Bensemann und anderen bekanntenFußballspieler, die zu der Entwicklung des Fußballs in Karlsruhe viel beigetragen haben.Auch die Dauerausstellung ""Ein Stadion schreibt Geschichte"" im angrenzenden Altersheim ""Karlsruher Weg"" ist Bestandteil der Fahrradtour.Auch für Gruppen ist diese Führung nach Absprache mit dem Veranstalter jederzeit möglich.Anmeldung erforderlich unter: Marc.Fischer@boservice.org oder Telefon: 0721/91679888 mobil: 01702935072Preise:Erwachsene: Euro 15,00Kinder und Jugendliche 6-14 Jahre: freiInternet: www.stadtfuehrungen-karlsruhe.de",https://kalender.karlsruhe.de/db/termine/stadtleben/auf_den_spuren_der_karlsruher_fuballgeschichte-25
Dinosaurier - die Geschichte des Überlebens,2025-07-27T13:30:00,PLANET KA Planetarium Karlsruhe,"Alter Schlachthof 4, 76131 Karlsruhe",49.0039151,8.4304661,"Wie fast alle Kinder ist Celeste von Dinosauriern fasziniert. Gerade bereitet sie für ihre Klasse einen Vortrag darüber vor, wie die Dinosaurier ausgestorben sind. Da stellt „Mond“, eine weise und magische Figur, eine verlockende Frage: „Was wäre, wenn ich dir sagen würde, dass es noch Dinosaurier unter uns gibt?“Celeste begibt sich mit „Mond“ auf eine Reise durch die Zeit. Dabei erleben sie ein aufregendes Abenteuer, bei dem sie die Erde sehen, wie sie in der fernen Vergangenheit war.Welche faszinierenden Veränderungen machten diese Tiere im Laufe der Jahrmillionen durch? Wie entwickelten sie sich zu riesigen Kreaturen und erschreckenden Raubtieren? Was geschah an dem Tag, an dem ein katastrophaler Einschlag eines Asteroiden ein Massenaussterben auf der Erde verursachte?Doch es ist noch nicht alles verloren. Celeste wird den Schlüssel zum Überleben der Dinosaurier entdecken...Produziert von Render AreaZur Einleitung präsentieren wir live den aktuellen Sternenhimmel über Karlsruhe.Dauer ca. 60 MinutenFür Kinder ab 7 JahrenEinlass ab ca. 30 Min. vor Beginn.Bitte beachten: Kein Nacheinlass!Ungenutzte Tickets verfallen ersatzlos.",https://kalender.karlsruhe.de/db/termine/wirtschaft/dinosaurier_die_geschichte_des_uberlebens-9
Lars - der kleine Eisbär,2025-07-27T11:30:00,PLANET KA Planetarium Karlsruhe,"Alter Schlachthof 4, 76131 Karlsruhe",49.0039151,8.4304661,"Lars - der kleine EisbärIn dem spannenden Abenteuer „Kleiner Eisbär in der Walbucht“ von Hans de Beer rettet der kleine Eisbär Lars die Wale vor den Walfängern und aus einer großen Not, in die sie durch das Abschmelzen eines Gletschers geraten sind.Anschließend erfahrt ihr, wie die Eisbären wirklich leben und was ihre Heimat bedroht.Dauer: ca. 1 Stunde. Empfohlen für Kinder von 4 bis 7 Jahren.Einlass: ab 25 Min. vor Beginn.Bitte beachten: Kein Nacheinlass! Bitte seien Sie pünktlich vor Ort.Ungenutzte Tickets verfallen ersatzlos.",https://kalender.karlsruhe.de/db/termine/literatur/lars_der_kleine_eisbar-14
Sonntagsführung mit dem Ausstellungsteam: VERSAMMELT,2025-07-27T11:00:00,Staatliches Museum für Naturkunde Karlsruhe,"Erbprinzenstraße 13, 76133 Karlsruhe",49.0069855,8.4001442,"Führung durch die Große Sonderausstellung ""Versammelt""mit Dr. Constanze HamppKosten: Ausstellungseintritt, Erwachsene zzgl. 2 €",https://kalender.karlsruhe.de/db/termine/ausstellungen/sonntagsfuhrung_mit_dem_ausstellungsteam_versammelt
"Furzipups, der Knatterdrache (ab 3)",2025-07-27T11:00:00,marotte Theater,"Kaiserallee 11, 76133 Karlsruhe",49.0102313,8.3851507,"Der kleine Drache Furzipups, der zur Gattung der Knatterdrachen gehört, führt kein einfaches Leben. 
Im Gegensatz zu seinen Artgenossen gelingt ihm das Feuerspucken einfach überhaupt nicht. 
Dabei ist es sogar Pflicht für einen richtigen Drachen, dass er bei Gefahr Feuer spuckt. 
So sehr er es auch versucht, über ein paar kleine Rauchwölkchen kommt er nicht hinaus. Stattdessen kommt bei ihm immer nur ein dicker Pups..Spiel: Sebastian Kreutz   Regie: Thomas Hänsel",https://kalender.karlsruhe.de/db/termine/theater/furzipups_der_knatterdrache_ab3n-45
Heimatstadt Karlsruhe Stadtführung,2025-07-27T11:00:00,Tourist-Information am Marktplatz,"Kaiserstraße 72-74, 76133 Karlsruhe",49.0097995,8.4041251,"Trotz seinen gerade einmal 300 Jahren blickt Karlsruhe auf eine bewegte Vergangenheit zurück. Als barocke Planstadt ein Novum seiner Zeit, hat sich die Stadt diesen Pioniergeist bis heute erhalten. Unterwegs mit unseren Stadtführern erfahren Sie alles über die Entstehung Karlsruhes und den Werdegang der Stadt zu einem wichtigen Kultur- und Innovationsstandort. Gespickt mit witzigen Anekdoten und den persönlichen Geheimtipps unserer besten Stadtkenner wird jede Führung ein besonderes Erlebnis.",https://kalender.karlsruhe.de/db/termine/stadtleben/heimatstadt_karlsruhe_stadtfuhrung-344
Trink Wasser! – Spazier-Tour zu Karlsruher Trinkbrunnen,2025-07-27T11:00:00,Tourist-Information am Marktplatz,"Kaiserstraße 72-74, 76133 Karlsruhe",49.0097995,8.4041251,"Karlsruhe ist eine wichtige ""Wasser- und Brunnenstadt"" in Deutschland. Besonders die Trinkbrunnenkultur erweist sich als vielfältig. An 36 öffentlichen Trinkbrunnen lässt sich der Durst stillen. Sie reichen von den prächtigen Denkmalbrunnen des Stadtbaumeisters Friedrich Weinbrenner über den ""Wasserschöpfenden Knaben"" vor der Kleinen Kirche bis hin zu zeitgenössischen Trinkbrunnen-Skulpturen wie dem ""Waldbrunnen"" oder dem ""Herrenbrunnen"" in der Kaiserstraße.Angesichts des Klimawandels, der immer mehr Hitzetage mit sich bringt, werden Trinkbrunnen immer wichtiger für die Stadt. Sie sind kostengünstige, gut kontrollierte und gesunde Wasserquellen, verbessern das Mikroklima und dienen als Orte des geselligen Miteinanders. Zugleich tragen sie zum Klimaschutz bei: Leitungswasser spart Plastikmüll und CO2 .Dauer:2 StundenTreffpunkt:Touristinformation am MarktplatzPreis:11,00 € pro PersonHinweis:Im Sinne der Nachhaltigkeit bitten wir Sie, Ihr eigenes Trinkgefäß mitzubringen. Es werden aber auch Trinkbecher zur Verfügung gestellt. Bezahlung direkt beim Anbieter. Es gelten die AGB/Stornobedingungen des Anbieters.",https://kalender.karlsruhe.de/db/termine/stadtleben/trink_wasser_spazier_tour_zu_karlsruher_trinkbrunnen-17
Karlsruhe Stadtführung per Rad,2025-07-27T10:00:00,City Tour durch Karlsruhe,,,,"Diese ganz besondere Stadtführung beginnt direkt an der Pyramide auf dem Marktplatz.Viele Highlights und Insidertipps werden auch Karlsruher überraschen.Die ca. 3-stündige Fahrradtour durch Karlsruhe zeigt Ihnen viele Sehenswürdigkeiten der Stadt.Sollten Sie über kein eigenes Fahrrad verfügen sprechen Sie uns gerne an.Anmeldung erforderlich unter: Marc.Fischer@boservice.org oder Telefon: 0721/91679888 mobil: 0170/2935072Mindestteilnehmeranzahl: 6 PersonenDie Tour kann auch exklusiv als Gruppenevent gebucht werden.Preise:Erwachsene: Euro 18,00Kinder bis 14 Jahre: 10,00Internet: www.stadtfuehrungen-karlsruhe.de",https://kalender.karlsruhe.de/db/termine/sportveranstaltung/karlsruhe_stadtfuhrung_per_rad-48
Aliens: Ferne Welten - fremdes Leben?,2025-07-26T21:00:00,PLANET KA Planetarium Karlsruhe,"Alter Schlachthof 4, 76131 Karlsruhe",49.0039151,8.4304661,"Wohl keine andere Frage, die wir über das Universum stellen können, beschäftigt uns so stark, und wohl keine Entdeckung hätte so große Bedeutung für unser Weltbild wie die außerirdischer Lebewesen. In den letzten Jahren haben wir unglaubliche Fortschritte gemacht. – und in unserer brandneuen Planetariumsshow sind Sie hautnah dabei!Begleiten Sie uns auf einer fantastischen Spurensuche im Kosmos. Vielleicht werden wir schon vor unserer Haustür, in unserem Sonnensystem, fündig? Landen Sie mit einer Raumsonde auf dem Mars, auf dem in ferner Vergangenheit womöglich einmal Leben entstand. Erforschen Sie den Jupitermond Europa, unter dessen dickem Eispanzer sich ein gewaltiger Ozean verbirgt!Stoßen Sie dann zu den Sternen vor, den Geschwistern der Sonne, und nehmen Sie teil an der aufregenden Jagd nach erdähnlichen Planeten! Die ersten Kandidaten für bewohnbare Planeten sind schon gefunden. Aber die fernen Welten sind fremdartig: Wie mag das Leben aussehen, das sich dort – vielleicht – entwickelt hat? Lassen wir unsere Fantasie spielen … und fragen wir uns, wie die Chancen stehen, jemals intelligente Außerirdische zu finden, mit denen wir Kontakt aufnehmen können!Eine Produktion der Planetarien Münster, Bochum, Kiel, Mannheim, Wolfsburg und Osnabrück.Empfohlen ab ca. 10 JahrenProgrammdauer ca. 60 MinutenEinlass: ab ca. 30 Min. vor BeginnBitte beachten: Kein Nacheinlass möglich!Ungenutzte Tickets verfallen ersatzlos.",https://kalender.karlsruhe.de/db/termine/wirtschaft/aliens_ferne_welten_fremdes_leben-14
Dumm g`loffe,2025-07-26T20:15:00,Badisch Bühn Mundarttheater gGmbH,"Durmersheimer Straße 6, 76185 Karlsruhe",49.007904,8.3560023,"Uraufführung der Badisch Bühn zum 100-jährigen Jubiläum des Grünwinkler BürgervereinsDer junge Fabian Grünzeh muss sich vor dem Schwurgericht verantworten. Er ist angeklagt, den Autoschrotthändler Raimund Rummelsbacher getötet zu haben. Obwohl das Opfer vor seinem unfreiwilligen Dahinscheiden noch den Namen des mutmaßlichen Täters flüstern konnte, ist die Beweislage alles andere als eindeutig. Und auch die widersprüchlichen Zeugenaussagen tragen nicht wirklich zu einem überzeugenden Gesamtbild bei.Was ist Wahrheit, was ist Lüge? Welches Urteil erwartet den Angeklagten? Und ist damit der Fall tatsächlich gelöst?Wer Antworten auf diese Fragen und dabei gut unterhalten werden will, sollte sich das neue Stück der Badisch Bühn keinesfalls entgehen lassen.",https://kalender.karlsruhe.de/db/termine/theater/dumm_gloffe-13
Der Anruf,2025-07-26T20:00:00,Das Sandkorn Theater & Mehr,"Kaiserallee 11, 76133 Karlsruhe",49.0102313,8.3851507,"In diesem hochspannenden Bühnenkrimi ist nichts so, wie es scheint!Während ihrer Nachtschicht im Computer-Callcenter erhält Mitarbeiterin Eva einen folgenreichen Anruf: Marc hat Probleme mit seinem Laptop. Eva hilft dem sympathischen Anrufer gern, und das Gespräch wird zunehmend privat: Marc lässt seinen Charme spielen, zeigt sich als aufmerksam und witzig. Die beiden flirten miteinander, tauschen Komplimente aus – ein Treffen bahnt sich an.Doch der Schein trügt: Denn Marc entpuppt sich als Evas Stalker, der beängstigend detaillierte Einblicke in ihr Privatleben genießt. Zwischen der Callcenter-Mitarbeiterin und dem Anrufer beginnt ein Katz-und-Maus-Spiel, in dessen Verlauf der Mann am Telefon immer mehr zur ernstzunehmenden Bedrohung wird. Denn auch Eva hütet ein dunkles Geheimnis …Das bedrohliche Spiel rund um Täter und Opfer hält den Zuschauer bis zum Schluss in Atem. Denn in diesem überraschenden Krimi voller unerwarteter Wendungen ist niemand ohne Schuld.Auf der Bühne: Sandra Förster, Oliver FobeRegie: Karsten Engelhardt",https://kalender.karlsruhe.de/db/termine/theater/der_anruf-36
Zeitreise - Vom Urknall zum Menschen,2025-07-26T19:00:00,PLANET KA Planetarium Karlsruhe,"Alter Schlachthof 4, 76131 Karlsruhe",49.0039151,8.4304661,"Wie war das mit dem Urknall? Woher kommen die Sterne und Planeten? Was hat sich auf der Erde abgespielt?Auf einer Zeitreise vom Beginn des Universums bis heute werden Sie Zeuge von der Geburt der ersten Sterne und der Entstehung der Milchstraße. Sie erleben gewaltige Sternexplosionen, katastrophale Kometeneinschläge auf der Ur-Erde und die Entwicklung des Lebens.Um die dabei auftretenden unvorstellbar großen Zeiträume besser zu begreifen, denken wir uns die kosmische Geschichte auf die Länge eines Jahres verkürzt. Das Universum wäre demnach am 1. Januar entstanden und ein Tag entspräche 40 Millionen Jahren in der Wirklichkeit. Das Aussterben der Dinosaurier vor 65 Millionen „realen“ Jahren fiele auf den 30. Dezember des kosmischen Jahres und unsere heutige Zeit, in der wir das Weltall mit Teleskopen erforschen, auf den 31. Dezember kurz vor Mitternacht. Kommen Sie mit auf eine Reise durch rund 14 Milliarden Jahre Weltgeschichte!Eine Produktion zehn deutscher Planetarien, unter anderem des Planetariums Mannheim, und unter Federführung des LWL-Planetariums MünsterDauer der Veranstaltung: ca. 75 MinutenFür Erwachsene und Kinder ab 10 JahrenEinlass: ab ca. 30 Min. vor Beginn.Bitte beachten: Kein Nacheinlass möglich! Bitte seien Sie pünktlich.Ungenutzte Tickets verfallen ersatzlos.",https://kalender.karlsruhe.de/db/termine/wirtschaft/zeitreise_vom_urknall_zum_menschen-8
"""Kunst"" (Zum letzten Mal)",2025-07-26T19:00:00,"Badisches Staatstheater, STUDIO","Baumeisterstraße 11, 76137 Karlsruhe",49.0048704,8.4046989,,https://kalender.karlsruhe.de/db/termine/theater/kunst_zum_letzten_mal
Durlacher Kultursommer 2025,2025-07-26T19:00:00,Schlossgarten Durlach,"Schlossgarten Durlach,  Durlach",48.996263,8.4748438,"Seit mehreren Jahren haben die drei Musiker der Band „All Of Three“ ein unterhaltsames Konzertformat entwickelt, um ihrem Publikum musikalische Hits näherzubringen. Sie spielen „Songs und ihre Geschichten“ mit Musik, Songtexten und interessanten Hintergrundgeschichten zu berühmten Klassikern aus Rock und Pop.",https://kalender.karlsruhe.de/db/termine/stadtleben/durlacher_kultursommer2025n-3
Vorhang zu! –  O sole mio,2025-07-26T19:00:00,"Badisches Staatstheater, Großes Haus","Hermann-Levi-Platz 1, 76137 Karlsruhe",49.0049938,8.4048954,,https://kalender.karlsruhe.de/db/termine/musik/vorhang_zu_o_sole_mio
"Der Sturm, mein Lieblingswetter (Zum letzten Mal in dieser Spielzeit)",2025-07-26T18:30:00,"Badisches Staatstheater, Kleines Haus","Hermann-Levi-Platz 1, 76137 Karlsruhe",49.0049938,8.4048954,,https://kalender.karlsruhe.de/db/termine/theater/der_sturm_mein_lieblingswetter_zum_letzten
SommerSerenade Bläserphilharmonie Durlach 2025,2025-07-26T18:00:00,Basler-Tor in Durlach,Basler-Tor-Straße,48.9936525,8.4679508,"Die Bläserphilharmonie Durlach lädt herzlich zurSommerSerenade 2025ein! Unter der Leitung vonPeter Wüstnerpräsentieren rund 40 Musikerinnen und Musiker ein abwechslungsreiches Open-Air-Konzert mit bekannten Melodien, sommerlichen Klängen und musikalischer Vielfalt von Klassik bis Pop.Die historische Kulisse amBasler Torund die besondere Abendstimmung schaffen eine atmosphärische Verbindung aus Kultur und Stadtgeschichte. Das Publikum darf sich auf ein unterhaltsames, niveauvolles Konzerterlebnis im Herzen Durlachs freuen.Eintritt frei – einfach vorbeikommen, zuhören und den Sommer genießen!Über Spenden für unsere Jugendarbeit freuen wir uns.",https://kalender.karlsruhe.de/db/termine/musik/sommerserenade_blaserphilharmonie_durlach2025n
Die SONNE - unser lebendiger Stern,2025-07-26T17:00:00,PLANET KA Planetarium Karlsruhe,"Alter Schlachthof 4, 76131 Karlsruhe",49.0039151,8.4304661,"Die SONNE - unser lebendiger SternDie Sonne scheint schon seit viereinhalb Milliarden Jahren auf unsere Erde und erwärmt sie inmitten eines unbarmherzig kalten Weltraums. Sie ist unser nächster Stern und das Kraftwerk unseres Planeten, die Quelle der Energie, die Wind und Wetter und alles Leben antreibt.Der Lauf der Sonnenscheibe über den Himmel - Tag für Tag, Monat für Monat - war für unzählige frühere Zivilisationen die einzige Möglichkeit, die Zeit zu messen.Die Sonne hat es in sich: Obwohl die Sonne ein typischer Zwergstern ist, verbraucht sie jede Sekunde 600 Millionen Tonnen Wasserstoff und ist 500 Mal so massiv wie alle Planeten zusammen.Entdecken Sie die Geheimnisse unseres Sterns in dieser Planetariumsshow und erleben Sie nie zuvor gesehene Bilder der gewaltigen Oberfläche der Sonne in einem beeindruckenden Fulldome-Format und lernen Sie den wichtigsten Stern Ihres Lebens besser kennen!Dauer der Veranstaltung: ca. 60 MinutenAb 10 JahrenEinlass: jeweils ab ca. 30 Min. vor Beginn.Bitte beachten: Kein Nacheinlass möglich!Ungenutzte Tickets verfallen ersatzlos.",https://kalender.karlsruhe.de/db/termine/wirtschaft/die_sonne_unser_lebendiger_stern-19
Armstrong - die abenteuerliche Reise einer Maus zum Mond,2025-07-26T15:00:00,PLANET KA Planetarium Karlsruhe,"Alter Schlachthof 4, 76131 Karlsruhe",49.0039151,8.4304661,"Eine kleine Maus begibt sich auf eine große ReiseDie kleine, wissbegierige Maus Armstrong ist fasziniert vom Weltraum, besonders vom Mond. Bei klarer Nacht beobachtet sie ihn mit ihrem kleinen Fernrohr und möchte unbedingt mehr über ihn erfahren. Die anderen Mäuse behaupten, er bestünde aus Käse – aber Armstrong glaubt nicht daran. Wie kann sie beweisen, dass der Mond – wie die Erde auch – aus Gestein besteht? Schließlich macht sie sich daran, in ihrer Dachkammer eine Rakete zu bauen, um als erste Maus zum Mond zu fliegen. Wird sie es schaffen? Und was für Abenteuer warten noch auf die mutige kleine Maus?Produktion der Stiftung Planetarium BerlinBild © Torben Kuhlmann/NordSüd VerlagDauer ca. 60 MinutenFür Kinder ab 5 JahrenEinlass ab ca. 30 Min. vor Beginn.Bitte beachten: Kein Nacheinlass!Ungenutzte Tickets verfallen ersatzlos.",https://kalender.karlsruhe.de/db/termine/literatur/armstrong_die_abenteuerliche_reise_einer_maus_zum_mond-2
Durlacher Kultursommer 2025,2025-07-26T14:00:00,Schlossgarten Durlach,"Schlossgarten Durlach,  Durlach",48.996263,8.4748438,"Die Musikakademie diapason und das KinesisTalentStudio unsere Schülerinnen und Schüler wollen hörbar machen, wie freudvoll und aufregend die Ausbildung mit dem Instrument ist. Mit Kammermusik, Solobeiträgen und dem Kammerorchester werden Geige, Bratsche und Cello erklingen. Wir freuen uns auf unser Publikum!",https://kalender.karlsruhe.de/db/termine/stadtleben/durlacher_kultursommer2025n-2
Kreativ schreiben mit KITeratur – Offenes Treffen in der Lernwerkstatt,2025-07-26T14:00:00,Badische Landesbibliothek,"Erbprinzenstraße 15, 76133 Karlsruhe",49.0077978,8.3988823,"Sie wollen endlich mit dem Schreiben anfangen, aber Ihnen fehlt der Gedankenblitz? Ihnen kommen die besten Ideen unter der Dusche, aber Sie schreiben sie selten auf? Egal, welcher Schreibtyp Sie sind: Kommen Sie bei uns vorbei!Wir sind die Kreativschreibgruppe KITeratur. Jede literarische Form und jede Person ist willkommen. Hauptsache, Sie haben Spaß am Schreiben. Alle vier Wochen experimentieren, philosophieren und erfinden wir. Bei unseren Schreibtreffen verwenden wir Methoden aus dem „Creative Writing"". Fertige Texte tragen wir auf unseren Literaturpartys öffentlich vor. Wir freuen uns auf Sie!Veranstaltungsort: Seminarraum in der Lernwerkstatt",https://kalender.karlsruhe.de/db/termine/literatur/kreativ_schreiben_mit_kiteratur_offenes-4
"Pu, der Bär (ab 4)",2025-07-26T14:00:00,marotte Theater,"Kaiserallee 11, 76133 Karlsruhe",49.0102313,8.3851507,"Im Kinderzimmer von Christopher ist was los. Hier kommt Pu, der Bär und erlebt mit seinen Freunden Ferkel, Esel I-A und Kaninchen ein Abenteuer nach dem anderen. Ein Geburtstag muss gerettet werden, Ferkel geht verloren, das gefährliche Wuschel schleicht durch den Wald und dann taucht auch noch ein ungestümer Tiger auf und stellt alles auf den Kopf. Es braucht unerschütterliche Zuversicht und einen starken Charakter, um das durchzustehen! 
Pu hat alle Pfoten voll zu tun.Spiel: Jan Mixsa    Regie: Friederike Krahl",https://kalender.karlsruhe.de/db/termine/theater/pu_der_bar_ab4n-14
Zweibeiner schauen auf Sechsbeiner,2025-07-26T14:00:00,Baggersee Grötzingen,"---, 76229 Grötzingen",49.0276202,8.4941184,"Insekten im Weingartener Moor
Exkursion ins Naturschutzgebiet Weingartener Moor und Bruchwald GrötzingenBei einem Spaziergang durch das Naturschutzgebiet Weingartener Moor und Bruchwald Grötzingen können alle Naturliebhaber und Neugierige die Vielfalt der Tierwelt aus nächster Nähe beobachten. Wir nehmen uns auch die Zeit, unsere häufigsten heimischen Insektenarten genauer unter der Lupe zu betrachten.Bitte wettergerecht (Sonnenhut und UV-Schutz) anziehen.Treffpunkt:https://what3words.com/gowns.foamed.prescribeLeitung:Dr. Eva Kemp, Biodiversitätsbotschafterin NABUKostenbeitrag:kostenlosAnmeldung erforderlich unter:eva.kemp@gmail.com",https://kalender.karlsruhe.de/db/termine/stadtleben/zweibeiner_schauen_auf_sechsbeiner
Dinosaurier - die Geschichte des Überlebens,2025-07-26T13:30:00,PLANET KA Planetarium Karlsruhe,"Alter Schlachthof 4, 76131 Karlsruhe",49.0039151,8.4304661,"Wie fast alle Kinder ist Celeste von Dinosauriern fasziniert. Gerade bereitet sie für ihre Klasse einen Vortrag darüber vor, wie die Dinosaurier ausgestorben sind. Da stellt „Mond“, eine weise und magische Figur, eine verlockende Frage: „Was wäre, wenn ich dir sagen würde, dass es noch Dinosaurier unter uns gibt?“Celeste begibt sich mit „Mond“ auf eine Reise durch die Zeit. Dabei erleben sie ein aufregendes Abenteuer, bei dem sie die Erde sehen, wie sie in der fernen Vergangenheit war.Welche faszinierenden Veränderungen machten diese Tiere im Laufe der Jahrmillionen durch? Wie entwickelten sie sich zu riesigen Kreaturen und erschreckenden Raubtieren? Was geschah an dem Tag, an dem ein katastrophaler Einschlag eines Asteroiden ein Massenaussterben auf der Erde verursachte?Doch es ist noch nicht alles verloren. Celeste wird den Schlüssel zum Überleben der Dinosaurier entdecken...Produziert von Render AreaZur Einleitung präsentieren wir live den aktuellen Sternenhimmel über Karlsruhe.Dauer ca. 60 MinutenFür Kinder ab 7 JahrenEinlass ab ca. 30 Min. vor Beginn.Bitte beachten: Kein Nacheinlass!Ungenutzte Tickets verfallen ersatzlos.",https://kalender.karlsruhe.de/db/termine/wirtschaft/dinosaurier_die_geschichte_des_uberlebens-8
Offene Pforte 2025,2025-07-26T13:00:00,Private Gärten und Höfe der Offenen Pforte,,,,"Das Anwesen liegt mitten in der Altstadt von Durlach und hatte viele
Besitzer, die dem markgräflichen Hof nahestanden. Es wurde nach dem
großen Brand von 1689 im Jahr 1704 wiederaufgebaut. Eine Durchfahrt führt in den rund 280 Quadratmeter großen Hof, dessen Gebäude früher Scheune und Ställe waren. Heute sind es Wohnungen und Gewerbeeinheiten mit Terrassen und Grünflächen vor den Eingängen. Die Mauern sind mit Weinreben und Clematis begrünt. Bäume und Sträucher wie Zierapfel, Trompetenbaum und Holunder verleihen dem Hof ein schützendes Dach. Die Stauden tragen zu einer Idylle bei, die man so im dichtbebauten Zentrum von Durlach nicht vermuten würde.Wo?Amthausstraße 22, Stadtteil: DurlachWann?Samstag, 26. Juli von 13 bis 18 UhrWer?Dietmar Glaser",https://kalender.karlsruhe.de/db/termine/stadtleben/offene_pforte2025n-22
Der Regenbogenfisch,2025-07-26T11:30:00,PLANET KA Planetarium Karlsruhe,"Alter Schlachthof 4, 76131 Karlsruhe",49.0039151,8.4304661,"Im Kinder- & Familienprogramm:Der Regenbogenfisch und seine FreundeDer Regenbogenfisch ist der schönste Fisch im weiten Ozean. Sein Schuppenkleid schimmert in allen Farben des Regenbogens: Rot, Orange, Gelb, Grün, Blau, Indigo und Violett. Eines Tages verliert er seine Glitzerschuppe. Um sie wiederzufinden, taucht ab in das tiefe Meer. Dort findet er neue Freunde, die ihm helfen, seine Glitzerschuppe wiederzubekommen.Wir laden Euch ein, gemeinsam mit dem Regenbogenfisch in die Tiefsee zu tauchen. Dabei lernt ihr, wie die Farben im Regenbogen entstehen, und wie man die Fische sogar am Sternhimmel findet..Eine Kuppelproduktion nach den Büchern von Marcus Pfister, erschienen im NordSüd-Verlag.Nach den Büchern „Der Regenbogenfisch stiftet Frieden“ und „Der Regenbogenfisch entdeckt die Tiefsee“, erschienen im NordSüd-Verlag.Dauer: ca. 1 Stunde.Empfohlen für Kinder ab 4 Jahren.Einlass ab ca. 30 Minuten vor BeginnBitte beachten: Kein Nacheinlass! Bitte seien Sie pünktlich vor Ort.Ungenutzte Tickets verfallen ersatzlos.",https://kalender.karlsruhe.de/db/termine/literatur/der_regenbogenfisch-16
soul & blues market . Herbie's Special reloaded .,2025-07-26T11:30:00,Hemingway Lounge in Karlsruhe,"Uhlandstrasse 26, 76135 Karlsruhe",49.0093234,8.3747613,"Sanfte Rock-, sowie Soul- und Bluesklassiker der 60er und 70er Jahre von gefühlvoll-balladesk bis rockig-mitreißend. Im eigenen Stil und mit viel Spielfreude präsentiert von Stefan Fischer am Klavier, die Stimmgebung mit Gesang und Mundharmonika fügt Mirco Scheidt hinzu, instrumental abgerundet durch musikalische Überraschungsgäste. Improvisationsfreudig und mit Verve dargeboten, 'unplugged and seated'. Dieses Jahr wie früher zum 'Kehraus' vor der Sommerpause und in besonderer Erinnerung an Herbert ""Herbie"" Leis, der die Musiker – noch in der Formation ""Call her sugar"" – vor Jahren entdeckte und die Gruppe zu denkwürdigen Auftritten in die Hemingway Lounge einlud. Der Eintritt ist frei, der ""Musiker-Hut"" steht für einen Obolus an die Künstler am Eingang bereit.",https://kalender.karlsruhe.de/db/termine/musik/soul_blues_market_herbies_special_reloaded
Hinterhöfe in der Weststadt,2025-07-26T11:00:00,"vor dem Geschäft ""Unser Onkel""","Nelkenstraße 17 Ecke Goethestraße, 76135 Karlsruhe",,,"Stadtführungen einmal anders - spannend, informativ und immer überraschend! Die Führungen von stattreisen Karlsruhe 
e.V. ermöglichen neue 
Einblicke in Geschichte und Architektur, in das Alltagsleben früherer Zeiten - und in verborgene Ecken und Winkel
der Stadt, die Einheimische und Gäste der Stadt gleichermaßen faszinieren.Anmeldung und Informationen zur Teilnahmegebühr auf der Website!",https://kalender.karlsruhe.de/db/termine/stadtleben/hinterhofe_in_der_weststadt-6
"Pu, der Bär (ab 4)",2025-07-26T11:00:00,marotte Theater,"Kaiserallee 11, 76133 Karlsruhe",49.0102313,8.3851507,"Im Kinderzimmer von Christopher ist was los. Hier kommt Pu, der Bär und erlebt mit seinen Freunden Ferkel, Esel I-A und Kaninchen ein Abenteuer nach dem anderen. Ein Geburtstag muss gerettet werden, Ferkel geht verloren, das gefährliche Wuschel schleicht durch den Wald und dann taucht auch noch ein ungestümer Tiger auf und stellt alles auf den Kopf. Es braucht unerschütterliche Zuversicht und einen starken Charakter, um das durchzustehen! 
Pu hat alle Pfoten voll zu tun.Spiel: Jan Mixsa    Regie: Friederike Krahl",https://kalender.karlsruhe.de/db/termine/theater/pu_der_bar_ab4n-13
Heimatstadt Karlsruhe Stadtführung,2025-07-26T11:00:00,Tourist-Information am Marktplatz,"Kaiserstraße 72-74, 76133 Karlsruhe",49.0097995,8.4041251,"Trotz seinen gerade einmal 300 Jahren blickt Karlsruhe auf eine bewegte Vergangenheit zurück. Als barocke Planstadt ein Novum seiner Zeit, hat sich die Stadt diesen Pioniergeist bis heute erhalten. Unterwegs mit unseren Stadtführern erfahren Sie alles über die Entstehung Karlsruhes und den Werdegang der Stadt zu einem wichtigen Kultur- und Innovationsstandort. Gespickt mit witzigen Anekdoten und den persönlichen Geheimtipps unserer besten Stadtkenner wird jede Führung ein besonderes Erlebnis.",https://kalender.karlsruhe.de/db/termine/stadtleben/heimatstadt_karlsruhe_stadtfuhrung-343
Exkursion: Was brummt und summt in Weinbergslagen?,2025-07-26T10:00:00,Staatliches Museum für Naturkunde Karlsruhe,"Erbprinzenstraße 13, 76133 Karlsruhe",49.0069855,8.4001442,Exkursion mit Dr. Hans-Joachim GreilerDauer: ca. 3 Std.Anmeldung online ab 18. Juni möglichTreffpunkt: Bahnhof GrötzingenTeilnahme frei,https://kalender.karlsruhe.de/db/termine/ausstellungen/exkursion_was_brummt_und_summt_in_weinbergslagen
Phantom des Universums,2025-07-25T21:00:00,PLANET KA Planetarium Karlsruhe,"Alter Schlachthof 4, 76131 Karlsruhe",49.0039151,8.4304661,"Die Dunkle Materie ist allgegenwärtig im Universum. Sie ist häufiger als die normale Materie der Sterne und Planeten, aber dennoch unsichtbar. Dass es sie geben muss, zeigen verschiedene astronomische Beobachtungen. Forscher fahnden nach diesem „Phantom des Universums“ mit aufwändigen Experimenten. Begeben Sie sich mit uns auf Spurensuche!Die Show erzählt die Geschichte von der Erforschung der Dunklen Materie, vom Urknall bis zu ihrem indirekten Nachweis im 21. Jahrhundert. Der Film zeigt die ersten Hinweise auf die Existenz der Dunklen Materie in den 1930er Jahren aus der Perspektive von Fritz Zwicky, jenem Wissenschaftler, der den Begriff „Dunkle Materie“ prägte. Er entführt die Zuschauer in die Tiefen einer ehemaligen Goldmine in South Dakota, zum empfindlichsten Dunkle-Materie-Detektor der Welt. Von dort geht es zum Large Hadron Collider, dem weltweit größten und leistungsstärksten Teilchenbeschleuniger am CERN in der Schweiz, wo ein internationales Wissenschaftler-Team zusammenarbeitet, um den Bestandteilen der Dunklen Materie auf die Spur zu kommen. Noch konnte die Dunkle Materie nicht direkt beobachtet werden, doch ihre Existenz wird heute in der Kosmologie kaum noch in Frage gestellt.Produktionsleitung CERN, Berkeley Lab, u.a.Dauer der gesamten Veranstaltung: ca. 60 MinutenEinlass: ab ca. 30 Min. vor Beginn.Bitte beachten: Kein Nacheinlass möglich!Ungenutzte Tickets verfallen ersatzlos.",https://kalender.karlsruhe.de/db/termine/wirtschaft/phantom_des_universums-16
Dumm g`loffe,2025-07-25T20:15:00,Badisch Bühn Mundarttheater gGmbH,"Durmersheimer Straße 6, 76185 Karlsruhe",49.007904,8.3560023,"Uraufführung der Badisch Bühn zum 100-jährigen Jubiläum des Grünwinkler BürgervereinsDer junge Fabian Grünzeh muss sich vor dem Schwurgericht verantworten. Er ist angeklagt, den Autoschrotthändler Raimund Rummelsbacher getötet zu haben. Obwohl das Opfer vor seinem unfreiwilligen Dahinscheiden noch den Namen des mutmaßlichen Täters flüstern konnte, ist die Beweislage alles andere als eindeutig. Und auch die widersprüchlichen Zeugenaussagen tragen nicht wirklich zu einem überzeugenden Gesamtbild bei.Was ist Wahrheit, was ist Lüge? Welches Urteil erwartet den Angeklagten? Und ist damit der Fall tatsächlich gelöst?Wer Antworten auf diese Fragen und dabei gut unterhalten werden will, sollte sich das neue Stück der Badisch Bühn keinesfalls entgehen lassen.",https://kalender.karlsruhe.de/db/termine/theater/dumm_gloffe-12
Die Dinner Party,2025-07-25T20:00:00,Jakobus-Theater im Theaterhaus Karlsruhe,"Kaiserallee 11, 76133 Karlsruhe",49.0102313,8.3851507,"Eine mysteriöses Zusammentreffen von sechs Personen bei einem eleganten Abendessen in Paris. Erst nach und nach erscheinen die Gäste, deren Gastgeber sich im Dunkel hält, und mit ihrem Eintreten werden allmählich die Verstrickungen, in denen sie sich zueinander befinden, offensichtlich.Ihnen allen ist gemeinsam, daß ihre Ehescheidung vom gleichen Rechtsanwalt durchgeführt wurden. Die Einladung geht jedoch zurück auf die scheinbar von ihrem Gatten Andre ermordete, jedoch höchst lebendig als letzte auf dieser seltsamen Party erscheinende Gabrielle. Drei Männer, drei Frauen, drei geschiedene Paare. Gabrielle ist die einzige, die ihren Mann auf jeden Fall zurück will, sie ernennt sich selbst zur Spielmacherin dieser Party, zu deren Einsatz sie für alle die geschiedenen Ehepartner erklärt, doch nur zwei der Paare gewinnen am Schluß das unfreiwillige Spiel ...Regie: Andreas Rüdenauer",https://kalender.karlsruhe.de/db/termine/theater/die_dinner_party-8
Die Comedian Harmonists (Zum letzten Mal in dieser Spielzeit),2025-07-25T20:00:00,"Badisches Staatstheater, Großes Haus","Hermann-Levi-Platz 1, 76137 Karlsruhe",49.0049938,8.4048954,,https://kalender.karlsruhe.de/db/termine/musik/die_comedian_harmonists_zum_letzten
Durlacher Kultursommer 2025,2025-07-25T20:00:00,Schlossgarten Durlach,"Schlossgarten Durlach,  Durlach",48.996263,8.4748438,"Out of the Blue(s) hat sich dem klassischen Blues-Rock verschrieben und interpretiert Klassiker von Peter Green, Gary Moore, John Mayall, Otis Rush und andere mehr. Immer mit dem Ziel, erdigen, authentischen, aber zugleich eigenständigen Blues-Rock abzuliefern. Einfach ehrliche, handgemachte und bluesig-kernige Gitarrenmusik.",https://kalender.karlsruhe.de/db/termine/stadtleben/durlacher_kultursommer2025n-1
Der Anruf,2025-07-25T20:00:00,Das Sandkorn Theater & Mehr,"Kaiserallee 11, 76133 Karlsruhe",49.0102313,8.3851507,"In diesem hochspannenden Bühnenkrimi ist nichts so, wie es scheint!Während ihrer Nachtschicht im Computer-Callcenter erhält Mitarbeiterin Eva einen folgenreichen Anruf: Marc hat Probleme mit seinem Laptop. Eva hilft dem sympathischen Anrufer gern, und das Gespräch wird zunehmend privat: Marc lässt seinen Charme spielen, zeigt sich als aufmerksam und witzig. Die beiden flirten miteinander, tauschen Komplimente aus – ein Treffen bahnt sich an.Doch der Schein trügt: Denn Marc entpuppt sich als Evas Stalker, der beängstigend detaillierte Einblicke in ihr Privatleben genießt. Zwischen der Callcenter-Mitarbeiterin und dem Anrufer beginnt ein Katz-und-Maus-Spiel, in dessen Verlauf der Mann am Telefon immer mehr zur ernstzunehmenden Bedrohung wird. Denn auch Eva hütet ein dunkles Geheimnis …Das bedrohliche Spiel rund um Täter und Opfer hält den Zuschauer bis zum Schluss in Atem. Denn in diesem überraschenden Krimi voller unerwarteter Wendungen ist niemand ohne Schuld.Auf der Bühne: Sandra Förster, Oliver FobeRegie: Karsten Engelhardt",https://kalender.karlsruhe.de/db/termine/theater/der_anruf-35
Eröffnung: Assembling Grounds,2025-07-25T19:30:00,Zentrum für Kunst und Medien ZKM,"Lorenzstraße 19, 76135 Karlsruhe",49.0012852,8.3836005,"Wie kann man den zahlreichen Krisen unserer Zeit als Gesellschaft begegnen? Und welche aktive Rolle kann die Kunst dabei spielen? Wie muss sich unsere Gesellschaft auf systemischer Ebene verändern, damit die Erde auf längere Sicht bewohnbar bleibt? Wie kann mit den traditionellen Vorstellungen von Kunst gebrochen werden, um ihre soziale Wirkung zu verstärken und neue Allianzen zwischen Kunst, Wissenschaft und Gesellschaft zu stiften?Die Ausstellung »Fellow Travellers. Kunst als Werkzeug, die Welt zu verändern« fungiert als Katalysator für diese Fragen: Als Ort des Möglichen bietet sie eine Plattform für künstlerische Projekte, die beispielhaft den Nutzen der Kunst für die Gesellschaft demonstrieren. In verschiedene Kapitel gegliedert versammelt »Fellow Travellers«Projekte dieser Art, um sie in Dialog zu bringen und einen Austausch zu ermöglichen.Im Juli 2025 eröffnet im Rahmen von »Fellow Travellers« das neue Ausstellungskapitel »Assembling Grounds. Praktiken der Koexistenz«. Dieses entwickelte sich in Indien und Sri Lanka auf Basis der ZKM-Reiseausstellung »Critical Zones. In Search of a Common Ground« (2022–24). Auf ihrer Reise brachte diese Ausstellung verschiedenste Orte, lokale Gemeinschaften und Ideen aus unterschiedlichen Kontexten zusammen. Künstler:innen, die durch lokale Netzwerke an dem Ausstellungsprojekt mitwirkten, wurden nun eingeladen, im Rahmen von »Assembling Grounds« auf die Fragestellungen von »Fellow Travellers« einzugehen.Zur Eröffnung laden wir herzlich ein!",https://kalender.karlsruhe.de/db/termine/ausstellungen/eroffnung_assembling_grounds
Zeitreise - Vom Urknall zum Menschen,2025-07-25T19:00:00,PLANET KA Planetarium Karlsruhe,"Alter Schlachthof 4, 76131 Karlsruhe",49.0039151,8.4304661,"Wie war das mit dem Urknall? Woher kommen die Sterne und Planeten? Was hat sich auf der Erde abgespielt?Auf einer Zeitreise vom Beginn des Universums bis heute werden Sie Zeuge von der Geburt der ersten Sterne und der Entstehung der Milchstraße. Sie erleben gewaltige Sternexplosionen, katastrophale Kometeneinschläge auf der Ur-Erde und die Entwicklung des Lebens.Um die dabei auftretenden unvorstellbar großen Zeiträume besser zu begreifen, denken wir uns die kosmische Geschichte auf die Länge eines Jahres verkürzt. Das Universum wäre demnach am 1. Januar entstanden und ein Tag entspräche 40 Millionen Jahren in der Wirklichkeit. Das Aussterben der Dinosaurier vor 65 Millionen „realen“ Jahren fiele auf den 30. Dezember des kosmischen Jahres und unsere heutige Zeit, in der wir das Weltall mit Teleskopen erforschen, auf den 31. Dezember kurz vor Mitternacht. Kommen Sie mit auf eine Reise durch rund 14 Milliarden Jahre Weltgeschichte!Eine Produktion zehn deutscher Planetarien, unter anderem des Planetariums Mannheim, und unter Federführung des LWL-Planetariums MünsterDauer der Veranstaltung: ca. 75 MinutenFür Erwachsene und Kinder ab 10 JahrenEinlass: ab ca. 30 Min. vor Beginn.Bitte beachten: Kein Nacheinlass möglich! Bitte seien Sie pünktlich.Ungenutzte Tickets verfallen ersatzlos.",https://kalender.karlsruhe.de/db/termine/wirtschaft/zeitreise_vom_urknall_zum_menschen-7
Die Verlorenen (Zum letzten Mal in dieser Spielzeit),2025-07-25T19:00:00,"Badisches Staatstheater, Kleines Haus","Hermann-Levi-Platz 1, 76137 Karlsruhe",49.0049938,8.4048954,,https://kalender.karlsruhe.de/db/termine/theater/die_verlorenen_zum_letzten_mal_in_dieser_spielzeit
Sightjogging-Sportlich unterwegs durch Karlsruhe,2025-07-25T18:00:00,City Tour durch Karlsruhe,,,,"Joggst du gerne?Wie wäre es dann einmal, wenn du deine Laufroute ein wenig veränderst und in einer Gruppe Gleichgesinnter vertraute und unbekannte Ecken von Karlsruhe erläufst?Erlebe eine unvergessliche Joggingtour und statt Musik auf den Ohren gibt es bei dieser Tour einiges Amüsantes, Interessantes, Anekdoten und Fakten über die Fächerstadt Karlsruhe zu erfahren.Die ca. 1,5-stündige Joggingtour durch Karlsruhe beginnt direkt auf dem Marktplatz in Karlsruhe an der Pyramide.Preise:Erwachsene: Euro 10,00InfoTel.: 0721/91679888 oder mobil 0179/2935072Internet: www.stadtfuehrungen-karlsruhe.deAnmeldung erforderlichMindestteilnehmerzahl: 6 PersonenAuch andere Termine sind jederzeit möglichBuchbar auch exklusiv als Gruppenevent",https://kalender.karlsruhe.de/db/termine/sportveranstaltung/sightjogging_sportlich_unterwegs_durch_karlsruhe-14
Karlsruhe Stadtführung per Rad,2025-07-25T17:00:00,City Tour durch Karlsruhe,,,,"Diese ganz besondere Stadtführung beginnt direkt an der Pyramide auf dem Marktplatz.Viele Highlights und Insidertipps werden auch Karlsruher überraschen.Die ca. 3-stündige Fahrradtour durch Karlsruhe zeigt Ihnen viele Sehenswürdigkeiten der Stadt.Sollten Sie über kein eigenes Fahrrad verfügen sprechen Sie uns gerne an.Anmeldung erforderlich unter: Marc.Fischer@boservice.org oder Telefon: 0721/91679888 mobil: 0170/2935072Mindestteilnehmeranzahl: 6 PersonenDie Tour kann auch exklusiv als Gruppenevent gebucht werden.Preise:Erwachsene: Euro 18,00Kinder bis 14 Jahre: 10,00Internet: www.stadtfuehrungen-karlsruhe.de",https://kalender.karlsruhe.de/db/termine/sportveranstaltung/karlsruhe_stadtfuhrung_per_rad-47
Aurora - Wunder des Nordlichts,2025-07-25T17:00:00,PLANET KA Planetarium Karlsruhe,"Alter Schlachthof 4, 76131 Karlsruhe",49.0039151,8.4304661,"Das Polarlicht gehört zu den wunderbarsten Naturerscheinungen, die man erleben kann: als Nordlicht („Aurora Borealis“) im hohen Norden und als Südlicht („Aurora Australis“) im tiefen Süden.Dem koreanischen Astrophotographen Kwon O Chul gelang es weltweit zum ersten Mal, diese Leuchterscheinung in ihren vielen Facetten aufzunehmen. In Echtzeit und 4K-Auflösung offenbart die ultra-hochempfindliche Kameratechnik die Schönheit und Vielfalt des Polarlichts – ein grandioser Tanz der Formen und Farben im „Rundum-Format“ an der Sternenkuppel des Planetariums!Originalaufnahmen von Bord der Internationalen Raumstation ISS und naturgetreue Computer-Visualisierungen bringen uns Legenden und die wissenschaftliche Untersuchung der Polarlichter näher.Eine Produktion von Kwon O ChulZur Einleitung präsentieren wir live den aktuellen Sternenhimmel über Karlsruhe.Dauer ca. 60 MinutenFür Erwachsene und Kinder ab 10 JahreEinlass: ab ca. 30 Min. vor Beginn.Bitte beachten: Kein Nacheinlass!Ungenutzte Tickets verfallen ersatzlos.",https://kalender.karlsruhe.de/db/termine/wirtschaft/aurora_wunder_des_nordlichts-5
Dammerstock - Das Bauhaus und die Idee des neuen Bauens.,2025-07-25T16:30:00,"Straßenbahnhaltestelle ""Dammerstock"" S1, S11","Ettlinger Allee, 76199 Karlsruhe",48.9893083,8.4037959,"Leicht hatte es der berühmte ""Bauhaus""-Architekt Walter Gropius mit der Siedlung ""Dammerstock"" wahrlich nicht, die er 1928 im Süden Karlsruhes nach einem avantgardistischen Konzept erbauen ließ. ""Jammerstock"" verspottete der Volksmund die ungewöhnliche Gebäudeanordnung wegen ihrer vermeintlichen Enge. Heute gilt der Bau als Vorzeige-Projekt des ""Neuen Bauens"" - damals musste er sich sogar ""Nachttopf"" - Witze gefallen lassen. Was genau es damit auf sich hat und warum die ""Dammerstock"" - Siedlung auch heute noch als attraktives Wohngebiet gilt, erfahren Sie im Rahmen einer 90-minütigen architektonischen Führung unter besonderer Berücksichtigung des ""Waschhauses"", damals das Begegnungszentrum der Siedlung.Treffpunkt:S-Bahn-Haltestelle DammerstockPreis:11 € pro PersonDauer:1,5 Stunden",https://kalender.karlsruhe.de/db/termine/stadtleben/dammerstock_das_bauhaus_und_die_idee_des_neuen_bauens-13
Eröffnung: Assembling Grounds & Phyto-Travellers,2025-07-25T16:00:00,Zentrum für Kunst und Medien (ZKM),"Lorenzstraße 19, 76135 Karlsruhe",49.0012852,8.3836005,"Im Juli 2025 eröffnet im Rahmen von »Fellow Travellers« das neue Ausstellungskapitel »Assembling Grounds. Praktiken der Koexistenz«. Dieses entwickelte sich in Indien und Sri Lanka auf Basis der ZKM-Reiseausstellung »Critical Zones. In Search of a Common Ground« (2022–24). Auf ihrer Reise brachte diese Ausstellung verschiedenste Orte, lokale Gemeinschaften und Ideen aus unterschiedlichen Kontexten zusammen. Künstler:innen, die durch lokale Netzwerke an dem Ausstellungsprojekt mitwirkten, wurden nun eingeladen, im Rahmen von »Assembling Grounds« auf die Fragestellungen von »Fellow Travellers« einzugehen.Mit »Phyto-Travellers« wird außerdem eine Installation der Künstlerin Eva-Maria Lopez eröffnet, die für den ZKM | Kubus Subraum neu konzipiert wurde. Die Arbeit stellt die kulturelle Aneignung und Domestizierung von Pflanzen aus anderen Weltregionen und Kulturkreisen in den Mittelpunkt.Zur Eröffnung laden wir herzlich ein!Eröffnungsprogramm auf der Webseite.",https://kalender.karlsruhe.de/db/termine/ausstellungen/eroffnung_assembling_grounds_phyto_travellers
„Update! Die Sammlung neu sichten – Szenenwechsel 3“,2025-07-25T16:00:00,Städtische Galerie Karlsruhe,"Lorenzstraße 27, 76135 Karlsruhe",49.0003576,8.3834933,,https://kalender.karlsruhe.de/db/termine/ausstellungen/update_die_sammlung_neu_sichten_szenenwechsel3n-4
Abenteuer zwischen Buchseiten Kuratorin Christina Korzen liest Euch vor!,2025-07-25T16:00:00,Städtische Galerie Karlsruhe,"Lorenzstraße 27, 76135 Karlsruhe",49.0003576,8.3834933,"Das Team der SGK liest Euch vor!Im Rahmen der Vorlesereihe für Kinder ab 4 Jahren kann inmittenvon Kunst vielen spannenden Geschichten gelauscht werden.Parallel findet eine Führung für Erwachsene durch die SonderoderSammlungsausstellung statt.Termine, jeweils 16 Uhr:—> 25/07/2025 mit Kuratorin Christina Korzen—> 29/08/2025 mit Kuratorin Flora SeifriedÜbrigens: immer freitags ab 14 Uhr ist der Eintritt in die SGK frei!",https://kalender.karlsruhe.de/db/termine/ausstellungen/abenteuer_zwischen_buchseiten_kuratorin
VORLESEZEIT in Neureut,2025-07-25T16:00:00,Stadtbibliothek Karlsruhe - Stadtteilbibliothek Neureut,"Rubensstraße 21, 76149 Karlsruhe",49.0446178,8.3830479,In der Bibliothek wird jeden Freitag um 16 Uhr vorgelesen.Für Kinder ab 3 Jahren.Zielgruppe:ab 5 JahrenAnmeldung:unter Tel. 0721 7818976Eintritt:kostenfreiOrt: Stadtteilbibliothek NeureutIllustration: AdobeStock - GoodStudio,https://kalender.karlsruhe.de/db/termine/literatur/vorlesezeit_in_neureut-21
Dinosaurier - die Geschichte des Überlebens,2025-07-25T15:00:00,PLANET KA Planetarium Karlsruhe,"Alter Schlachthof 4, 76131 Karlsruhe",49.0039151,8.4304661,"Wie fast alle Kinder ist Celeste von Dinosauriern fasziniert. Gerade bereitet sie für ihre Klasse einen Vortrag darüber vor, wie die Dinosaurier ausgestorben sind. Da stellt „Mond“, eine weise und magische Figur, eine verlockende Frage: „Was wäre, wenn ich dir sagen würde, dass es noch Dinosaurier unter uns gibt?“Celeste begibt sich mit „Mond“ auf eine Reise durch die Zeit. Dabei erleben sie ein aufregendes Abenteuer, bei dem sie die Erde sehen, wie sie in der fernen Vergangenheit war.Welche faszinierenden Veränderungen machten diese Tiere im Laufe der Jahrmillionen durch? Wie entwickelten sie sich zu riesigen Kreaturen und erschreckenden Raubtieren? Was geschah an dem Tag, an dem ein katastrophaler Einschlag eines Asteroiden ein Massenaussterben auf der Erde verursachte?Doch es ist noch nicht alles verloren. Celeste wird den Schlüssel zum Überleben der Dinosaurier entdecken...Produziert von Render AreaZur Einleitung präsentieren wir live den aktuellen Sternenhimmel über Karlsruhe.Dauer ca. 60 MinutenFür Kinder ab 7 JahrenEinlass ab ca. 30 Min. vor Beginn.Bitte beachten: Kein Nacheinlass!Ungenutzte Tickets verfallen ersatzlos.",https://kalender.karlsruhe.de/db/termine/wirtschaft/dinosaurier_die_geschichte_des_uberlebens-7
Hinterhofidylle in Durlach,2025-07-25T15:00:00,Denkmal vor Friedrich-Realschule,"Pfinztalstraße 78, 76227 Karlsruhe",48.9999017,8.4694394,"Stadtführungen einmal anders - spannend, informativ und immer überraschend! Die Führungen von stattreisen Karlsruhe 
e.V. ermöglichen neue 
Einblicke in Geschichte und Architektur, in das Alltagsleben früherer Zeiten - und in verborgene Ecken und Winkel
der Stadt, die Einheimische und Gäste der Stadt gleichermaßen faszinieren.Anmeldung und Informationen zur Teilnahmegebühr auf der Website!",https://kalender.karlsruhe.de/db/termine/stadtleben/hinterhofidylle_in_durlach-12
"„Mit Kindern Ansehen"" – interkultureller Museumsnachmittag für Eltern und Kinder (3–12 Jahre) mit Eva Wittig",2025-07-25T15:00:00,Städtische Galerie Karlsruhe,"Lorenzstraße 27, 76135 Karlsruhe",49.0003576,8.3834933,,https://kalender.karlsruhe.de/db/termine/ausstellungen/mit_kindern_ansehen_interkultureller-14
Stadtführung für Senioren,2025-07-25T15:00:00,City Tour durch Karlsruhe,,,,"Die Firma BOService Karlsruhe bietet ab sofort jeden Freitag in Karlsruhe eine neue Stadtführung speziell für Senioren an:Diese  neue konzipierte Stadtführung kombiniert die Schwerpunkte unserer Stadtführungen mit den besonderen Ansprüchen von Seniorinnen und Senioren.Sie ist besonders geeignet für Ältere, die nicht mehr so schnell vorwärts kommen, aber trotzdem neugierig sind auf eine spannende und kurzweilige Stadtführung durch die Fächerstadt Karlsruhe.Bei dieser Stadtführung nehmen unsere Stadtführerinnen und Stadtführer besondere Rücksicht auf die Bedürfnisse der älteren Gäste. Während des Rundgangs gibt es immer wieder mal Sitzgelegenheiten  sowie die Möglichkeit für längere Verschnaufpausen.Die Führung  beginnt direkt auf dem Marktplatz in Karlsruhe an der Pyramide.Die Führung kann zu Fuß oder mit der Tram Linie 2 durchgeführt werden.Nach ca. 2  Stunden erreichen wir wieder unseren Ausgangspunkt Marktplatz Karlsruhe.Auch andere zusätzliche Termine sind jederzeit nach Rücksprache mit dem Veranstalter möglich.Preise:Erwachsene: Euro 10,00Begleitperson: freiInfoTel.: 0721/91679888Internet: www.stadtfuehrungen-karlsruhe.deAnmeldung erforerlich",https://kalender.karlsruhe.de/db/termine/stadtleben/stadtfuhrung_fur_senioren-35
Eröffnung Jubi Sommer Club,2025-07-25T14:00:00,Schlossgarten  Karlsruhe,Schloss,49.0046989,8.4265574,"Besucht unseren Bücherblitz im Schlossgarten und holt euch euren JSC-Lesepass 2025 ab.Zielgruppe:KinderAnmeldung:ohne AnmeldungEintritt:kostenfreiOrt:Spielplatz am FasanengartenFoto: AdobeStock - BUDDEE, lina vector, Hannah Syvak, Marivolkoff, PayPau, girafchik",https://kalender.karlsruhe.de/db/termine/literatur/eroffnung_jubi_sommer_club-1
Eröffnung Jubi Sommer Club,2025-07-25T14:00:00,Schlossgarten  Karlsruhe,Schloss,49.0046989,8.4265574,"Besucht unseren Bücherblitz im Schlossgarten und holt euch euren JSC-Lesepass 2025 ab.Zielgruppe:KinderAnmeldung:ohne AnmeldungEintritt:kostenfreiOrt:Spielplatz am FasanengartenFoto: AdobeStock - BUDDEE, lina vector, Hannah Syvak, Marivolkoff, PayPau, girafchik",https://kalender.karlsruhe.de/db/termine/literatur/eroffnung_jubi_sommer_club
Kammerkonzert,2025-07-25T12:15:00,Kleine Kirche Karlsruhe,"Kaiserstraße 131 nähe Marktplatz,  Karlsruhe",,,"Seongchang Lee,Fagott, sowieWooRim LeeundEunhye Jung,Klavier, interpretieren Werke für Fagott und Klavier von FranzBerwaldund CamilleSaint-Saëns, die Sonate Es-Dur, Hob XVI:49 von JosephHaydnund die Fantasie f-Moll D.940 für Klavier zu vier Händen von FranzSchubert.",https://kalender.karlsruhe.de/db/termine/musik/kammerkonzert-1
Offener Mittagsimbiss für alle,2025-07-25T12:00:00,Hardtwaldzentrum,"Kanalweg 40/42, 76149 Karlsruhe",49.0305562,8.3930973,"Zu unserem monatlichen Mittagsimbiss laden wir alle ein, die Lust auf Austausch und Gemeinschaft haben.Wer bei der Vorbereitung helfen möchte, kann gerne ab 10 Uhr kommen.Wir bereiten zusammen ein einfaches vegetarisches Gericht zu: Diesmal gibt es Spaghetti mit selbstgemachtem Pesto.Das Angebot ist kostenlos.Gerne weitersagen!Der Offene Mittagsimbiss findet im Raum ""Offener Treff"" im Untergeschoss des Hardtwaldzentrums statt.Eine Anmeldung ist nicht notwendig. Falls Essen übrigbleibt, kann gerne etwas mit nach Hause genommen werden (Behälter mitbringen).Der Treffpunkt Hardtwaldzentrum ist ein Angebot des Seniorennetzwerks und des Startpunkt Elterncafés. Es finden regelmäßige Treffen sowie besondere Veranstaltungen statt. Alle zwischen 0 und 104 sind herzlich dazu eingeladen.Die Angebote werden gefördert durch die Stadt Karlsruhe.Das Hardtwaldzentrum ist barrierefrei, barrierefreie Toiletten sind vorhanden.Weitere Informationen:Susanne Butz, Servicestelle für ehrenamtliches und soziales EngagementTel. 0721 91230-34, E-Mail gfd@paritaet-ka.de",https://kalender.karlsruhe.de/db/termine/stadtleben/offener_mittagsimbiss_fur_alle-1
INDIA SUMMER DAYS Karlsruhe 2025,2025-07-27T11:00:00,Günther-Klotz-Anlage,Günther-Klotz-Anlage,48.9990368,8.3729693,"Neben einem mehrtägigen Bühnenprogramm mit Tanz, Live-Musik und Show haben Besucherinnen und Besucher in Karlsruhe die Möglichkeit, auch selbst einzutauchen in die indische Kultur, unter anderem beim Programm im indischen Dorf wie auch mit kostenlosen Yoga-Angeboten.Das vollständige Programm finden Sie unterindiasummerdays.deFoto: KME Karlsruhe Marketing und Event GmbH | Gustai/Pixelgruen",https://kalender.karlsruhe.de/db/termine/theater/india_summer_days_karlsruhe2025n
Mindful Morning Walk - Zeit für Dich.,2025-07-25T08:00:00,Schlosscafé Karlsruhe,,49.0136284,8.4049791,"Der Mindful Morning Walk im Karlsruher Stadtgarten bringt Dich zurück zu Dir und schenkt Dir innere Ruhe und Gelassenheit. Wir üben Atemmeditationen, spüren unsere Körper und nehmen unsere Umgebung achtsam wahr.Wir erleben Schritt für Schritt, wie wir ruhiger und freudiger in den Arbeitstag starten.Komm mit auf einen Spaziergang zu Dir selbst!Treffpunkt:Schlosscafé KarlsruhePreis:15 € pro PersonDauer:1 Stunde",https://kalender.karlsruhe.de/db/termine/stadtleben/mindful_morning_walk_zeit_fur_dich-18
Zeitreise - Vom Urknall zum Menschen,2025-07-24T21:00:00,PLANET KA Planetarium Karlsruhe,"Alter Schlachthof 4, 76131 Karlsruhe",49.0039151,8.4304661,"Wie war das mit dem Urknall? Woher kommen die Sterne und Planeten? Was hat sich auf der Erde abgespielt?Auf einer Zeitreise vom Beginn des Universums bis heute werden Sie Zeuge von der Geburt der ersten Sterne und der Entstehung der Milchstraße. Sie erleben gewaltige Sternexplosionen, katastrophale Kometeneinschläge auf der Ur-Erde und die Entwicklung des Lebens.Um die dabei auftretenden unvorstellbar großen Zeiträume besser zu begreifen, denken wir uns die kosmische Geschichte auf die Länge eines Jahres verkürzt. Das Universum wäre demnach am 1. Januar entstanden und ein Tag entspräche 40 Millionen Jahren in der Wirklichkeit. Das Aussterben der Dinosaurier vor 65 Millionen „realen“ Jahren fiele auf den 30. Dezember des kosmischen Jahres und unsere heutige Zeit, in der wir das Weltall mit Teleskopen erforschen, auf den 31. Dezember kurz vor Mitternacht. Kommen Sie mit auf eine Reise durch rund 14 Milliarden Jahre Weltgeschichte!Eine Produktion zehn deutscher Planetarien, unter anderem des Planetariums Mannheim, und unter Federführung des LWL-Planetariums MünsterDauer der Veranstaltung: ca. 75 MinutenFür Erwachsene und Kinder ab 10 JahrenEinlass: ab ca. 30 Min. vor Beginn.Bitte beachten: Kein Nacheinlass möglich! Bitte seien Sie pünktlich.Ungenutzte Tickets verfallen ersatzlos.",https://kalender.karlsruhe.de/db/termine/wirtschaft/zeitreise_vom_urknall_zum_menschen-9
Die Dinner Party,2025-07-24T20:00:00,Jakobus-Theater im Theaterhaus Karlsruhe,"Kaiserallee 11, 76133 Karlsruhe",49.0102313,8.3851507,"Eine mysteriöses Zusammentreffen von sechs Personen bei einem eleganten Abendessen in Paris. Erst nach und nach erscheinen die Gäste, deren Gastgeber sich im Dunkel hält, und mit ihrem Eintreten werden allmählich die Verstrickungen, in denen sie sich zueinander befinden, offensichtlich.Ihnen allen ist gemeinsam, daß ihre Ehescheidung vom gleichen Rechtsanwalt durchgeführt wurden. Die Einladung geht jedoch zurück auf die scheinbar von ihrem Gatten Andre ermordete, jedoch höchst lebendig als letzte auf dieser seltsamen Party erscheinende Gabrielle. Drei Männer, drei Frauen, drei geschiedene Paare. Gabrielle ist die einzige, die ihren Mann auf jeden Fall zurück will, sie ernennt sich selbst zur Spielmacherin dieser Party, zu deren Einsatz sie für alle die geschiedenen Ehepartner erklärt, doch nur zwei der Paare gewinnen am Schluß das unfreiwillige Spiel ...Regie: Andreas Rüdenauer",https://kalender.karlsruhe.de/db/termine/theater/die_dinner_party-7
Gitarrenkonzert,2025-07-24T19:30:00,Punkt 21,"Stephanienstraße 21, 76133 Karlsruhe",49.0120815,8.3962382,"Gitarren-Solo-Konzert von Antonio Malinconico.Antonio Malinconico 
ist klassische Gitarrenleidenschaft pur. Und das, seit er fünf Jahre alt
 ist. Gut zwei Jahrzehnte ist Malinconico unterwegs, spielt seine Musik 
in eleganten Konzertsälen, gemütlichen Cafés und verrauchten 
Jazzkellern, begeistert die Menschen u. a. in der Schweiz, in 
Deutschland, Italien, Türkei, Argentinien und Japan.Bei seinen Reisen nach Mittel- und Südamerika und in den nahen Osten fand er bestätigt, was er schon während des Studiums vermutet hat: 
Virtuosität ist ok, aber nicht mehr. Was der Musik Flügel und Tiefe 
verleiht, ist der Klang. Und zwar jener, in dem sich Hingabe, Liebe und 
Leidenschaft spiegeln. Dieser Klang durchdringt Antonio Malinconicos 
Musik, verleiht ihr Intensität und Wärme. Ihn möchte er weiterentwickeln
 und vertiefen, bis an sein Lebensende.Das Konzert findet auf Spendenbasis statt, daher keine Reservierung & kein Vorverkauf.",https://kalender.karlsruhe.de/db/termine/musik/gitarrenkonzert-2
BarJazz live,2025-07-24T19:30:00,Hemingway Lounge in Karlsruhe,"Uhlandstrasse 26, 76135 Karlsruhe",49.0093234,8.3747613,"Dieser BarJazz live am
Donnerstagabend ist ein außergewöhnlicher, geprägt durch den für unsere
mitteleuropäischen Ohren exotischen Klang, dem einzigartigen Sound der Guqin, der
antiken Zither, die im Zusammenspiel mit dem Klavier eine bisweilen wunderbar
bluesige Note hervorzubringen weiß. Seit mehr als 30 Jahren in der Jazz- und
Weltmusikszene (ebenso wie auch in Ettlingen) beheimatet, komponiert der
Pianist und Organist Rainer Granzin längst nicht nur für Theater, Film oder
Bands. Auch kammermusikalische und orchestrale Besetzungen gehören inzwischen
zu seinen Werken. Seine Expertise haben ihm als innovativen Künstler nicht nur
eine Gastprofessur in China, sondern auch einen längeren Aufenthalt als „Artist
in Residence“ in Fernost beschert. Cheng Hongyu ist eine in Deutschland und
China lebende Guqin-Spielerin, Gast-Professorin an der Southwest University von
Chongqing (China) sowie „Artist in Residence“ in Dongbuzhou. Sie pflegt
einerseits die klassische chinesische Musiktradition mit dem historischen
Instrument, hat sich aber in China ebenso einen Namen als Künstlerin zwischen
den Kulturen und",https://kalender.karlsruhe.de/db/termine/musik/barjazz_live-8
"Die Wut, die bleibt (Zum letzten Mal in dieser Spielzeit)",2025-07-24T19:30:00,"Badisches Staatstheater, Kleines Haus","Hermann-Levi-Platz 1, 76137 Karlsruhe",49.0049938,8.4048954,,https://kalender.karlsruhe.de/db/termine/theater/die_wut_die_bleibt_zum_letzten_mal_in_dieser_spielzeit
Von der Erde zum Universum,2025-07-24T19:00:00,PLANET KA Planetarium Karlsruhe,"Alter Schlachthof 4, 76131 Karlsruhe",49.0039151,8.4304661,"Der Nachthimmel, wunderschön und mysteriös zugleich, stand schon zu Anbeginn der Menschheit im Mittelpunkt von Lagerfeuergeschichten und alten Mythen. Der Wunsch, das Universum zu verstehen, ist vielleicht das älteste gemeinsame intellektuelle Bestreben der Menschen. Doch erst vor Kurzem haben wir begonnen unseren Platz im Kosmos zu verstehen. In Von der Erde zum Universum laden wir Sie ein, an der Entdeckungsreise des Himmels teilzunehmen. Sie beginnt bei den Theorien der alten griechischen Astronomen und führt bis zu den riesigen Teleskopen der Gegenwart. Diese Reise durch Raum und Zeit zeigt uns mit faszinierenden Bildern und Soundeffekten das Universum, wie die Wissenschaft es uns seit Erfindung des Teleskops zugänglich gemacht hat.Regie führte der junge griechische Regisseur Theofanis N. Matsopoulos, der mitreißende Soundtrack stammt vom norwegischen Komponisten Johan B. Monell.Matsopoulos beschreibt den Film als „eine farbenprächtige und inspirierende Reise, deren Bilder beeindrucken und für sich selbst sprechen, da sie den Ehrgeiz der Menschheit widerspiegeln, der uns bei der Beobachtung und dem Verständnis des Universums so weit gebracht hat.“Die deutsche Version von Von der Erde zum Universum wurde vom Planetarium Hamburg produziert. Thomas W. Kraupe übersetzte das Skript und Regina Lemnitz ist die Sprecherin, aufgenommen am Primetime Studio in Hamburg.Dauer der Veranstaltung: ca. 60 MinutenGeeignet auch für Kinder ab ca. 10 Jahren und JugendlicheEinlass: ca. 30 Min. vor Beginn.Bitte beachten: Kein Nacheinlass möglich!Ungenutzte Tickets verfallen ersatzlos.",https://kalender.karlsruhe.de/db/termine/wirtschaft/von_der_erde_zum_universum-8
WORKSHOP-LESUNG: Judence Kayitesi „Die Suche nach der Einheit“,2025-07-24T19:00:00,Stadtbibliothek Karlsruhe - Stadtbibliothek im Neuen Ständehaus,"Ständehausstraße 2, 76133 Karlsruhe",49.0089211,8.4003588,"Wie kann es überhaupt zu einem Genozid kommen? Warum und wie entsteht Ab- und Ausgrenzung? Judence Kayitesi gibt einen Einblick in ihr neues Buch ""Die Suche nach der Einheit"" , welches als Arbeitsbuch für Jugendliche und junge Erwachsene geschrieben ist.Anhand ihrer eigenen Biographie und somit dem Genozid an den Tutsi in Rwanda 1994 gibt die Autorin einen Einblick in die Mechanismen, die hinter einer Entwicklung hin zum Genozid stehen und lädt zur Reflektion sowie zum Austausch ein.Zielgruppe:Lehrkräfte und alle InteressiertenAnmeldung:ohne AnmeldungEintritt:kostenfreiOrt:Stadtteilbibliothek im Neuen Ständehaus, Lesecafé im EGFoto: Buchcover ""Die Suche nach der Einheit"", Foto: Judence Kayitesi",https://kalender.karlsruhe.de/db/termine/literatur/workshop_lesung_judence_kayitesi_die
Durlacher Kultursommer 2025,2025-07-24T19:00:00,Schlossgarten Durlach,"Schlossgarten Durlach,  Durlach",48.996263,8.4748438,"STUPID LOVERS & FRIENDS (Karlsruhe, Zürich) sind die Rosinen im Kuchen der Impro-Comedy. Seit vielen Jahren machen sie die Bühnen in Deutschland und der Schweiz unsicher und das Publikum glücklich mit einer Mischung aus rasanter Comedy, Situationskomik und kultiviertem Missverständnis. Impro-Comedy mit einem Schuss Chaos und einer Prise Weisheit.",https://kalender.karlsruhe.de/db/termine/stadtleben/durlacher_kultursommer2025n
Liederabend,2025-07-24T18:30:00,FächerResidenz,"Rhode-Island-Allee 4, 76149 Karlsruhe",49.0202207,8.386806,"Der BaritonHikaru Haradaund die PianistinMaho Shibutaniinterpretieren Lieder von GustavMahler, HugoWolfund von FranzSchubertdarunter 8 Lieder aus dessen Schwanengesang.",https://kalender.karlsruhe.de/db/termine/musik/liederabend
Kann Wasserstoff unsere Heizzukunft sein?,2025-07-24T18:00:00,Online Veranstaltung,,,,"Energieberater Dr. Bernd Gewiese wirft einen Blick in die 
Energiezukunft: Ist es wirklich realistisch, das eigene Zuhause mit 
Wasserstoff zu heizen?(Bild: (c) Monster Ztudio / Shutterstock)",https://kalender.karlsruhe.de/db/termine/literatur/kann_wasserstoff_unsere_heizzukunft_sein-1
Painting for Money?,2025-07-24T18:00:00,Generallandesarchiv Karlsruhe,"Nördliche Hildapromenade 3, 76133 Karlsruhe",49.0132691,8.3827681,"Vortrag von Prof. Dr. Oliver Jehle, Institut für Kunst- und Baugeschichte des KIT, im Rahmen der GLa-Ausstellung art&marketDer Karlsruher Kunsthistoriker Oliver Jehle wirft einen faszinierenden Blick auf den Kunsthandel in der schillerndsten Metropole des 18. Jahr-hunderts, London. Der Kenner der britischen Kunstgeschichte spricht in seinem Vortrag am 24. Juli um 18 Uhr über den Kunstmarkt der Hauptstadt des britischen Weltreichs im Rahmen der GLA-Ausstellungart&market – die Truchsessen-Galerie in London und der englische Kunstmarkt um 1800.Wie lässt sich das britische Abenteuer des Kunstsammlers Graf Joseph Truchsess von Waldburg-Zeil-Wurzach historisch einordnen? In welcher künstlerischen Welt bewegte er sich und welchen ökonomischen Zwängen war er dabei unterworfen? In der Tat war London die Hauptstadt des 18. Jahrhunderts: Vergnügungsindustrie, Theater, Ausstellungen und schließlich ein blühender Kunsthandel machten aus der Metropole an der Themse einen internationalen Hot Spot. Wie gestaltete sich hier der Kunsthandel? Welche Künstler und Sammler, Mäzene und Agenten woben an einem dichten Netz aus ökonomischen Überlegungen und ästhetischem Interesse? Welche Institutionen bildeten sich heraus, welche Händler erwiesen sich als erfolgreich? Mit dem Blick auf die bekannten Auktionshäuser Sotheby’s oder Christies’s stellt sich der ausgewiesene Experte für britische Kunstgeschichte Prof. Jehle vom KIT in seinem Vortrag die spannende Frage: „Painting (only) for money?“Thomas Rowlandson u.a.: Christie’s Auction Room, 1808; mit freundlicher Genehmigung des Metropolitan Museum New YorkProf. Dr. Oliver Jehlestudierte Kunstgeschichte, Mittelalterliche Geschichte, Neuere Deutsche Literaturwissenschaft und Philosophie an den Universitäten von Freiburg, Basel und London. Nach Stationen in Berlin, Bamberg und Regensburg wurde er 2015 auf den Lehrstuhl für Kunstgeschichte am KIT in Karlsruhe berufen. Seine Forschungsschwerpunkte liegen in der Kunst und Kunstgeschichte Britanniens und Irlands, der visuellen Kultur der Frühen Neuzeit und in den Künsten der europäischen Avantgarde um 1900.Vor dem Vortrag findet um 17 Uhr eine Kuratorenführung mit Nikolas Maisch M.A. durch die Ausstellung art&market statt. Die Präsentation ist bei der KAMUNA 2025 und bis 28. September im Generallandesarchiv zu sehen.",https://kalender.karlsruhe.de/db/termine/literatur/painting_for_money
Dinosaurier - die Geschichte des Überlebens,2025-07-24T17:00:00,PLANET KA Planetarium Karlsruhe,"Alter Schlachthof 4, 76131 Karlsruhe",49.0039151,8.4304661,"Wie fast alle Kinder ist Celeste von Dinosauriern fasziniert. Gerade bereitet sie für ihre Klasse einen Vortrag darüber vor, wie die Dinosaurier ausgestorben sind. Da stellt „Mond“, eine weise und magische Figur, eine verlockende Frage: „Was wäre, wenn ich dir sagen würde, dass es noch Dinosaurier unter uns gibt?“Celeste begibt sich mit „Mond“ auf eine Reise durch die Zeit. Dabei erleben sie ein aufregendes Abenteuer, bei dem sie die Erde sehen, wie sie in der fernen Vergangenheit war.Welche faszinierenden Veränderungen machten diese Tiere im Laufe der Jahrmillionen durch? Wie entwickelten sie sich zu riesigen Kreaturen und erschreckenden Raubtieren? Was geschah an dem Tag, an dem ein katastrophaler Einschlag eines Asteroiden ein Massenaussterben auf der Erde verursachte?Doch es ist noch nicht alles verloren. Celeste wird den Schlüssel zum Überleben der Dinosaurier entdecken...Produziert von Render AreaZur Einleitung präsentieren wir live den aktuellen Sternenhimmel über Karlsruhe.Dauer ca. 60 MinutenFür Kinder ab 7 JahrenEinlass ab ca. 30 Min. vor Beginn.Bitte beachten: Kein Nacheinlass!Ungenutzte Tickets verfallen ersatzlos.",https://kalender.karlsruhe.de/db/termine/wirtschaft/dinosaurier_die_geschichte_des_uberlebens-6
Wissen in Bildern –  die bunte Welt der Sammelalben,2025-07-24T17:00:00,Badische Landesbibliothek,"Erbprinzenstraße 15, 76133 Karlsruhe",49.0077978,8.3988823,"Wir klappen die Deckel der Vitrinen hoch 
und schauen uns die Sammelalben gemeinsam an. 
Ihre Interessen bestimmen, wofür wir uns Zeit nehmen!Treffpunkt: Ausstellungsraum der BLB",https://kalender.karlsruhe.de/db/termine/ausstellungen/wissen_in_bildern_die_bunte_welt_der_sammelalben-8
Kunst nach Feierabend „Lea Gocht. anhedonia II“,2025-07-24T17:00:00,Städtische Galerie Karlsruhe,"Lorenzstraße 27, 76135 Karlsruhe",49.0003576,8.3834933,"Kurzführung durch die Sonderausstellungen oderSammlungspräsentation donnerstags um 17 Uhr.? Dauer: 30 min, Kosten: frei (zzgl. Eintritt)",https://kalender.karlsruhe.de/db/termine/ausstellungen/kunst_nach_feierabend_lea_gocht_anhedonia_ii
Onleihe Sprechstunde,2025-07-24T17:00:00,Stadtbibliothek Karlsruhe - Stadtbibliothek im Neuen Ständehaus,"Ständehausstraße 2, 76133 Karlsruhe",49.0089211,8.4003588,"Die kostenlose Sprech­stunde richtet sich an alle Inter­es­sier­ten mitindivi­du­el­len Fragen rund um die digitale Bibliothek ""Onleihe"". Fachleute der Stadt­bi­blio­thek beant­wor­ten Fragen und zeigen die Handhabung an entspre­chen­den Lesege­rä­ten (E-Book-Reader oder Tablets). Es dürfen gerne eigene Geräte mitge­bracht werden. Eine Anmeldung ist nicht erfor­der­lich.Zielgruppe:Onleihe Nutzer*innenAnmeldung:ohne AnmeldungEintritt:kostenfreiOrt:Stadtbibliothek im Neuen Ständehaus, Infotheke im 2. OG",https://kalender.karlsruhe.de/db/termine/literatur/onleihe_sprechstunde-87
"VORTRAG: ""Sturzprävention im Alter – Sicher durch den Alltag""",2025-07-24T16:30:00,Stadtbibliothek Karlsruhe - Stadtbibliothek im Neuen Ständehaus,"Ständehausstraße 2, 76133 Karlsruhe",49.0089211,8.4003588,"Ein Sturz kann im Alter oft schwerwiegende Folgen haben – von körperlichen Verletzungen bis hin zu einem Verlust an Lebensqualität. Doch viele Stürze lassen sich durch gezielte Maßnahmen verhindern.In diesem Vortrag erfahren Sie, welche Ursachen hinter Stürzen im Alter stecken, welche Übungen Ihre Balance und Muskelkraft stärken und wie eine gesunde Lebensweise zur Sturzprävention beiträgt. In ihrem Vortrag informiertBirgit Sidon, Physiotherapeutin vom Geriatrischen Zentrum Karlsruhe, über Sturzprävention und gibt praktische Tipps, um sicher und selbstständig zu bleiben.Die Veranstaltungsreihe„Gut informiert und aktiv leben“ist eine Kooperation zwischen dem Seniorenbüro, Pflegestützpunkt und der Stadtbibliothek Karlsruhe.Zielgruppe:alle InteressiertenAnmeldung:ohne AnmeldungEintritt:kostenfreiOrt:Stadtteilbibliothek im Neuen Ständehaus, Lesecafé (EG)Foto: Adobe.Stock -
Andrey Popov",https://kalender.karlsruhe.de/db/termine/literatur/vortrag_sturzpravention_im_alter_sicher
Hau den Frosch,2025-07-24T16:00:00,Stadtbibliothek Karlsruhe - Stadtteilbibliothek Durlach,"Pfinztalstraße 9, Karlsburg, 76227 Karlsruhe",,,Wir lernen spielerisch das Märchen „Der Froschkönig“ kennen und gehen auf Entdeckungsreise nach dem Fruchtgummi-Frosch.Zielgruppe:ab 4 JahrenAnmeldung:bibliothek-durlach@kultur.karlsruhe.deEintritt:kostenfreiOrt:Stadtteilbibliothek DurlachFoto: Stadtbibliothek Karlsruhe,https://kalender.karlsruhe.de/db/termine/literatur/hau_den_frosch
Experimente (5–7 Jahre): Fühlen,2025-07-24T15:30:00,Staatliches Museum für Naturkunde Karlsruhe,"Erbprinzenstraße 13, 76133 Karlsruhe",49.0069855,8.4001442,Naturwissenschaftliche Experimente für KinderUnsere Experimentekurse für 5- bis 7-Jährige – hier können Kinder verschiedene Themen aus den Naturwissenschaften spielerisch erforschen.Nach acht besuchten Kursen erhalten die Kinder ein Diplom.Mit freundlicher Unterstützung der Jugendstiftung der Sparkasse Karlsruhe.Dauer: ¾ StundeKosten inkl. Eintritt und MaterialAnmeldung online ab 18. Juli möglich,https://kalender.karlsruhe.de/db/termine/ausstellungen/experimente_57_jahre_fuhlen-3
"Erzählcafé im Stephanienbad - für Betroffene, Angehörige und Interessierte",2025-07-24T15:30:00,Stephanienbad - Ev. Gemeindehaus Südkreuzgemeinde,"Breite Straße 49 a, 76135 Karlsruhe",48.9908844,8.3923417,"Seit April 2024 gibt es im Stephanienbad einen monatlichen Nachmittag für Menschen mit Demenz, Angehörige und Interessierte. In geschützter  Atmosphäre ist Begegnung und Austausch möglich, wir treten miteinander in Kontakt, reden, lachen und genießen Kaffee, Tee und Kuchen.Bitte melden Sie sich für das Angebot bei DiakoninPetra Nußbauman.Telefon:0171 8128987oder E-Mail:petra.nussbaum@kbz.ekiba.de",https://kalender.karlsruhe.de/db/termine/stadtleben/erzahlcafe_im_stephanienbad_fur_betroffene-6
Experimente (5–7 Jahre): Fühlen,2025-07-24T14:30:00,Staatliches Museum für Naturkunde Karlsruhe,"Erbprinzenstraße 13, 76133 Karlsruhe",49.0069855,8.4001442,Naturwissenschaftliche Experimente für KinderUnsere Experimentekurse für 5- bis 7-Jährige – hier können Kinder verschiedene Themen aus den Naturwissenschaften spielerisch erforschen.Nach acht besuchten Kursen erhalten die Kinder ein Diplom.Mit freundlicher Unterstützung der Jugendstiftung der Sparkasse Karlsruhe.Dauer: ¾ StundeKosten inkl. Eintritt und MaterialAnmeldung online ab 18. Juli möglich,https://kalender.karlsruhe.de/db/termine/ausstellungen/experimente_57_jahre_fuhlen-2
FreshMob - Mitmachaktion in der Herrenstraße,2025-07-24T13:00:00,Herrenstraße,,49.0066778,8.3957749,"1. Aktion, 13 UhrTreffpunkt: Herrenstraße, Ecke Karlsstraße2. Aktion, 14 UhrTreffpunkt: Herrenstraße, Ecke Erbprinzenstraße (Kirche St. Stephan)3. Aktion, 15 UhrTreffpunkt: Herrenstraße, Ecke Kaiserstraße",https://kalender.karlsruhe.de/db/termine/architektur/freshmob_mitmachaktion_in_der_herrenstrae
"Furzipups, der Knatterdrache (ab 3)",2025-07-24T10:00:00,marotte Theater,"Kaiserallee 11, 76133 Karlsruhe",49.0102313,8.3851507,"Der kleine Drache Furzipups, der zur Gattung der Knatterdrachen gehört, führt kein einfaches Leben. 
Im Gegensatz zu seinen Artgenossen gelingt ihm das Feuerspucken einfach überhaupt nicht. 
Dabei ist es sogar Pflicht für einen richtigen Drachen, dass er bei Gefahr Feuer spuckt. 
So sehr er es auch versucht, über ein paar kleine Rauchwölkchen kommt er nicht hinaus. Stattdessen kommt bei ihm immer nur ein dicker Pups..Spiel: Sebastian Kreutz   Regie: Thomas Hänsel",https://kalender.karlsruhe.de/db/termine/theater/furzipups_der_knatterdrache_ab3n-44
International Startup Days Karlsruhe,2025-07-25T09:30:00,Smart Production Park,"Rintheimer Straße 21-23, 76131 Karlsruhe",49.0114752,8.4350639,"Willkommen zur ersten Ausgabe der
International Startup Days Germany 2025 #ISDS!Gastgeberstadt: Karlsruhe –
Partnerland: Indien.Die ISDS sind eine jährliche
Veranstaltung, die von der ISF Germany e.V. iG, einem aktiven Mitglied der International
Startup Foundation, organisiert wird. Die
Veranstaltung bringt wichtige Akteure aus internationalen Startup-Ökosystemen
zusammen. Der Schwerpunkt liegt klar auf Internationalisierung, Austausch und
Vernetzung .Die detaillierte und aktuelle Agenda
finden Sie unter https://isds.events.Von der Politik zu Plattformen:Wie Indien zu einer digitalen
Innovationsmacht wurdeBegleiten Sie J.A. Chowdary, einen der
führenden Technologie-Visionäre und Politikberater Indiens, bei seinem Einblick hinter die Kulissen
der Transformation Indiens zu einem globalen Zentrum für digitale Innovation – und erfahren Sie, was
Europa davon lernen kann.Kultur trifft Wirtschaft:Interkulturelle Kompetenz ist der
Schlüssel zum internationalen Erfolg von Start-ups. Erfahren Sie, wie sich
Werte, Tempo und Erwartungen unterscheiden –  und wie
Sie kulturelle Vielfalt in einen geschäftlichen Vorteil verwandeln können.Internationales Matchmaking &
Startup Connect:Kuratierte Networking-Sessions mit
Startups, Investoren und Ökosystem-Enablern ausDeutschland, Indien und darüber hinaus.
Beschleunigen Sie Ihre grenzüberschreitenden Verbindungen.Workshops & Panelszu rechtlichen Rahmenbedingungen für die
Internationalisierung, grenzüberschreitende
Finanzierungsmodelle und Best Practices für Soft Landing &
Zusammenarbeit",https://kalender.karlsruhe.de/db/termine/wirtschaft/international_startup_days_karlsruhe
Circus Gebrüder Barelli - Karlsruhe,,Karlsruhe Messplatz,,,,"Der Circus Gebrüder BARELLI in Karlsruhe.Nach vier Jahren harter Arbeit und unermüdlichem Einsatz wurde Timmys Traum endlich Wirklichkeit. Auf dem Messplatz an der Durlacher-Allee in Karlsruhe heißt es: Manege frei für den schönsten Circus des Universums - den Circus Gebrüder BARELLI, wiedergeboren aus den Trümmern der Vergangenheit und erstrahlend in neuem Glanz.Ort:Messplatz - Durlacher Allee, KarlsruheZeitraum:Do. 24.07.2025 bis So. 17.08.2025Premiere:24.07.2025 um 16:00 UhrGroße Gala-Premiere:24.07.2025 um 20:00 UhrWeitere Vorstellungen:Täglich um 16:00 & 20:00 UhrSonn- und Feiertage um 14:00 & 18:00 UhrACHTUNG: Sonntag, 17.08.2025 um 11:00 & 15:00 UhrDienstag, 05.08. & 12.08.2025 nur um 17:00 UhrMontags RUHETAGE (Keine Vorstellungen)*************Aktionstage:(Bitte achten Sie ggf. auf die Gültigkeit Ihrer Freikarte/n)Super-Super-Spartag:Dienstag, 05.08. & 12.08.2025 um 17:00 UhrAn diesem Tag öffnen wir unsere Circuswelt für alle, die sich sonst keinen regulären Eintritt leisten können. Der Eintritt kostet nur 5 Euro pro Person. Karten sind nur an der Circuskasse (nicht online) und nur solange Plätze verfügbar sind!*************Familientage:Jeden Mittwoch und Donnerstag um 16:00 UhrAuf allen Plätzen beträgt der Eintritt pro Person 20,00 € bei freier Platzwahl.*************Muttitag:Sonntag, 27.07. & 03.08 & 10.08.2025 um 14:00 Uhr & Sonntag, 17.08.2025 um 15:00 UhrAlle Muttis haben freien Eintritt!*************Kartenvorverkauf:Auf unserer Webseite unter www.gebrueder-barelli.deÜber das Ticketportal ReservixUnsere Circus-Hotline: 0176-69 14 7442Ab dem 21.07.2025 täglich von 11:00 bis 13:00 Uhr direkt an unseren Circuskassen und jeweils 1 Stunde vor Beginn der Vorstellung.Kommt vorbei und erlebt magische Momente mit der ganzen Familie.",https://kalender.karlsruhe.de/db/termine/theater/circus_gebruder_barelli_karlsruhe
DAS FEST 2025,,Günther-Klotz-Anlage,Günther-Klotz-Anlage,48.9990368,8.3729693,"Bekannte Künstlerinnen und Künstler wie Rea Garvey, Clueso, The BossHoss, Seeed, Peter Fox, Max Giesinger, Juli, Silbermond, Wanda, Faithless, PUR, Fury in the Slaughterhouse, Element of Crime, Apocalyptica, Guano Apes, New Model Army, Tito & Tarantula, Bananafishbones, BAP, Such A Surge, Gentleman, Chumbawamba, H-Blockx, Ska-P, Fünf Sterne deluxe, Simple Minds, Beatsteaks, Sunrise Avenue, Die Fantastischen Vier und Denyo waren im Laufe der Zeit schon zu Gast am „Mount Klotz“.Das von den Organisatoren verfolgte Ziel unterscheidet sich deutlich von den anderen großen deutschen Festivals, denn es sollen alle Bevölkerungsschichten angesprochen und unterhalten werden, ungeachtet ihres Alters und Einkommens.Für Kinder und Familien gibt es den Kinder- und Kulturbereich, in welchem die Kleinen betreut spielen, planschen und kleine Abenteuer erleben können. Im Sportbereich findet jährlich der FEST-Cup im Skate- und Fingerboarden statt. Für Funsportbegeisterte bietet der Sportbereich noch allerhand weitere Angebote. Generationsübergreifende Angebote stellen das FEST-Café, die Kulturbühne und sonntagmorgens das Klassik-Frühstück auf der Hauptbühne dar. Durch die Mischung von Jung bis Alt entsteht die einzigartige „FEST-Stimmung“, die von vielen Besuchern gelobt und geschätzt wird.Foto: KME Karlsruhe Marketing und Event GmbH | DAS FEST 2024 | Steffen Eirich",https://kalender.karlsruhe.de/db/termine/musik/das_fest2025n
Die Dinner Party,2025-07-23T20:00:00,Jakobus-Theater im Theaterhaus Karlsruhe,"Kaiserallee 11, 76133 Karlsruhe",49.0102313,8.3851507,"Eine mysteriöses Zusammentreffen von sechs Personen bei einem eleganten Abendessen in Paris. Erst nach und nach erscheinen die Gäste, deren Gastgeber sich im Dunkel hält, und mit ihrem Eintreten werden allmählich die Verstrickungen, in denen sie sich zueinander befinden, offensichtlich.Ihnen allen ist gemeinsam, daß ihre Ehescheidung vom gleichen Rechtsanwalt durchgeführt wurden. Die Einladung geht jedoch zurück auf die scheinbar von ihrem Gatten Andre ermordete, jedoch höchst lebendig als letzte auf dieser seltsamen Party erscheinende Gabrielle. Drei Männer, drei Frauen, drei geschiedene Paare. Gabrielle ist die einzige, die ihren Mann auf jeden Fall zurück will, sie ernennt sich selbst zur Spielmacherin dieser Party, zu deren Einsatz sie für alle die geschiedenen Ehepartner erklärt, doch nur zwei der Paare gewinnen am Schluß das unfreiwillige Spiel ...Regie: Andreas Rüdenauer",https://kalender.karlsruhe.de/db/termine/theater/die_dinner_party-6
Rund um die Christuskirche,2025-07-23T20:00:00,Christuskirche Karlsruhe,"Riefstahlstraße , 76133 Karlsruhe",49.0118324,8.3863698,"Serenadenabend – Musik für Blechbläser und ChorOratorienchor Karlsruhe an der ChristuskircheBläserkreis an der Christuskirche KarlsruhePeter Gortner und Joachim Osswald, Leitung",https://kalender.karlsruhe.de/db/termine/musik/rund_um_die_christuskirche
Jazz Session . Mit Rosanna Zacharias,2025-07-23T19:30:00,Hemingway Lounge in Karlsruhe,"Uhlandstrasse 26, 76135 Karlsruhe",49.0093234,8.3747613,"Eng verbunden mit der Geschichte des Jazz ist die Session Kultur. Zusammen mit einer immer wechselnden Band hatte die Karlsruher Bassistin Rosanna Zacharias 2019 zu Veranstaltungen mit Jam Session eingeladen, um sich dieser Tradition des Jazz zu widmen. Inzwischen hat sich die Reihe in der Hemingway Lounge etabliert und bietet einen lebendigen, spielfreudigen Jazzabend mit Überraschungseffekt. Wer dann dazu kommt, bleibt offen und man darf gespannt sein, welche Jazz - Standards an diesem Abend aus dem Hut gezaubert werden.",https://kalender.karlsruhe.de/db/termine/musik/jazz_session_mit_rosanna_zacharias-8
Woyzeck (Zum letzten Mal in dieser Spielzeit),2025-07-23T19:30:00,"Badisches Staatstheater, Kleines Haus","Hermann-Levi-Platz 1, 76137 Karlsruhe",49.0049938,8.4048954,,https://kalender.karlsruhe.de/db/termine/theater/woyzeck_zum_letzten_mal_in_dieser_spielzeit
"Spilling the Tea: Sind Diversität, Inklusion und Gleichstellung noch gefragt?",2025-07-23T19:00:00,TRIANGEL Studio,"Kaiserstraße 89, 76133 Karlsruhe",49.0089892,8.4097598,"Diversität, Gleichstellung und Inklusion (DEI) stehen zunehmend unter Druck: Erste Unternehmen, wie McDonalds, SAP oder Google, ziehen sich von entsprechenden Programmen zurück. Wer sich weiterhin für diese Themen engagiert, sieht sich oft mit Gegenwind konfrontiert und riskiert, institutionellen Rückhalt zu verlieren. Wie lässt sich damit umgehen – sowohl in der Kommunikation als auch auf strategischer Ebene?Am 23. Juli um 19 Uhr bringen wir Forschung und Praxis im Triangel Studio in Karlsruhe zusammen:Vertreter:innen aus Chancengleichheitsbüros, Queer-Aktivist:innen und Unterstützungsgruppen sowie Interessierte sind eingeladen, ihre Perspektiven einzubringen. Gemeinsam möchten wir aktuelle Herausforderungen benennen, voneinander lernen und mögliche Lösungswege diskutieren. Moderiert vonPhilipp Schrögelist das Ziel ein offener Austausch: Praxis lernt von Forschung – und umgekehrt.Das erwartet Sie:Impulsbeiträge:Einblicke aus der Forschung (Prof. Dr.Annette Leßmöllmann, Department für Wissenschaftskommunikation, KIT) und aus der Praxis (Dr.Birgid Langer, Chancengleichheitsbeauftragte, KIT) eröffnen die Veranstaltung.Worldcafé:An vier Thementischen, moderiert von Mitgliedern des KoKoKoM-Teams, diskutieren wir anhand von Leitfragen zu aktuellen Herausforderungen und erarbeiten gemeinsam Lösungsansätze.Fixierung & Abschlussdiskussion:Die Ergebnisse werden festgehalten und im Plenum diskutiert.Mitmachen und MitgestaltenWas bewegt euch in der täglichen Arbeit zu Diversität, Inklusion und Gleichstellung? Welche Fragen und Herausforderungen begegnen euch? Wie kann die Forschung unterstützen – und wo hat sie noch blinde Flecken? Bringen Sie Ihre Erfahrungen und Perspektiven ein!Wir freuen uns auf einen inspirierenden Abend, lebendige Diskussionen und neue Impulse für die Zukunft von Diversität, Inklusion und Gleichstellung!",https://kalender.karlsruhe.de/db/termine/spilling_the_tea_sind_diversitat_inklusion
DAS FEST im Schlachthof: Aperitivo Musicale,2025-07-23T18:30:00,Minestrone (ex Substage Café),"Alter Schlachthof 19, 76131 Karlsruhe",49.0052774,8.429731,"Was passt besser zu Spritz und Spuntini (ital. für Snacks) als entspannte Elektro Beats und Italo Disco?Der Panoramablick auf der Minestrone Terrasse! Tanzt mit uns und den DJs Katze & Vogel sommerlich-glitzernd in den Feierabend.Im Duo einfach noch besser: Yours truly DJane Katze aka Lola ist eine der besten DJanes der Stadt, sie weiss mit welchen (Elektro)-Bangern sie Euch in Bewegung bringt und wann es auch mal Zeit für einen echten Techno-Klassiker ist. Der Italo Disco Vogel ist in diesen Räumlichkeiten längst kein Unbekannter mehr, verantwortet er doch unsere legendären ""Italo Disco"" Abende. Heute hat er die künstlerische Freiheit auch die Pfade abseits davon zu bespielen.Einlass: 18:00 Uhr",https://kalender.karlsruhe.de/db/termine/musik/das_fest_im_schlachthof_aperitivo_musicale
Sightjogging-Sportlich unterwegs durch Karlsruhe,2025-07-23T18:00:00,City Tour durch Karlsruhe,,,,"Joggst du gerne?Wie wäre es dann einmal, wenn du deine Laufroute ein wenig veränderst und in einer Gruppe Gleichgesinnter vertraute und unbekannte Ecken von Karlsruhe erläufst?Erlebe eine unvergessliche Joggingtour und statt Musik auf den Ohren gibt es bei dieser Tour einiges Amüsantes, Interessantes, Anekdoten und Fakten über die Fächerstadt Karlsruhe zu erfahren.Die ca. 1,5-stündige Joggingtour durch Karlsruhe beginnt direkt auf dem Marktplatz in Karlsruhe an der Pyramide.Preise:Erwachsene: Euro 10,00InfoTel.: 0721/91679888 oder mobil 0179/2935072Internet: www.stadtfuehrungen-karlsruhe.deAnmeldung erforderlichMindestteilnehmerzahl: 6 PersonenAuch andere Termine sind jederzeit möglichBuchbar auch exklusiv als Gruppenevent",https://kalender.karlsruhe.de/db/termine/stadtleben/sightjogging_sportlich_unterwegs_durch_karlsruhe-13
Musical Gardening mit THE BLACK SEA SHIPPING COMPANY,2025-07-23T18:00:00,Kulturzentrum Tollhaus,"Alter Schlachthof 35, 76131 Karlsruhe",49.0044252,8.4317094,"Offener ZELTIVAL Biergarten ab 18:00 UhrMusik ab ca. 19:00 Uhr und 20:30 UhrWas Kaltes im Strohhalm, Mücken schwirren, es ist schwül, dein Körper schlaff - Karlsruhe im Sommer. Aber dann Musik im Ohr und bald in den Beinen, den Sound dazu liefern Black Sea Shipping Company. Ihre Lieder verleugnen nicht ihre Wurzeln in der Klezmer-, Balkan- und Roma-Musik – mittlerweile sind sie aber mit Ragtime, Swing, Blues und Americana zu einer Mischung verschmolzen, die es so nicht noch einmal gibt. Das geht doch nicht zusammen? Und ob! Die Freude, was auszuprobieren und ein Ohr manchmal auch für düster-schaurigschräge, melancholische Melodien und Texte, spritzen in jeder Heckwelle auf. Lust zum Tanzen muss nicht mitgebracht werden, sie kommt von ganz allein.Black Sea Shipping Company sind Thomas Neukirchner (Violine & Gesang), Barbara Kohl (Gesang, Saxophone & Flöte), Christian Kögele (Banjo & Kontrabass) Friedemann Lange (Gesang, Gitarre & Kontrabass), Wolfgang Müller (Schlagzeug).",https://kalender.karlsruhe.de/db/termine/musik/musical_gardening_mit_the_black_sea_shipping_company
Karlsruhe Stadtführung per Rad,2025-07-23T17:00:00,City Tour durch Karlsruhe,,,,"Diese ganz besondere Stadtführung beginnt direkt an der Pyramide auf dem Marktplatz.Viele Highlights und Insidertipps werden auch Karlsruher überraschen.Die ca. 3-stündige Fahrradtour durch Karlsruhe zeigt Ihnen viele Sehenswürdigkeiten der Stadt.Sollten Sie über kein eigenes Fahrrad verfügen sprechen Sie uns gerne an.Anmeldung erforderlich unter: Marc.Fischer@boservice.org oder Telefon: 0721/91679888 mobil: 0170/2935072Mindestteilnehmeranzahl: 6 PersonenDie Tour kann auch exklusiv als Gruppenevent gebucht werden.Preise:Erwachsene: Euro 18,00Kinder bis 14 Jahre: 10,00Internet: www.stadtfuehrungen-karlsruhe.de",https://kalender.karlsruhe.de/db/termine/stadtleben/karlsruhe_stadtfuhrung_per_rad-46
Apero Tour,2025-07-23T17:00:00,City Tour durch Karlsruhe,,,,"Bei dieser neu konzipierten Stadtführung der Firma BOService ist Beginn und Ende mit einem kurzen Stopp im Laden vomFASS Karlsruhe verbunden.Julia Kalmbach und ihr Team erwarten uns im Herzen von Karlsruhe direkt am Marktplatz.Nach einem Aperitif, auf Wunsch auch alkoholfrei, beginnen wir unserem ca. 1,5 stündigen Stadtrundgang.Über den Rondellplatz, Stephanplatz, Ludwigsplatz erreichen wir den Botanischen Garten und das Schloss.Als Belohnung erwartet uns dann zu Ende der Tour eine kleine kulinarische Stärkung im Laden vomFass.Auch andere zusätzliche Termine sind jederzeit nach Rücksprache mit dem Veranstalter möglich.Preise:Erwachsene: Euro 15,00Kinder und Jugendliche 6-14 Jahre: freiInfoTel.: 0721/91679888 oder 0170/2935072Internet: www.stadtfuehrungen-karlsruhe.deAnmeldung erforderlichMindestteilnehmerzahl: 6 Personen",https://kalender.karlsruhe.de/db/termine/stadtleben/apero_tour-23
GO West - Albspaziergang + Weststadt.,2025-07-23T16:00:00,Karlsruhe Hauptbahnhof - Südausgang,,,,"Lust auf Entspannung und Bewegung nach Feierabend oder einfach mal auf frische Luft? Dann kommt mit und taucht ein in eine Naturidylle mitten in der Großstadt! Ob als Besucher oder Einheimischer – diese Tour zeigt euch Karlsruhe von einer ganz neuen, naturnahen Seite. Vom Hauptbahnhof starten wir unsere Tour und spazieren entlang der Alb durch die wunderschöne Günther-Klotz-Anlage. Hier laden Spazier- und Radwege, grüne Wiesen und schattige Parks zum Verweilen und Entspannen ein. Weiter geht es ins charmante Mühlburg, wo wir durch die Sophienstraße mit ihren prächtigen Gründerzeit-Häusern bis zum lebendigen Gutenbergplatz schlendern – einem beliebten Treffpunkt mit Cafés, Terrassen und kleinen Restaurants. Und als Highlight lassen wir die Tour gemütlich bei einem gemeinsamen Abschiedsgetränk ausklingen.Dauer:2 Stunden, ca. 6,5 kmPreis:11 € pro PersonTreffpunkt:Südausgang Karlsruhe Hauptbahnhof",https://kalender.karlsruhe.de/db/termine/stadtleben/go_west_albspaziergang_weststadt-1
VORLESEZEIT in der Kinder- & Jugendbibliothek - ENTFÄLLT,2025-07-23T16:00:00,Stadtbibliothek Karlsruhe - Kinder- und Jugendbibliothek Karlsruhe im Prinz-Max-Palais,"Prinz-Max-Palais, Karlstraße 10, 76133 Karlsruhe",49.0111857,8.3947581,"""Lies mir doch was vor!""  - Diesen Wunsch vieler Kinder wollen wir gerne erfüllen und bieten für Kinder von 3 bis 5 Jahren an jedem Mittwochnachmit­tag jeweils um 16 Uhr eine Vorleserunde an.Zielgruppe:von 3 bis 5 JahrenAnmeldung:ohne AnmeldungEintritt:kostenfreiOrt:Kinder- und JugendbibliothekIllustration: AdobeStock - GoodStudio",https://kalender.karlsruhe.de/db/termine/literatur/vorlesezeit_in_der_kinder_jugendbibliothek_entfallt-4
Storytime,2025-07-23T16:00:00,Stadtbibliothek Karlsruhe - Amerikanische Bibliothek,"Kanalweg 52, 76149 Karlsruhe",49.0330246,8.3922699,Children ages 3-5 years old are cordially invited to our Storytime in English! Colin will read picture books aloud followed by some fun activity.Please call/send an email ahead and reserve a place!Tel: 0721 72752Every second Wednesday of the month starting at 4 pm and every fourth Wednesday of the month starting at 4 pm.Foto: American Library,https://kalender.karlsruhe.de/db/termine/literatur/storytime-2
Der Regenbogenfisch,2025-07-23T15:00:00,PLANET KA Planetarium Karlsruhe,"Alter Schlachthof 4, 76131 Karlsruhe",49.0039151,8.4304661,"Im Kinder- & Familienprogramm:Der Regenbogenfisch und seine FreundeDer Regenbogenfisch ist der schönste Fisch im weiten Ozean. Sein Schuppenkleid schimmert in allen Farben des Regenbogens: Rot, Orange, Gelb, Grün, Blau, Indigo und Violett. Eines Tages verliert er seine Glitzerschuppe. Um sie wiederzufinden, taucht ab in das tiefe Meer. Dort findet er neue Freunde, die ihm helfen, seine Glitzerschuppe wiederzubekommen.Wir laden Euch ein, gemeinsam mit dem Regenbogenfisch in die Tiefsee zu tauchen. Dabei lernt ihr, wie die Farben im Regenbogen entstehen, und wie man die Fische sogar am Sternhimmel findet..Eine Kuppelproduktion nach den Büchern von Marcus Pfister, erschienen im NordSüd-Verlag.Nach den Büchern „Der Regenbogenfisch stiftet Frieden“ und „Der Regenbogenfisch entdeckt die Tiefsee“, erschienen im NordSüd-Verlag.Dauer: ca. 1 Stunde.Empfohlen für Kinder ab 4 Jahren.Einlass ab ca. 30 Minuten vor BeginnBitte beachten: Kein Nacheinlass! Bitte seien Sie pünktlich vor Ort.Ungenutzte Tickets verfallen ersatzlos.",https://kalender.karlsruhe.de/db/termine/literatur/der_regenbogenfisch-17
Lesesommer für Kinder und Jugendliche,2025-07-23T15:00:00,Stadtbibliothek Karlsruhe - Stadtteilbibliothek Durlach,"Pfinztalstraße 9, Karlsburg, 76227 Karlsruhe",,,"Endlich! Der Kinder-Lesesommer ist zurück! Am Mittwoch, den 23. Juli laden wir speziell die kleinen Leseratten ein, an einem bunten Programm teilzunehmen. Es wird ein Spielemobil mit tollen Spieleaktionen geben, ein sommerliches Bastelangebot, Büchergeschenke und eine abenteuerliche Lesereise. Wir freuen uns auf euch!Zielgruppe:Kinderund JugendlicheAnmeldung:ohne AnmeldungEintritt:kostenfreiOrt:Stadtteilbibliothek Durlachbei gutem Wetter: im Rosengarten neben der Karlsburg, bei Regen: im Festsaal der KarlsburgFoto: AdobeStock - BUDDEE, lina vector, Hannah Syvak, Marivolkoff, PayPau, girafchik",https://kalender.karlsruhe.de/db/termine/literatur/lesesommer_fur_kinder_und_jugendliche
Bücherblitz im Turmbergbad,2025-07-23T14:00:00,Durlach,Durlach Innenstadt,,,"Wir sind mit unserem Lastenfahrrad ""Bücherblitz"" im Turmbergbad Durlach und sorgen mit einer bunten Medienauswahl für Unterhaltung zwischendurch. An einzelnen Terminen bieten wir auch Vorlesen und andere Aktionen an. Kommt vorbei!Zielgruppe:alle InteressiertenOrt:Turmbergbad Durlach, Alte Weingartener Str. 40, 76227 KarlsruheFoto: AdobeStock - zamuruev",https://kalender.karlsruhe.de/db/termine/literatur/bucherblitz_im_turmbergbad-4
Dein Weg zum dualen Lehramtsmaster,2025-07-23T12:30:00,Online-Veranstaltung,,,,"Du machst Deinen Bachelorabschluss in einem
 MINT-Fach oder bist bereits im Berufsleben und suchst eine neue 
Herausforderung? Dann könnte der duale Lehramtsmaster genau das Richtige
 für Dich sein! In einer 30-minütigen Online-Infoveranstaltung via Webex
 stellen Dir die Modellstandorte Freiburg, Karlsruhe und Stuttgart das 
neue Studienmodell vor. Erfahre mehr über Voraussetzungen, Studienaufbau
 und Standortspezifika. Außerdem hast Du die Möglichkeit, mit unseren 
Studienkoordinator:innen ins Gespräch zu kommen und Deine Fragen zu 
stellen. Speichere Dir den Termin im Kalender und sei dabei!Weitere Infos und Meeting-Link auf https://www.lieber-lehramt.de/lehramt/lehrerin-dual-master-of-education",https://kalender.karlsruhe.de/db/termine/wirtschaft/dein_weg_zum_dualen_lehramtsmaster-9
Orgelpunkt,2025-07-23T12:15:00,Kleine Kirche Karlsruhe,"Kaiserstraße 131 nähe Marktplatz,  Karlsruhe",,,"Die Kleine Kirche Karlsruhe - das älteste Gotteshaus und ein Kleinod der Stadt - hat im Frühjahr 2019 eine neue, der Bedeutung und Atmosphäre des Raums angemessene Orgel erhalten: Die klangvolle frühromantische Orgel der Firma Lenter aus Sachsenheim/Ludwigsburg.Orgelpunkt - 20 Minuten Orgelmusik zur Mittagszeit, interpretiert von Organistinnen und Organisten aus Karlsruhe und der Region, bei freiem Eintritt immer mittwochs um 12.15 Uhr (nicht an Feiertagen und in den Schulferien).",https://kalender.karlsruhe.de/db/termine/musik/orgelpunkt-49
Die drei Räuber (ab 4),2025-07-23T10:00:00,marotte Theater,"Kaiserallee 11, 76133 Karlsruhe",49.0102313,8.3851507,"Die drei Räuber  tragen weite, schwarze Mäntel und hohe, schwarze Hüte.
Nachts überfallen sie Kutschen im Wald und rauben die Reisenden aus.
Die Schätze tragen sie in ihre dunkle Höhle.
Eines Tages sitzt nur das kleine Mädchen Tiffany in einer Kutsche. Sie soll in ein Waisenhaus gebracht werden. Doch die Räuber haben Mitleid und nehmen Tiffany mit. Das kleine Mädchen bringt  Farbe in das Leben der Räuber. 
Sie haben eine gute Zeit miteinander.
Doch plötzlich fragt Tiffany die Räuber: Was macht ihr eigentlich mit dem ganzen Gold? 

Eine spannende, witzige und zärtliche Geschichte über Freundschaft und den Wert der Dinge.


Spiel: 		Luisa Schönemann, Sebastian Kreutz
Regie: 		Thomas Hänsel",https://kalender.karlsruhe.de/db/termine/theater/die_drei_rauber_ab4n-19
Onleihe Sprechstunde,2025-07-23T10:00:00,Stadtbibliothek Karlsruhe - Stadtbibliothek im Neuen Ständehaus,"Ständehausstraße 2, 76133 Karlsruhe",49.0089211,8.4003588,"Die kostenlose Sprech­stunde richtet sich an alle Inter­es­sier­ten mitindivi­du­el­len Fragen rund um die digitale Bibliothek ""Onleihe"". Fachleute der Stadt­bi­blio­thek beant­wor­ten Fragen und zeigen die Handhabung an entspre­chen­den Lesege­rä­ten (E-Book-Reader oder Tablets). Es dürfen gerne eigene Geräte mitge­bracht werden. Eine Anmeldung ist nicht erfor­der­lich.Zielgruppe:Onleihe Nutzer*innenAnmeldung:ohne AnmeldungEintritt:kostenfreiOrt:Stadtbibliothek im Neuen Ständehaus, Infotheke im 2. OG",https://kalender.karlsruhe.de/db/termine/literatur/onleihe_sprechstunde-136
Grenzerfahrungen – im Leben und im Sterben; Begleitung (nicht nur) am Lebensende,2025-07-23T09:30:00,"Bildungszentrum Roncalli-Forum Karlsruhe, Ignatius-Saal","Kriegsstraße 37, 76133 Karlsruhe",49.0051478,8.3968623,"Angelika Neuwirth, OberkirchErfahrungsberichte als- Ehrenamtlich mitarbeitende Seelsorgerin in der Bahnhofsmission Offenburg  (5 Jahre)- Ehrenamtliche Klinikseelsorgerin auf der Palliativstation im Klinikum Oberkirch (7 Jahre)- Vom Erzbistum Freiburg Beauftragte für den Beerdigungsdienst (seit 2020); zunächst im Ehrenamtund seit einem Jahr als pastorale Mitarbeiterin angestellt.Fortbildungen in mehreren Kursen beim ipb, beim Erzbischöflichen Seelsorgeamt und der evangelischen Landeskirche ZfSAnmeldung bis 22.7.25 erforderlich.Die Teilnahmegebühr beinhaltet auch ein Frühstück.Teilnahme auch ohne Frühstück möglich, Gebühr 5,-€",https://kalender.karlsruhe.de/db/termine/literatur/grenzerfahrungen_im_leben_und_im_sterben
Circus Gebrüder Barelli,,Karlsruhe Messplatz,,,,Kartenvorverkauf:- auf der Webseite: www.gebrueder-barelli.de- über das Ticketportal Reservix- unter der Circus-Hotline: 0176 69147442- ab dem 22. Juli von 11 bis 17 Uhr oder während der Spielzeit täglich von 11 bis 17 Uhrund immer eine Stunde vor Vorstellungsbeginn an den Circuskassen,https://kalender.karlsruhe.de/db/termine/stadtleben/circus_gebruder_barelli-2
All das Schöne (Zum letzten Mal in dieser Spielzeit),2025-07-22T19:30:00,"Badisches Staatstheater, STUDIO","Baumeisterstraße 11, 76137 Karlsruhe",49.0048704,8.4046989,,https://kalender.karlsruhe.de/db/termine/theater/all_das_schone_zum_letzten_mal_in_dieser_spielzeit
"Poetry, Please!",2025-07-22T19:30:00,Stadtbibliothek Karlsruhe - Amerikanische Bibliothek,"Kanalweg 52, 76149 Karlsruhe",49.0330246,8.3922699,"Poetry read and discussed on
 
  every 4th Tuesday of the month.Simply stop by!",https://kalender.karlsruhe.de/db/termine/literatur/poetry_please-14
Die Verlorenen (Zum vorletzten Mal in dieser Spielzeit),2025-07-22T19:30:00,"Badisches Staatstheater, Kleines Haus","Hermann-Levi-Platz 1, 76137 Karlsruhe",49.0049938,8.4048954,,https://kalender.karlsruhe.de/db/termine/theater/die_verlorenen_zum_vorletzten_mal_in_dieser_spielzeit
Checkpoint Karlsruhe | 22.07.2025,2025-07-22T18:30:00,AIDS-Hilfe Karlsruhe e.V. - Zentrum für sexuelle Gesundheit,"Sophienstraße 102, 76135 Karlsruhe",49.0080257,8.3825952,"Jeden Dienstagabend von 18:30 - 20:00 Uhr können Sie sich in unserem Checkpoint auf HIVund andere sexuell übertragbare Infektionen (STI)testen lassen.Testung nur mit telefonischer Anmeldung unter 0721 / 35 48 16 0Hinweis: Bei Symptomen (z.B. Juckreiz, Ausfluss) bitte direkt in ärztliche Behandlung begeben. Wir sind KEINE ärztliche Einrichtung!Der Zugang ist barrierefrei!ZeSIA Karlsruhe | Sophienstraße 102, 76135 KarlsruheWeitere Infos unter: www.zesia-ka.de",https://kalender.karlsruhe.de/db/termine/checkpoint_karlsruhe22072025n
Mädchenschrift (Zum letzten Mal in dieser Spielzeit),2025-07-22T18:30:00,"Badisches Staatstheater, INSEL","Karlstrasse 49 b, 76133 Karlsruhe",49.0047189,8.3957424,,https://kalender.karlsruhe.de/db/termine/theater/madchenschrift_zum_letzten_mal_in_dieser_spielzeit
Zu Recht: Nachgefragt!,2025-07-22T17:00:00,Hauptbahnhof Karlsruhe,"Bahnhofplatz 1, 76137 Karlsruhe",48.993799,8.4001849,"Wo begegnet uns Recht im Alltag? Wie prägt es unser Leben? Und wer 
macht welche Erfahrungen mit dem Recht? Um diese Fragen geht es in der 
interaktiven Pop-Up-Ausstellung „Recht – Spielregeln des Alltags“, die 
im Juli 2025 im Karlsruher Hauptbahnhof zu sehen ist.Begleitend zur 
Ausstellung lädt die Stiftung Forum Recht an zwei Nachmittagen zum 
Begegnungsformat „Zu Recht: Nachgefragt!“ ein. Die Teilnehmenden können 
am 22. Juli direkt vor Ort an der Ausstellung zwei Richterinnen am 
Verwaltungsgericht, einer Rechtsanwältin und einem Rechtsanwalt ins 
Gespräch kommen über die Spielregeln des Alltags. Ein Kartenset mit 
persönlichen Fragen, Rechtsfragen aus dem Alltag und fachlichen Fragen 
zu Recht und Rechtsstaat erleichtert den Start ins Gespräch. Aus der 
Karten-Box können spannende Fragen gewählt werden, um im gemeinsamen 
Gespräch zu erkunden, wie Recht unseren Alltag prägt und Perspektiven 
auf den Rechtsstaat zu diskutieren.Ort: Karlsruhe Hauptbahnhof, Linker Seitenflügel Bahnhofsvorhalle an 
der Ausstellung „Recht – Spielregeln des Alltags“, Bahnhofplatz 1a, 
76137 KarlsruheDer Eintritt ist frei, eine Anmeldung ist nicht erforderlich.Weiterer Termin: Im Rahmen der KAMUNA am Samstag, 02. August, 18:00 – 24:00 Uhr in der Stiftung Forum Recht, Karlstr. 45 A",https://kalender.karlsruhe.de/db/termine/ausstellungen/zu_recht_nachgefragt
Apero Tour,2025-07-22T17:00:00,City Tour durch Karlsruhe,,,,"Bei dieser neu konzipierten Stadtführung der Firma BOService ist Beginn und Ende mit einem kurzen Stopp im Laden vomFASS Karlsruhe verbunden.Julia Kalmbach und ihr Team erwarten uns im Herzen von Karlsruhe direkt am Marktplatz.Nach einem Aperitif, auf Wunsch auch alkoholfrei, beginnen wir unserem ca. 1,5 stündigen Stadtrundgang.Über den Rondellplatz, Stephanplatz, Ludwigsplatz erreichen wir den Botanischen Garten und das Schloss.Als Belohnung erwartet uns dann zu Ende der Tour eine kleine kulinarische Stärkung im Laden vomFass.Auch andere zusätzliche Termine sind jederzeit nach Rücksprache mit dem Veranstalter möglich.Preise:Erwachsene: Euro 15,00Kinder und Jugendliche 6-14 Jahre: freiInfoTel.: 0721/91679888 oder 0170/2935072Internet: www.stadtfuehrungen-karlsruhe.deAnmeldung erforderlichMindestteilnehmerzahl: 6 Personen",https://kalender.karlsruhe.de/db/termine/stadtleben/apero_tour-22
Besuch im Naturgarten,2025-07-22T16:00:00,Veranstaltungsort wird bei Anmeldung bekanntgegeben,"-, - -",49.0068705,8.4034195,"Diesmal treffen wir uns nicht im Hardtwaldzentrum, sondern machen einenAusflug in die Nordweststadt. Dort gibt es einen ca. 400 Quadratmeter großen Hausgarten – einenartenreichen Naturgartenmit Wildwiese und Trockenbeet sowie verschiedenen Wildrosen, Rankpflanzen, Stauden, Kräutern, Sträuchern und Obstbäumen. In der Wildwiese sind viele Wildpflanzen heimisch. Die Blüten und die vielfältigen Strukturen locken im Laufe des Jahres vieleInsekten, Bienen, Hummeln und Schmetterlingean. Ganz unterschiedliche heimische Kräuter haben sich an diesem trockenen Standort gut entwickelt. Der Garten wird laufend weiter ergänzt und gezielt gepflegt. Er wurde im Jahr 2023 im Rahmen des Gartenträume-Wettbewerbs der Stadt Karlsruhe prämiert.Aufgrund der Größe des Gartens ist die Anzahl der Teilnehmenden auf 8 Besucher*innen begrenzt.Eine Anmeldung ist deshalb erforderlich.Termin:Dienstag, 22.07.2025, 16 – 17:30 UhrAnmeldung:Bis Donnerstag, 17.07.2025 bei Susanne Butz, Tel. 0721 91230-34 oder E-Mailgfd@paritaet-ka.de.Ort:Wird nach der Anmeldung bekannt gegeben.Das Angebot ist kostenfrei.Foto: I. Eberhagen—DerTreffpunkt Hardtwaldzentrumist ein offenes Angebot für alle von 0 bis 104. Es gibt regelmäßige Termine im Hardtwaldzentrum, aber auch zusätzliche Angebote zu unterschiedlichen Zeiten. Die Angebote werden von der Stadt Karlsruhe gefördert. Sie sind in der Regel kostenfrei.Bei „Treffpunkt Hardtwaldzentrum on Tour“ schauen wir uns gemeinsam auch mal woanders um.",https://kalender.karlsruhe.de/db/termine/stadtleben/besuch_im_naturgarten
VORLESEZEIT in der Waldstadt,2025-07-22T16:00:00,Stadtbibliothek Karlsruhe - Stadtteilbibliothek Waldstadt,"Neisser Straße 12, 76139 Karlsruhe",49.0351807,8.4443109,Die Stadtteilbibliothek Waldstadt lädt alle Kinder zwischen 4 und 6 Jahren zur Vorlesezeit ein.An verschiedenen Freitagen im Monat.Zielgruppe:4 und 6 JahrenAnmeldung:ohne AnmeldungEintritt:kostenfreiOrt:Stadtteilbibliothek WaldstadtIllustration: AdobeStock - GoodStudio,https://kalender.karlsruhe.de/db/termine/literatur/vorlesezeit_in_der_waldstadt-5
VORLESEZEIT in Mühlburg,2025-07-22T16:00:00,Stadtbibliothek Karlsruhe - Stadtteilbibliothek Mühlburg,"Weinbrennerstraße 79, 76185 Karlsruhe",49.0097914,8.3603292,Die Lesestunde in derStadtteilbibliothek Mühlburgfindet jeden zweiten und vierten Dienstagfür alle interessierten Kinderstatt.Die Veranstaltung dauert eine Stunde und ist kostenlos. Eine Anmeldung ist nicht erforderlich.Zielgruppe:alle interessierten KinderAnmeldung:ohne AnmeldungEintritt:kostenfreiOrt:Stadtteilbibliothek MühlburgIllustration: AdobeStock - GoodStudio,https://kalender.karlsruhe.de/db/termine/literatur/vorlesezeit_in_muhlburg-10
Experimente (5–7 Jahre): Fühlen,2025-07-22T15:30:00,Staatliches Museum für Naturkunde Karlsruhe,"Erbprinzenstraße 13, 76133 Karlsruhe",49.0069855,8.4001442,Naturwissenschaftliche Experimente für KinderUnsere Experimentekurse für 5- bis 7-Jährige – hier können Kinder verschiedene Themen aus den Naturwissenschaften spielerisch erforschen.Nach acht besuchten Kursen erhalten die Kinder ein Diplom.Mit freundlicher Unterstützung der Jugendstiftung der Sparkasse Karlsruhe.Dauer: ¾ StundeKosten inkl. Eintritt und MaterialAnmeldung online ab 18. Juli möglich,https://kalender.karlsruhe.de/db/termine/ausstellungen/experimente_57_jahre_fuhlen-1
Experimente (5–7 Jahre): Fühlen,2025-07-22T14:30:00,Staatliches Museum für Naturkunde Karlsruhe,"Erbprinzenstraße 13, 76133 Karlsruhe",49.0069855,8.4001442,Naturwissenschaftliche Experimente für KinderUnsere Experimentekurse für 5- bis 7-Jährige – hier können Kinder verschiedene Themen aus den Naturwissenschaften spielerisch erforschen.Nach acht besuchten Kursen erhalten die Kinder ein Diplom.Mit freundlicher Unterstützung der Jugendstiftung der Sparkasse Karlsruhe.Dauer: ¾ StundeKosten inkl. Eintritt und MaterialAnmeldung online ab 18. Juli möglich,https://kalender.karlsruhe.de/db/termine/ausstellungen/experimente_57_jahre_fuhlen
Bücherblitz im Turmbergbad,2025-07-22T14:00:00,Durlach,Durlach Innenstadt,,,"Wir sind mit unserem Lastenfahrrad ""Bücherblitz"" im Turmbergbad Durlach und sorgen mit einer bunten Medienauswahl für Unterhaltung zwischendurch. An einzelnen Terminen bieten wir auch Vorlesen und andere Aktionen an. Kommt vorbei!Zielgruppe:alle InteressiertenOrt:Turmbergbad Durlach, Alte Weingartener Str. 40, 76227 KarlsruheFoto: AdobeStock - zamuruev",https://kalender.karlsruhe.de/db/termine/literatur/bucherblitz_im_turmbergbad-1
Mädchenschrift,2025-07-22T11:00:00,"Badisches Staatstheater, INSEL","Karlstrasse 49 b, 76133 Karlsruhe",49.0047189,8.3957424,,https://kalender.karlsruhe.de/db/termine/theater/madchenschrift-2
Salotto culturale,2025-07-22T10:00:00,Centro = Schul- und Kulturzentrum der Deutsch-Italienischen Gesellschaft e.V. Karlsruhe,"Kaiserstraße 150 (Straßenbahnhaltestelle ""Europaplatz""), 76133 Karlsruhe",,,"Jeden Monat ein Mal,dienstagsvon10.00 Uhr bis 12 Uhrim Centro, Kaiserstraße 150, 76133 Karlsruhe (Straßenbahnhaltestelle 'Europaplatz')In einem ""runden Tisch"" behandeltMarcello Gallottidas italienische Leben und kulturelle Themen aus allen Bereichen.Una volta al mese - il martedì dalle 10.00 alle 12,  nel Centro, Kaiserstraße 150, 76133 Karlsruhe (fermata tram 'Europaplatz').Marcello Gallottiin una tavola rotonda tratta argomenti culturali e di attualità 
italiana. L'ingresso è libero ed aperto anche a chi non è socio.",https://kalender.karlsruhe.de/db/termine/stadtleben/salotto_culturale-10
Sprechstunde: Einfach digital!,2025-07-22T10:00:00,Stadtbibliothek Karlsruhe - Stadtbibliothek im Neuen Ständehaus,"Ständehausstraße 2, 76133 Karlsruhe",49.0089211,8.4003588,"Sie haben Fragen zu Ihrem Smartphone oder einer App? Ihr Tablet 
bereitet Ihnen Kopfzerbrechen? Das neue Update will einfach nicht 
funktionieren? In eineroffenen Sprechstunde jeden Dienstaghilft ein*e 
Mitarbeiter*in der Stadtbibliothek bei Problemenrund um Ihre digitalen 
Endgeräte(Smartphone, Tablet oder Laptop) und deren Nutzung.Bei Fragen zu unserer 
Online-Bibliothek ""Onleihe"" oder der Nutzung von E-Book-Readern besuchen
 Sie bitte unsere Onleihe-Sprechstunde jeden Mittwoch und Donnerstag.Zielgruppe:alle Menschen mit Fragen rund ums SmartphoneAnmeldung:ohne AnmeldungEintritt:kostenfreiOrt:Stadtbibliothek im Neuen Ständehaus, Infotheke im 1. OG",https://kalender.karlsruhe.de/db/termine/literatur/sprechstunde_einfach_digital-28
Durlacher Lesesommer,2025-07-23T19:30:00,"Durlach, Rosengarten",,,,"Andrei Sommerabendenlesen Bürgerinnen und Bürger allen, die gerne zuhören, literarische Kostproben aus Ihren Lieblingsbüchern vor. So individuell wie die Vorlesenden wird auch das buntgemischte Leseprogrammdes jeweiligen Abends sein. Alle Interessenten sind herzlich zur Literatur im Park eingeladen – ob zum zuhören oder um mitzuwirken. Ein spezielles Angebot richtet sich zudem an unsere jüngsten Literaturbegeisterte.",https://kalender.karlsruhe.de/db/termine/literatur/durlacher_lesesommer
Sicilia! (35mm OmU),2025-07-21T19:00:00,"Blauer Salon in der HfG Karlsruhe (EG, R012)","Lorenzstraße 15, 76135 Karlsruhe",49.0020695,8.3836683,"Die Aufnahmen der Orangenpflücker neben dem Korb unverkaufter Früchte erinnern an
Tina Modotti, an Walker Evans, das heißt an die große, soziale Fotografie der zwanziger
und dreißiger Jahre. Und nach diesen ersten Bildern steigt der Reisende aus dem Norden
oder aus Amerika, der nach Jahren der Abwesenheit seine Mutter aufsucht, in den Zug,
und der Film fährt ins Herz Siziliens, das ebenso gut das Herz Deutschlands oder Persiens
sein kann, aber auf jeden Fall unser Herz ist.Sicilia! ist eine Verdichtung, keine Kürzung eines Romans von Elio Vittorini aus den
ausgehenden 30er-Jahren, in dem er verträumt, wiewohl lakonisch und humorvoll seine
Rückkehr nach Sizilien beschreibt. Straub/Huillet folgen ihrem monolithischen
Lebensprojekt, begreifen ihre Schauspieler in einem Brecht'schen Sinne als rezitierende
Körper, die sich rhythmisch komponierte Dialoge zurufen. Unerreicht: Die beinahe
dadaistisch anmutende Dialogsequenz des Reisenden mit dem örtlichen Scherenschleifer,
der keine Scheren schleift.Im Vorprogramm: À propos de NiceRegie: Jean Vigo, Frankreich 1930, 24 Minuten, 35mm, stummMontag, 21. Juli 2025, 19 UhrBlauer Salon, Raum 012, HfG Karlsruhe
Freier Eintritt, Spende erbeten",https://kalender.karlsruhe.de/db/termine/sicilia_35mm_omu
"Arnold Stadler ""Irgendwo. Aber am Meer"" (4 Termine)",2025-07-21T18:30:00,"Bildungszentrum Roncalli-Forum Karlsruhe, Ignatius-Saal","Kriegsstraße 37, 76133 Karlsruhe",49.0051478,8.3968623,"Monika Rihm, KarlsruheWas heißt „erzählen“? Welche Erwartungshaltung wird mit der Ankündigung, eine Geschichte erzählen zu wollen, beim Gegenüber ausgelöst? Und umgekehrt gefragt: Was löst das Bedürfnis aus, anderen etwas erzählen zu wollen, ja vielleicht sogar: erzählen zu müssen? Wie wird erzählt? Welche Stilmittel kommen zum Einsatz?Mit der Lektüre von Arnold Stadlers Irgendwo. Aber am Meer wird der Roncalli-Literaturkreis unter der Leitung der Karlsruher Kulturschaffenden Monika Rihm fortgesetzt, der unter dem Titel „Vom Erzählen“ nun schon zum fünften Mal zu Gesprächen über ausgewählte Werke der zeitgenössischen Literatur einlädt. Die Erfahrungswelten der Teilnehmerinnen und Teilnehmer und ihre persönlichen Lektüreerlebnisse stehen dabei im Mittelpunkt. Literaturwissenschaftliche Vorkenntnisse werden nicht vorausgesetzt. Die Freude am Lesen und am Umgang mit dem Text steht im Vordergrund.Konfrontiert mit der von ihm nicht erwarteten Publikumsreaktion („Das ist ja das reinste weiße Altmännergeschwätz!“) auf seinen Beitrag bei einer Kulturveranstaltung muss Arnold Stadlers Protagonist in seinem Roman Irgendwo, aber am Meer, ein nicht mehr ganz junger Schriftsteller, verwundert feststellen, dass das nicht mehr die Welt ist, die er zu kennen glaubte. Er sucht auf einer Griechenlandreise seiner Verstörung zu ent- und gleichzeitig seinem Ich wieder näherzukommen. Der Autor Arnold Stadler, geboren 1954 in Meßkirch, Baden, mit zahlreichen Preisen – u.a. dem Georg-Büchner-Preis – ausgezeichnet, nimmt seine Leserinnen und Leser mit auf einen Roadtrip der Extraklasse - ironisch, unterhaltsam, nachdenklich.Die Teilnahme ist sowohl an dem Kurs als Ganzem als auch an einzelnen Terminen möglich und sinnvoll. Das Buch zuvor gelesen zu haben ist wünschenswert, aber keineswegs Teilnahmevoraussetzung.Anmeldung erbeten unter: www.roncalli-forum.de.Gebühr: für den gesamten Kurs 28,- €;Einzeltermin 7,- €. Die Rechnungsstellung erfolgt nach Abschluss des Kurses.Text: Arnold Stadler, Irgendwo. Aber am Meer,Frankfurt am Main (S. Fischer) 2023, 224 Seiten, 24,- €,ISBN 978-3-10-075131-7.",https://kalender.karlsruhe.de/db/termine/literatur/arnold_stadler_irgendwo_aber_am_meer_4_termine
Apero Tour,2025-07-21T17:00:00,City Tour durch Karlsruhe,,,,"Bei dieser neu konzipierten Stadtführung der Firma BOService ist Beginn und Ende mit einem kurzen Stopp im Laden vomFASS Karlsruhe verbunden.Julia Kalmbach und ihr Team erwarten uns im Herzen von Karlsruhe direkt am Marktplatz.Nach einem Aperitif, auf Wunsch auch alkoholfrei, beginnen wir unserem ca. 1,5 stündigen Stadtrundgang.Über den Rondellplatz, Stephanplatz, Ludwigsplatz erreichen wir den Botanischen Garten und das Schloss.Als Belohnung erwartet uns dann zu Ende der Tour eine kleine kulinarische Stärkung im Laden vomFass.Auch andere zusätzliche Termine sind jederzeit nach Rücksprache mit dem Veranstalter möglich.Preise:Erwachsene: Euro 15,00Kinder und Jugendliche 6-14 Jahre: freiInfoTel.: 0721/91679888 oder 0170/2935072Internet: www.stadtfuehrungen-karlsruhe.deAnmeldung erforderlichMindestteilnehmerzahl: 6 Personen",https://kalender.karlsruhe.de/db/termine/stadtleben/apero_tour-21
Heimatstadt Karlsruhe Stadtführung,2025-07-21T14:00:00,Tourist-Information am Marktplatz,"Kaiserstraße 72-74, 76133 Karlsruhe",49.0097995,8.4041251,"Trotz seinen gerade einmal 300 Jahren blickt Karlsruhe auf eine bewegte Vergangenheit zurück. Als barocke Planstadt ein Novum seiner Zeit, hat sich die Stadt diesen Pioniergeist bis heute erhalten. Unterwegs mit unseren Stadtführern erfahren Sie alles über die Entstehung Karlsruhes und den Werdegang der Stadt zu einem wichtigen Kultur- und Innovationsstandort. Gespickt mit witzigen Anekdoten und den persönlichen Geheimtipps unserer besten Stadtkenner wird jede Führung ein besonderes Erlebnis.",https://kalender.karlsruhe.de/db/termine/stadtleben/heimatstadt_karlsruhe_stadtfuhrung-283
Zuhause gut älter werden - Beispiele und Möglichkeiten,2025-07-21T10:00:00,Hardtwaldzentrum,"Kanalweg 40/42, 76149 Karlsruhe",49.0305562,8.3930973,"Jedes Lebensalter hat seine eigenen Fragen.Im Angebot „Karlsruher Hausbesuch“ bietet die Stadt Karlsruhe älteren Menschen die Möglichkeit, ihre persönlichen Fragen mit einer Beraterin zu besprechen.Sie erhalten individuell Informationen, weiterführende Beratung und bei Bedarf auch einmalige Begleitung, um weiterführende Unterstützung zu erhalten.Bei diesem Vortrag stellt Susanne Butz, die die Beratungen durchführt, den Karlsruher Hausbesuch vor. Anhand einiger Beispiele zeigt sie, welche Themen für ältere Menschen interessant sein können und wo es hierfür weitere Anlaufstellen, Kontakte, Information und Beratung gibt.Der Vortrag ist kostenlos, eine Anmeldung ist nicht notwendig.Er findet statt im Hardtwaldzentrum, Kanalweg 40/42, 76149 Karlsruhe, Raum Offener Treff (Untergeschoss, Aufzug vorhanden).Der Karlsruher Hausbesuch ist ein Angebot der Stadt Karlsruhe. Er richtet sich an Bürgerinnen und Bürger ausgewählter Stadtteile zum 75., 80. und 85. Geburtstag. Die Beratung ist kostenlos. Zu den Stadtteilen gehören Oberreut, Grünwinkel, Mühlburg, Daxlanden, Knielingen, Nordweststadt, Neureut, Nordstadt. Neu hinzugekommen sind Innenstadt Ost und Innenstadt WestWeitere Informationen und Kontakt:Susanne Butz, Tel. 0721 91230-71, hausbesuch@paritaet-ka.de.Grafik: © tynyuk/stock.adobe.com",https://kalender.karlsruhe.de/db/termine/literatur/zuhause_gut_alter_werden_beispiele_und_moglichkeiten
Schulvorstellung Kindermusical,2025-07-21T10:00:00,Lutherkirche (am Gottesauer Platz),"Durlacher Allee 23, am Gottesauer Platz, 76131 Karlsruhe",,,"Kinder- und Jugendkantorei der LutheranaCappella LutheranaRegie: Natalia Haagen, Leitung: Dorothea Lehmann-Horsch & MusicalteamDieses Mal geht es um die bekannte biblische Geschichte von „Jona“ – Jona ist ein besonderer Junge, weil er Gott widerspricht und dessen Auftrag nicht annimmt. In diesem Kindermusical wird er deshalb als Schüler dargestellt, der gelernt hat, alles zu diskutieren und in Frage zu stellen. Ein Witz, der sich als Running Gag durch das Stück zieht („Zwei Männer fallen durch einen Schornstein…“) veranschaulicht humorvoll, wie das funktioniert.Auf einer abenteuerlichen Reise wird Jona bei einem großen Sturm aus dem Schiff ins Meer geworfen, von einem Wal verschluckt und wieder ausgespuckt. Er schafft es dann doch irgendwann bis nach Ninive und wendet alles zum Guten – und er hat dabei gelernt, dass er nicht immer Recht haben kann, mit Ausnahme der Geschichte von den zwei Männern, die durch einen Schornstein gefallen sind…Die Aufführungen werden durch ein Kammerorchester und professionelle Licht- und Tontechnik vervollkommnet. Das Musical ist durch seine hohe musikalische Qualität ein besonderes kulturelles Angebot – nicht nur für Familien. Es ist für Kinder geeignet, die in der Lage sind, einer Aufführung mit der Dauer von ca. einer Stunde aufmerksam zu folgen. Schulklassen melden sich bitte frühzeitig an. E-Mail an veronika.kiefhaber@lutherana.de",https://kalender.karlsruhe.de/db/termine/musik/schulvorstellung_kindermusical
Freies Tanzen Karlsruhe,2025-07-20T21:00:00,"Altes Stadion, KIT Campus Süd","Engesserstraße 17, 76131 Karlsruhe",49.011175,8.4146076,barfuss oder mit Tanzschuhen auf Parkettboden in der grossen Sporthalleimmer 2 DJ:Janes von zur Zeit 12 Aktivenkeine Anmeldung erforderlichkommt einfach zwischen 21-23 Uhr vorbeimit der Bitte um Geld-Einwurf in die am DJ Pult stehende Spendendose entsprechend eurer Wertschätzung,https://kalender.karlsruhe.de/db/termine/theater/freies_tanzen_karlsruhe-76
LONDON AFROBEAT COLLECTIVE,2025-07-20T20:30:00,Kulturzentrum Tollhaus,"Alter Schlachthof 35, 76131 Karlsruhe",49.0044252,8.4317094,"Im Geiste des legendären Afrobeat-Gründers Fela Kuti fackelt diese politisch-aktivistische Partymaschine ein Live-Feuerwerk mit kräftigen Bässen und Rhythmen ab und erschafft dabei ihre spezielle Spielart des AfroBeat. Das neunköpfige, mit Mitgliedern aus England, Italien, Frankreich, Kongo, Argentinien und Neuseeland bunt zusammengewürfelte Kollektiv kombiniert die Einflüsse von Fela, Parliament, Funkadelic, Frank Zappa, aus Afrika und Lateinamerika zu einem unwiderstehlichen Sound, der sich aus Funk, Jazz, Rock und Dub die besten Bestandteile zusammensucht, um etwas Neues zu entwickeln. Seit 2017 ist das London Afrobeat Collective in Großbritannien und Europa auf Tour. Mit ihren schweißtreibenden und vielfarbigen Konzerten, mit hypnotischen Grooves, stampfenden Rhythmen und schwebende Melodien, aber auch kritischen und aufmunternden Texten und Botschaften begeistern sie die Menschen und setzen sie unmittelbar in Bewegung.",https://kalender.karlsruhe.de/db/termine/musik/london_afrobeat_collective
Internationaler Orgelsommer Karlsruhe,2025-07-20T20:30:00,Ev. Stadtkirche Karlsruhe,"Marktplatz, 76133 Karlsruhe",49.0089483,8.4038789,"2. Konzert mit Sarah Kim, ParisWerke von Händel, Mozart, Karg-Elert, VierneDer Internationale Orgelsommer Karlsruhe – an sechs Sonntagen im Juli und August – ist seit Jahren ein Forum für herausragende Organistinnen und Organisten aus aller Welt. Die beiden hervorragenden Orgeln der Stadtkirche ermöglichen eine adäquate Umsetzung nahezu aller Stilbereiche.Vor jedem Orgelkonzert gibt es in der Talk-Runde „Das Blaue Sofa“ (19.30–20.00 Uhr) die Möglichkeit, mit dem Organisten des Abends ins Gespräch zu kommen und zugleich eine Einführung in das Konzertprogramm zu erhalten.Kartenvorverkauf:> www.tickets-stadtkirche.de> Musikhaus Schlaile, Kaiserstr. 175, Karlsruhe> Touristinformation Karlsruhe, Marktplatz> Buchhandlung Mächtlinger, Pfinztalstr. 36, Durlach",https://kalender.karlsruhe.de/db/termine/musik/internationaler_orgelsommer_karlsruhe-18
"""schön luftig“  der Egoist",2025-07-20T20:00:00,Kulturzentrum Tempel / Scenario Halle,"Hardtstraße 37a, 76185 Karlsruhe",49.013903,8.3578352,"Über Tanz zwischen Schaufensterpuppen, aufblasbaren Sofa und Regenschirmen. Auseinandersetzung mit egoistischen Verhalten in einer apokalyptischen Welt.In einer Welt, in der Egoismus wie ein Schatten über den Straßen schwebt, begeben sich 7 TänzerInnen auf eine Reise der Empathie. Sie wollen ihre Gedanken und Gefühle zu Papier bringen, in der Hoffnung, Gleichgesinnte zu finden. Doch je mehr sie so gegen den Egoismus  unserer Zeit angehen, desto mehr verwandelt sich ihre Umgebung in etwas Skurriles und Unvorhersehbares - schön luftig eben.",https://kalender.karlsruhe.de/db/termine/theater/schon_luftig_der_egoist-1
Der Anruf,2025-07-20T20:00:00,Das Sandkorn Theater & Mehr,"Kaiserallee 11, 76133 Karlsruhe",49.0102313,8.3851507,"In diesem hochspannenden Bühnenkrimi ist nichts so, wie es scheint!Während ihrer Nachtschicht im Computer-Callcenter erhält Mitarbeiterin Eva einen folgenreichen Anruf: Marc hat Probleme mit seinem Laptop. Eva hilft dem sympathischen Anrufer gern, und das Gespräch wird zunehmend privat: Marc lässt seinen Charme spielen, zeigt sich als aufmerksam und witzig. Die beiden flirten miteinander, tauschen Komplimente aus – ein Treffen bahnt sich an.Doch der Schein trügt: Denn Marc entpuppt sich als Evas Stalker, der beängstigend detaillierte Einblicke in ihr Privatleben genießt. Zwischen der Callcenter-Mitarbeiterin und dem Anrufer beginnt ein Katz-und-Maus-Spiel, in dessen Verlauf der Mann am Telefon immer mehr zur ernstzunehmenden Bedrohung wird. Denn auch Eva hütet ein dunkles Geheimnis …Das bedrohliche Spiel rund um Täter und Opfer hält den Zuschauer bis zum Schluss in Atem. Denn in diesem überraschenden Krimi voller unerwarteter Wendungen ist niemand ohne Schuld.Auf der Bühne: Sandra Förster, Oliver FobeRegie: Karsten Engelhardt",https://kalender.karlsruhe.de/db/termine/theater/der_anruf-34
"""Kunst"" (Zum vorletzten Mal)",2025-07-20T19:30:00,"Badisches Staatstheater, STUDIO","Baumeisterstraße 11, 76137 Karlsruhe",49.0048704,8.4046989,,https://kalender.karlsruhe.de/db/termine/theater/kunst_zum_vorletzten_mal
Aurora - Wunder des Nordlichts,2025-07-20T19:00:00,PLANET KA Planetarium Karlsruhe,"Alter Schlachthof 4, 76131 Karlsruhe",49.0039151,8.4304661,"Das Polarlicht gehört zu den wunderbarsten Naturerscheinungen, die man erleben kann: als Nordlicht („Aurora Borealis“) im hohen Norden und als Südlicht („Aurora Australis“) im tiefen Süden.Dem koreanischen Astrophotographen Kwon O Chul gelang es weltweit zum ersten Mal, diese Leuchterscheinung in ihren vielen Facetten aufzunehmen. In Echtzeit und 4K-Auflösung offenbart die ultra-hochempfindliche Kameratechnik die Schönheit und Vielfalt des Polarlichts – ein grandioser Tanz der Formen und Farben im „Rundum-Format“ an der Sternenkuppel des Planetariums!Originalaufnahmen von Bord der Internationalen Raumstation ISS und naturgetreue Computer-Visualisierungen bringen uns Legenden und die wissenschaftliche Untersuchung der Polarlichter näher.Eine Produktion von Kwon O ChulZur Einleitung präsentieren wir live den aktuellen Sternenhimmel über Karlsruhe.Dauer ca. 60 MinutenFür Erwachsene und Kinder ab 10 JahreEinlass: ab ca. 30 Min. vor Beginn.Bitte beachten: Kein Nacheinlass!Ungenutzte Tickets verfallen ersatzlos.",https://kalender.karlsruhe.de/db/termine/wirtschaft/aurora_wunder_des_nordlichts-4
20 Jahre Physikerchor - Jubiläumskonzert,2025-07-20T19:00:00,Kirche Christi-Auferstehung,"Ökumeneplatz , Röntgenstraße1, 76133 Karlsruhe",,,"Mit diesem Jubiläumsprogramm zeigt der Physikerchor wieder seine Vielseitigkeit und das alles a cappella: Wir singen auf Schwedisch, Italienisch, Latein, Englisch, Persisch und sogar auch auf Deutsch. Die musikalische Reise geht von der Kirchenmusik und dem Karneval des 16. Jahrhunderts bis zur aktuellen Popbühne.Es wird gestaunt und geträumt, aber es zieht sich auch viel Humor durch das Programm. Doch Musik schafft es auch Konflikten, innerlich und äußerlich, eine Stimme zu geben.Wir freuen uns darauf in etwa einer Stunde das Leben in vollen Zügen zu feiern.Der Eintritt ist frei.Leitung: Benjamin FörsterSamstag 19. Juli 2025, 15:00 UhrGaede Hörsaal, Engesserstraße 7, KarlsruheZur Feier des Jubiläums laden wir anschließend an das Konzert zum gemeinsamen Grillen ein.Sonntag, 20. Juli 2025, 19:00 UhrChristi Auferstehungskirche, Röntgenstraße 3, Karlsruhe",https://kalender.karlsruhe.de/db/termine/musik/20_jahre_physikerchor_jubilaumskonzert
Grötzinger Musiktage,2025-07-20T19:00:00,Evangelische Kirche Karlsruhe-Grötzingen,"Kirchstraße 15, 76229 Karlsruhe",49.0033892,8.4990045,"Julius Calvelli-Adorno, Martin Höfler, Violine - Akiko Hirataka, Viola - Martin Dörfler, VioloncelloJoseph HaydnStreichquartett D-Dur op. 64 Nr. 5 („Lerchenquartett“Ludwig van BeethovenStreichquartett a-Moll op. 132",https://kalender.karlsruhe.de/db/termine/musik/grotzinger_musiktage-18
22. Sinfoniekonzert,2025-07-20T19:00:00,"Hochschule für Musik Karlsruhe, CampusOne, Wolfgang-Rihm-Forum","Am Schloss Gottesaue 7, 76131 Karlsruhe",49.0049037,8.4265908,"George Gershwin(1898–1937) An American In ParisWolfgang Amadeus Mozart(1756–1791) Konzert für Klavier und Orchester c-Moll KV 491Edward Elgar(1857–1934) Variations on an Original Theme ‚Enigma‘Shichan Li,KlavierSchulmusikOrchester der Hochschule für Musik KarlsruheLeitungStefan OttersbachTickets 15 € · 10 € (erm) ohne Zusatzgebühren bei den Vorverkaufsstellenoder online → www.reservix.de zzgl. Gebühren",https://kalender.karlsruhe.de/db/termine/musik/22_sinfoniekonzert
La Traviata (Zum letzten Mal in dieser Spielzeit),2025-07-20T19:00:00,"Badisches Staatstheater, Großes Haus","Hermann-Levi-Platz 1, 76137 Karlsruhe",49.0049938,8.4048954,,https://kalender.karlsruhe.de/db/termine/musik/la_traviata_zum_letzten_mal_in_dieser_spielzeit
"Der Sturm, mein Lieblingswetter (Zum vorletzten Mal in dieser Spielzeit)",2025-07-20T18:30:00,"Badisches Staatstheater, Kleines Haus","Hermann-Levi-Platz 1, 76137 Karlsruhe",49.0049938,8.4048954,,https://kalender.karlsruhe.de/db/termine/theater/der_sturm_mein_lieblingswetter_zum_vorletzten
Die Dinner Party,2025-07-20T18:00:00,Jakobus-Theater im Theaterhaus Karlsruhe,"Kaiserallee 11, 76133 Karlsruhe",49.0102313,8.3851507,"Eine mysteriöses Zusammentreffen von sechs Personen bei einem eleganten Abendessen in Paris. Erst nach und nach erscheinen die Gäste, deren Gastgeber sich im Dunkel hält, und mit ihrem Eintreten werden allmählich die Verstrickungen, in denen sie sich zueinander befinden, offensichtlich.Ihnen allen ist gemeinsam, daß ihre Ehescheidung vom gleichen Rechtsanwalt durchgeführt wurden. Die Einladung geht jedoch zurück auf die scheinbar von ihrem Gatten Andre ermordete, jedoch höchst lebendig als letzte auf dieser seltsamen Party erscheinende Gabrielle. Drei Männer, drei Frauen, drei geschiedene Paare. Gabrielle ist die einzige, die ihren Mann auf jeden Fall zurück will, sie ernennt sich selbst zur Spielmacherin dieser Party, zu deren Einsatz sie für alle die geschiedenen Ehepartner erklärt, doch nur zwei der Paare gewinnen am Schluß das unfreiwillige Spiel ...Regie: Andreas Rüdenauer",https://kalender.karlsruhe.de/db/termine/theater/die_dinner_party-5
Die SONNE - unser lebendiger Stern,2025-07-20T17:00:00,PLANET KA Planetarium Karlsruhe,"Alter Schlachthof 4, 76131 Karlsruhe",49.0039151,8.4304661,"Die SONNE - unser lebendiger SternDie Sonne scheint schon seit viereinhalb Milliarden Jahren auf unsere Erde und erwärmt sie inmitten eines unbarmherzig kalten Weltraums. Sie ist unser nächster Stern und das Kraftwerk unseres Planeten, die Quelle der Energie, die Wind und Wetter und alles Leben antreibt.Der Lauf der Sonnenscheibe über den Himmel - Tag für Tag, Monat für Monat - war für unzählige frühere Zivilisationen die einzige Möglichkeit, die Zeit zu messen.Die Sonne hat es in sich: Obwohl die Sonne ein typischer Zwergstern ist, verbraucht sie jede Sekunde 600 Millionen Tonnen Wasserstoff und ist 500 Mal so massiv wie alle Planeten zusammen.Entdecken Sie die Geheimnisse unseres Sterns in dieser Planetariumsshow und erleben Sie nie zuvor gesehene Bilder der gewaltigen Oberfläche der Sonne in einem beeindruckenden Fulldome-Format und lernen Sie den wichtigsten Stern Ihres Lebens besser kennen!Dauer der Veranstaltung: ca. 60 MinutenAb 10 JahrenEinlass: jeweils ab ca. 30 Min. vor Beginn.Bitte beachten: Kein Nacheinlass möglich!Ungenutzte Tickets verfallen ersatzlos.",https://kalender.karlsruhe.de/db/termine/wirtschaft/die_sonne_unser_lebendiger_stern-18
Kindermusical,2025-07-20T16:00:00,Lutherkirche (am Gottesauer Platz),"Durlacher Allee 23, am Gottesauer Platz, 76131 Karlsruhe",,,"Kinder- und Jugendkantorei der LutheranaCappella LutheranaRegie: Natalia Haagen, Leitung: Dorothea Lehmann-Horsch & MusicalteamDieses Mal geht es um die bekannte biblische Geschichte von „Jona“ – Jona ist ein besonderer Junge, weil er Gott widerspricht und dessen Auftrag nicht annimmt. In diesem Kindermusical wird er deshalb als Schüler dargestellt, der gelernt hat, alles zu diskutieren und in Frage zu stellen. Ein Witz, der sich als Running Gag durch das Stück zieht („Zwei Männer fallen durch einen Schornstein…“) veranschaulicht humorvoll, wie das funktioniert.Auf einer abenteuerlichen Reise wird Jona bei einem großen Sturm aus dem Schiff ins Meer geworfen, von einem Wal verschluckt und wieder ausgespuckt. Er schafft es dann doch irgendwann bis nach Ninive und wendet alles zum Guten – und er hat dabei gelernt, dass er nicht immer Recht haben kann, mit Ausnahme der Geschichte von den zwei Männern, die durch einen Schornstein gefallen sind…Die Aufführungen werden durch ein Kammerorchester und professionelle Licht- und Tontechnik vervollkommnet. Das Musical ist durch seine hohe musikalische Qualität ein besonderes kulturelles Angebot – nicht nur für Familien. Es ist für Kinder geeignet, die in der Lage sind, einer Aufführung mit der Dauer von ca. einer Stunde aufmerksam zu folgen. Karten gibt es für 12/7 € im Vorverkauf beim Musikhaus Schlaile oder direkt an der Konzertkasse.",https://kalender.karlsruhe.de/db/termine/musik/kindermusical-1
„Update! Die Sammlung neu sichten – Szenenwechsel 3“,2025-07-20T15:15:00,Städtische Galerie Karlsruhe,"Lorenzstraße 27, 76135 Karlsruhe",49.0003576,8.3834933,,https://kalender.karlsruhe.de/db/termine/ausstellungen/update_die_sammlung_neu_sichten_szenenwechsel3n-2
Armstrong - die abenteuerliche Reise einer Maus zum Mond,2025-07-20T15:00:00,PLANET KA Planetarium Karlsruhe,"Alter Schlachthof 4, 76131 Karlsruhe",49.0039151,8.4304661,"Eine kleine Maus begibt sich auf eine große ReiseDie kleine, wissbegierige Maus Armstrong ist fasziniert vom Weltraum, besonders vom Mond. Bei klarer Nacht beobachtet sie ihn mit ihrem kleinen Fernrohr und möchte unbedingt mehr über ihn erfahren. Die anderen Mäuse behaupten, er bestünde aus Käse – aber Armstrong glaubt nicht daran. Wie kann sie beweisen, dass der Mond – wie die Erde auch – aus Gestein besteht? Schließlich macht sie sich daran, in ihrer Dachkammer eine Rakete zu bauen, um als erste Maus zum Mond zu fliegen. Wird sie es schaffen? Und was für Abenteuer warten noch auf die mutige kleine Maus?Produktion der Stiftung Planetarium BerlinBild © Torben Kuhlmann/NordSüd VerlagDauer ca. 60 MinutenFür Kinder ab 5 JahrenEinlass ab ca. 30 Min. vor Beginn.Bitte beachten: Kein Nacheinlass!Ungenutzte Tickets verfallen ersatzlos.",https://kalender.karlsruhe.de/db/termine/literatur/armstrong_die_abenteuerliche_reise_einer_maus_zum_mond-1
Filmstars in der Fächerstadt. Die Bambi-Verleihungen in Karlsruhe,2025-07-20T15:00:00,Stadtmuseum im Prinz-Max-Palais,"Karlstraße 10, 76133 Karlsruhe",49.0111857,8.3947581,"Vor 70
Jahren, wurde der Bambi-Filmpreis erstmals in der Fächerstadt im Rahmen einer
öffentlichen Verleihung überreicht. Das Stadtmuseum im Prinz-Max-Palais lässt diese Ära
in der Sonderausstellung bis 28. September 2025 wieder lebendig werden.Am Sonntag, 20. Juli, um 15 Uhr findet ein Erzähl-Café zur Sonderausstellung „Filmstars in
der Fächerstadt“ statt. In der von Eva Unterburg moderierten, lockeren
Gesprächsrunde berichtet ein Zeitzeuge von seiner Arbeit als Filmvorführer,
eine weitere Zeitzeugin schildert ihre Erlebnisse bei den Bambi-Verleihungen.
Geschichten und Beiträge von den Teilnehmenden sind herzlich willkommen.Die Veranstaltung findet in Kooperation mit dem Badischen Landesmuseum statt. Eine
Anmeldung ist nicht erforderlich, die Teilnahme ist kostenlos bzw. im
Eintrittspreis inbegriffen.Foto: Sophia Loren bei der Bambi-Verleihung 1962 in Karlsruhe (Stadtarchiv Karlsruhe, Bildarchiv Schlesiger)",https://kalender.karlsruhe.de/db/termine/ausstellungen/filmstars_in_der_facherstadt_die_bambi-12
Stadtgartenkonzert auf der Seebühne,2025-07-20T15:00:00,Seebühne im Zoologischen Stadtgarten,"Festplatz 7, 76133 Karlsruhe",49.0017172,8.4000128,"Kurz vor der Sommerpause, am
Sonntag den 20. Juli, spielt um 15 Uhr das „Große Blasorchester“ des
Musikverein Einheit Wolfartsweier, unter der Leitung von Philipp Zink, auf der
Seebühne im Stadtgarten Karlsruhe. Viele Jahrzehnte gehörten die Konzerte auf
der Seebühne zur kulturellen Tradition in Karlsruhe, doch diese Veranstaltungen
fielen den Einsparungen der Stadt Karlsruhe zum Opfer. Mit diesem Konzert
möchten die Musiker und Musikerinnen aus dem Karlsruher Bergdorf auf Lösungen
hinweisen, wie Konzerte in diesem schönen Ambiente im Karlsruher Stadtgarten
wieder stattfinden können. Das musikalische Programm reicht von Klassik mit
Melodien aus „Die Lustige Witwe“ von Franz Léhar, über Filmmusik von
„Gladiator“ und „Zurück in die Zukunft“ bis hin zu Musicals und fetzigem
Blasorchestersound. Der Eintritt für das Konzert ist in der Zoo-Eintrittskarte
enthalten.",https://kalender.karlsruhe.de/db/termine/musik/stadtgartenkonzert_auf_der_seebuhne
Kinderwerkstatt „Gutes Wetter draußen! Malen bei Sonne und Regen“,2025-07-20T15:00:00,Städtische Galerie Karlsruhe,"Lorenzstraße 27, 76135 Karlsruhe",49.0003576,8.3834933,,https://kalender.karlsruhe.de/db/termine/ausstellungen/kinderwerkstatt_gutes_wetter_drauen-1
"Dachs, Marder und Co (Tiere des Waldes)",2025-07-20T14:30:00,Waldklassenzimmer,Kanalweg,49.0308152,8.3885978,"Man bekommt sie selten zu Gesicht, da sie meist in der Nacht unterwegs sind. Heute werden Meister Grimbart und seine Marderverwandten bei Helligkeit betrachtet und ihre Merkmale und Lebensweisen näher angeschaut.Referentin:Daniela Klüger, Biologin und WaldpädagoginAnmeldungbis 11. JuliKostenlose Veranstaltung - wir freuen uns über eine Spende!",https://kalender.karlsruhe.de/db/termine/stadtleben/dachs_marder_und_co_tiere_des_waldes
Battle You,2025-07-20T14:15:00,Combo Hip-Hop-Kulturzentrum,"Haid-Und-Neu-Straße 165, 76131 Karlsruhe",49.0238207,8.4470383,,https://kalender.karlsruhe.de/db/termine/theater/battle_you
Jugendstil in der Weststadt (per Rad),2025-07-20T14:00:00,vor dem Eingang der Christuskirche am Mühlburger Tor,76133 Karlsruhe,49.0145529,8.3869012,"Stadtführungen einmal anders - spannend, informativ und immer überraschend! Die Führungen von stattreisen Karlsruhe 
e.V. ermöglichen neue 
Einblicke in Geschichte und Architektur, in das Alltagsleben früherer Zeiten - und in verborgene Ecken und Winkel
der Stadt, die Einheimische und Gäste der Stadt gleichermaßen faszinieren.Anmeldung und Informationen zur Teilnahmegebühr auf der Website!",https://kalender.karlsruhe.de/db/termine/stadtleben/jugendstil_in_der_weststadt_per_rad-4
Entdeckertag am Waldklassenzimmer,2025-07-20T14:00:00,Waldklassenzimmer,Kanalweg,49.0308152,8.3885978,"Heute ist dasWaldklassenzimmergelände geöffnet, ohne dass wir ein spezielles Programm anbieten. Familien können heute entdecken, staunen und frei spielen. Die Nutzung des Geländes erfolgt auf eigene Gefahr und unter Wahrung der Aufsichtspflicht.Ohne Anmeldung - kostenlose Veranstaltung!",https://kalender.karlsruhe.de/db/termine/stadtleben/entdeckertag_am_waldklassenzimmer-16
Pit Pinguin (ab 3),2025-07-20T14:00:00,marotte Theater,"Kaiserallee 11, 76133 Karlsruhe",49.0102313,8.3851507,"Eines Tages liegt ein Ei im Nest.Mama und Papa freuen sich riesig.Aus dem Ei schlüpft eine winziger
grauer Wuschel.Mama und Papa haben alle Flügel voll zu
tun.Aus dem grauen Wuschel wird ein
hungriger kleiner Pinguin.Pit lernt laufen und wie man im ewigen
Eis überlebt.Eines Tages ist Pit groß und das Nest
wird ihm zu klein.Mama und Papa sind ein wenig traurig.Aber das Leben ist voller
Überraschungen.Und eines Tages liegt ein Ei im Nest...Spiel: Friederike Krahl",https://kalender.karlsruhe.de/db/termine/theater/pit_pinguin_ab3n-20
Auf den Spuren der Karlsruher Fußballgeschichte,2025-07-20T14:00:00,City Tour durch Karlsruhe,,,,"Diese ganz besondere Stadtführung per Rad beginnt am Carl-Friedrich-Denkmal zwischen Marktplatz und Schloß.Die ca. 2 -stündige Fahrradtour dreht sich ganz um das Thema Fußball in Karlsruhe von der Geschichte bis in die Gegenwart.Wildparkstadion, Engländerplatz sowie das ehemalige KFV Stadion an der Herzstrasse werden angefahren.Die  Teilnehmern dieser interessanten Fahrradtour erfahren viel über die ehemaligen Fußballspieler Gottfried Fuchs, Julius Hirsch, Walther Bensemann und anderen bekanntenFußballspieler, die zu der Entwicklung des Fußballs in Karlsruhe viel beigetragen haben.Auch die Dauerausstellung ""Ein Stadion schreibt Geschichte"" im angrenzenden Altersheim ""Karlsruher Weg"" ist Bestandteil der Fahrradtour.Auch für Gruppen ist diese Führung nach Absprache mit dem Veranstalter jederzeit möglich.Anmeldung erforderlich unter: Marc.Fischer@boservice.org oder Telefon: 0721/91679888 mobil: 01702935072Preise:Erwachsene: Euro 15,00Kinder und Jugendliche 6-14 Jahre: freiInternet: www.stadtfuehrungen-karlsruhe.de",https://kalender.karlsruhe.de/db/termine/stadtleben/auf_den_spuren_der_karlsruher_fuballgeschichte-24
Der Regenbogenfisch,2025-07-20T13:30:00,PLANET KA Planetarium Karlsruhe,"Alter Schlachthof 4, 76131 Karlsruhe",49.0039151,8.4304661,"Im Kinder- & Familienprogramm:Der Regenbogenfisch und seine FreundeDer Regenbogenfisch ist der schönste Fisch im weiten Ozean. Sein Schuppenkleid schimmert in allen Farben des Regenbogens: Rot, Orange, Gelb, Grün, Blau, Indigo und Violett. Eines Tages verliert er seine Glitzerschuppe. Um sie wiederzufinden, taucht ab in das tiefe Meer. Dort findet er neue Freunde, die ihm helfen, seine Glitzerschuppe wiederzubekommen.Wir laden Euch ein, gemeinsam mit dem Regenbogenfisch in die Tiefsee zu tauchen. Dabei lernt ihr, wie die Farben im Regenbogen entstehen, und wie man die Fische sogar am Sternhimmel findet..Eine Kuppelproduktion nach den Büchern von Marcus Pfister, erschienen im NordSüd-Verlag.Nach den Büchern „Der Regenbogenfisch stiftet Frieden“ und „Der Regenbogenfisch entdeckt die Tiefsee“, erschienen im NordSüd-Verlag.Dauer: ca. 1 Stunde.Empfohlen für Kinder ab 4 Jahren.Einlass ab ca. 30 Minuten vor BeginnBitte beachten: Kein Nacheinlass! Bitte seien Sie pünktlich vor Ort.Ungenutzte Tickets verfallen ersatzlos.",https://kalender.karlsruhe.de/db/termine/literatur/der_regenbogenfisch-18
Lars - der kleine Eisbär,2025-07-20T11:30:00,PLANET KA Planetarium Karlsruhe,"Alter Schlachthof 4, 76131 Karlsruhe",49.0039151,8.4304661,"Lars - der kleine EisbärIn dem spannenden Abenteuer „Kleiner Eisbär in der Walbucht“ von Hans de Beer rettet der kleine Eisbär Lars die Wale vor den Walfängern und aus einer großen Not, in die sie durch das Abschmelzen eines Gletschers geraten sind.Anschließend erfahrt ihr, wie die Eisbären wirklich leben und was ihre Heimat bedroht.Dauer: ca. 1 Stunde. Empfohlen für Kinder von 4 bis 7 Jahren.Einlass: ab 25 Min. vor Beginn.Bitte beachten: Kein Nacheinlass! Bitte seien Sie pünktlich vor Ort.Ungenutzte Tickets verfallen ersatzlos.",https://kalender.karlsruhe.de/db/termine/literatur/lars_der_kleine_eisbar-13
Hardtwaldsiedlung und Franzosenwiese,2025-07-20T11:00:00,Waldring 1,76133 Karlsruhe,49.0145529,8.3869012,"Stadtführungen einmal anders - spannend, informativ und immer überraschend! Die Führungen von stattreisen Karlsruhe 
e.V. ermöglichen neue 
Einblicke in Geschichte und Architektur, in das Alltagsleben früherer Zeiten - und in verborgene Ecken und Winkel
der Stadt, die Einheimische und Gäste der Stadt gleichermaßen faszinieren.Anmeldung und Informationen zur Teilnahmegebühr auf der Website!",https://kalender.karlsruhe.de/db/termine/stadtleben/hardtwaldsiedlung_und_franzosenwiese-5
Herzliche Einladung zur Verabschiedung der Deutschen Frisbeenationalmannschaft zu den World Games nach Chengdu,2025-07-20T11:00:00,MTV Karlsruhe e.V.,"Kanalweg 1, 76131 Karlsruhe",49.0226481,8.416548,"Ein besonderes Highlight findet amSonntag, 20. Juli ab 11:00 Uhrauf dem Gelände des MTV Karlsruhe e.V. statt: einöffentliches Showgame, zu dem alle Interessierten herzlich eingeladen sind – derEintritt ist frei.Das Event wird durch die Anwesenheit hochrangiger Gäste aus Sport und Politik begleitet, unter anderem:Yvette MelchienBürgermeisterin der Stadt Karlsruhe (Ressorts Jugend, Familie, Soziales, Schulen, Sport, Bäder, Migration)Gert RudolphPräsident des
   
    Badischen Sportbunds e. V.Dr. Volker SchlechterPräsident des
   
    Deutschen Frisbeesport-Verbands e. V.Caroline TissonVorsitzende der
   
    Athletenkommission der World Flying Disc Federation (WFDF), Vertreterin desMTV Karlsruhe e. V.Lena TrautmannWorld-Games-Teilnehmerin 2022 und Spielerin des MTV KarlsruheMit Blick auf dieWorld Games 2029, die inKarlsruhe ausgetragen werden, bietet dieses Event bereits einen spannenden Ausblick – sportlich wie atmosphärisch.Alle Zuschauer*innen sind herzlich willkommen, um das Nationalteam live zu erleben und sich von der Dynamik und Fairness des Ultimate-Sports begeistern zu lassen.",https://kalender.karlsruhe.de/db/termine/sportveranstaltung/herzliche_einladung_zur_verabschiedung
Pit Pinguin (ab 3),2025-07-20T11:00:00,marotte Theater,"Kaiserallee 11, 76133 Karlsruhe",49.0102313,8.3851507,"Eines Tages liegt ein Ei im Nest.Mama und Papa freuen sich riesig.Aus dem Ei schlüpft eine winziger
grauer Wuschel.Mama und Papa haben alle Flügel voll zu
tun.Aus dem grauen Wuschel wird ein
hungriger kleiner Pinguin.Pit lernt laufen und wie man im ewigen
Eis überlebt.Eines Tages ist Pit groß und das Nest
wird ihm zu klein.Mama und Papa sind ein wenig traurig.Aber das Leben ist voller
Überraschungen.Und eines Tages liegt ein Ei im Nest...Spiel: Friederike Krahl",https://kalender.karlsruhe.de/db/termine/theater/pit_pinguin_ab3n-19
Bäume der Karlsruher Rheinaue,2025-07-20T11:00:00,Naturschutzzentrum Karlsruhe-Rappenwört,"Hermann-Schneider-Allee 47, 76189 Karlsruhe",48.9961878,8.3035929,"Viele Gegenstände und Lebewesen haben für uns symbolische Bedeutung – ganz besonders die Bäume. Sie galten früher als Wohnort der Götter und Sitz verstorbener Seelen, waren Mittelpunkt der Dörfer und markierten Gerichts- und Festplätze. Jeder Baum hatte seine besondere Bedeutung und jede Baumart einen bestimmten Nutzen.Interessiert Sie aus welcher Baumfrucht man „Kaffee“ hergestellt hat oder welchen Baum die Steinzeitmenschen genutzt haben, um Stoffe anzufertigen – warum die Birke als Maibaum auserkoren wurde und wieso auf den Dorfplätzen meist Linden stehen?Unsere Referentin wird auf all diese Fragen eine Antwort geben.Leitung:Simone Stollenmaier, WaldpädagoginKostenbeitrag:kostenlosAnmeldung bis 17.07.2025 erforderlich.",https://kalender.karlsruhe.de/db/termine/stadtleben/baume_der_karlsruher_rheinaue-2
Heimatstadt Karlsruhe Stadtführung,2025-07-20T11:00:00,Tourist-Information am Marktplatz,"Kaiserstraße 72-74, 76133 Karlsruhe",49.0097995,8.4041251,"Trotz seinen gerade einmal 300 Jahren blickt Karlsruhe auf eine bewegte Vergangenheit zurück. Als barocke Planstadt ein Novum seiner Zeit, hat sich die Stadt diesen Pioniergeist bis heute erhalten. Unterwegs mit unseren Stadtführern erfahren Sie alles über die Entstehung Karlsruhes und den Werdegang der Stadt zu einem wichtigen Kultur- und Innovationsstandort. Gespickt mit witzigen Anekdoten und den persönlichen Geheimtipps unserer besten Stadtkenner wird jede Führung ein besonderes Erlebnis.",https://kalender.karlsruhe.de/db/termine/stadtleben/heimatstadt_karlsruhe_stadtfuhrung-342
Trink Wasser! – Spazier-Tour zu Karlsruher Trinkbrunnen,2025-07-20T11:00:00,Tourist-Information am Marktplatz,"Kaiserstraße 72-74, 76133 Karlsruhe",49.0097995,8.4041251,"Karlsruhe ist eine wichtige ""Wasser- und Brunnenstadt"" in Deutschland. Besonders die Trinkbrunnenkultur erweist sich als vielfältig. An 36 öffentlichen Trinkbrunnen lässt sich der Durst stillen. Sie reichen von den prächtigen Denkmalbrunnen des Stadtbaumeisters Friedrich Weinbrenner über den ""Wasserschöpfenden Knaben"" vor der Kleinen Kirche bis hin zu zeitgenössischen Trinkbrunnen-Skulpturen wie dem ""Waldbrunnen"" oder dem ""Herrenbrunnen"" in der Kaiserstraße.Angesichts des Klimawandels, der immer mehr Hitzetage mit sich bringt, werden Trinkbrunnen immer wichtiger für die Stadt. Sie sind kostengünstige, gut kontrollierte und gesunde Wasserquellen, verbessern das Mikroklima und dienen als Orte des geselligen Miteinanders. Zugleich tragen sie zum Klimaschutz bei: Leitungswasser spart Plastikmüll und CO2 .Dauer:2 StundenTreffpunkt:Touristinformation am MarktplatzPreis:11,00 € pro PersonHinweis:Im Sinne der Nachhaltigkeit bitten wir Sie, Ihr eigenes Trinkgefäß mitzubringen. Es werden aber auch Trinkbecher zur Verfügung gestellt. Bezahlung direkt beim Anbieter. Es gelten die AGB/Stornobedingungen des Anbieters.",https://kalender.karlsruhe.de/db/termine/stadtleben/trink_wasser_spazier_tour_zu_karlsruher_trinkbrunnen-10
5. Kammerkonzert – Aus der Ferne,2025-07-20T11:00:00,"Badisches Staatstheater, Kleines Haus","Hermann-Levi-Platz 1, 76137 Karlsruhe",49.0049938,8.4048954,,https://kalender.karlsruhe.de/db/termine/musik/5_kammerkonzert_aus_der_ferne
KIT Konzertchor: Matinee,2025-07-20T10:30:00,"Audimax, KIT Campus Süd, Straße am Forum 1, 76131 Karlsruhe","Straße am Forum 1, 76131 Karlsruhe, 76131 Karlsruhe",49.0127802,8.4156386,"Am Sonntag, den 20. Juli 2025 um 10:30h veranstaltet der KIT Konzertchor unter Leitung von Nikolaus Indlekofer eine Matinee im Foyer des Audimax. Auf dem Programm stehen zahlreiche Werke von romantischen Minneliedern bis zu beliebten zeitgenössischen Gassenhauern.",https://kalender.karlsruhe.de/db/termine/musik/kit_konzertchor_matinee
Veganer Mitbringbrunch,2025-07-20T10:30:00,Z10,"Zähringerstraße 10, 76131 Karlsruhe",49.0085922,8.4141338,"Ihr habt vegane Leckereien, Appetit und Lust zu teilen? Gleich zwei Mal veranstalten wir wieder einen veganen Mitbringbrunch! Kommt einfach vorbei, ihr braucht keine Anmeldung!",https://kalender.karlsruhe.de/db/termine/stadtleben/veganer_mitbringbrunch-3
Führung Sommerblumen,2025-07-20T10:30:00,Zoologischer Stadtgarten Karlsruhe,"Beim Bahnhofsplatz 4, 76137 Karlsruhe",,,"Zum Beginn der Sommermonate lädt das Gartenbauamt wieder zu
einer Führung im Zoologischen Stadtgarten mit dem Thema
""Sommerblumen"" ein. Knapp 30.000 im Stadtgarten gepflanzte
Sommerblumen in rund 200 verschiedenen Arten und Sorten
versprechen, dass dieser Rundgang durch den Zoologischen
Stadtgarten zu einem abwechslungsreichen Erlebnis wird.Die Mitarbeiter des Gartenbauamtes erläutern
Planungsgrundsätze der Pflanzungen und geben Anregungen zu
Verwendungs- und Pflegehinweisen der Pflanzen.Gerne werden von den Fachleuten des
Gartenbauamtes Fragen zur Garten- und Balkongestaltung mit
Sommerblühern, sowie zu Ansprüchen und Pflege dieser
beantwortet.Treffpunkt ist der Stadtgarteneingang bei der
Nancyhalle.Die Führung selbst ist kostenfrei, jedoch ist der Erwerb einer
gültigen Eintrittskarte erforderlich. Diese kann über das
Online-Ticketbuchungssystem oder vor Ort an den Kassenhäuschen
erworben werden.",https://kalender.karlsruhe.de/db/termine/architektur/fuhrung_sommerblumen-1
Ballettgala After-Show-Party mit DJane Letícia Parmeggiani (Tanz-Fest-Woche),2025-07-19T22:30:00,"Staatstheater, siehe Beschreibung",,,,,https://kalender.karlsruhe.de/db/termine/theater/ballettgala_after_show_party_mit_djane
TANZAB,2025-07-19T22:30:00,Kulturzentrum Tollhaus,"Alter Schlachthof 35, 76131 Karlsruhe",49.0044252,8.4317094,"Einlass 22.00 Uhr, Musik ab 22:30 Uhr, Ende 3 Uhr",https://kalender.karlsruhe.de/db/termine/musik/tanzab
Phantom des Universums,2025-07-19T21:00:00,PLANET KA Planetarium Karlsruhe,"Alter Schlachthof 4, 76131 Karlsruhe",49.0039151,8.4304661,"Die Dunkle Materie ist allgegenwärtig im Universum. Sie ist häufiger als die normale Materie der Sterne und Planeten, aber dennoch unsichtbar. Dass es sie geben muss, zeigen verschiedene astronomische Beobachtungen. Forscher fahnden nach diesem „Phantom des Universums“ mit aufwändigen Experimenten. Begeben Sie sich mit uns auf Spurensuche!Die Show erzählt die Geschichte von der Erforschung der Dunklen Materie, vom Urknall bis zu ihrem indirekten Nachweis im 21. Jahrhundert. Der Film zeigt die ersten Hinweise auf die Existenz der Dunklen Materie in den 1930er Jahren aus der Perspektive von Fritz Zwicky, jenem Wissenschaftler, der den Begriff „Dunkle Materie“ prägte. Er entführt die Zuschauer in die Tiefen einer ehemaligen Goldmine in South Dakota, zum empfindlichsten Dunkle-Materie-Detektor der Welt. Von dort geht es zum Large Hadron Collider, dem weltweit größten und leistungsstärksten Teilchenbeschleuniger am CERN in der Schweiz, wo ein internationales Wissenschaftler-Team zusammenarbeitet, um den Bestandteilen der Dunklen Materie auf die Spur zu kommen. Noch konnte die Dunkle Materie nicht direkt beobachtet werden, doch ihre Existenz wird heute in der Kosmologie kaum noch in Frage gestellt.Produktionsleitung CERN, Berkeley Lab, u.a.Dauer der gesamten Veranstaltung: ca. 60 MinutenEinlass: ab ca. 30 Min. vor Beginn.Bitte beachten: Kein Nacheinlass möglich!Ungenutzte Tickets verfallen ersatzlos.",https://kalender.karlsruhe.de/db/termine/wirtschaft/phantom_des_universums-14
"""schön luftig“ der Egoist",2025-07-19T20:30:00,Kulturzentrum Tempel / Scenario Halle,"Hardtstraße 37a, 76185 Karlsruhe",49.013903,8.3578352,"Über Tanz zwischen Schaufensterpuppen, aufblasbaren Sofa und Regenschirmen. Auseinandersetzung mit egoistischen Verhalten in einer apokalyptischen Welt.In einer Welt, in der Egoismus wie ein Schatten über den Straßen schwebt, begeben sich 7 TänzerInnen auf eine Reise der Empathie. Sie wollen ihre Gedanken und Gefühle zu Papier bringen, in der Hoffnung, Gleichgesinnte zu finden. Doch je mehr sie so gegen den Egoismus  unserer Zeit angehen, desto mehr verwandelt sich ihre Umgebung in etwas Skurriles und Unvorhersehbares - schön luftig eben.",https://kalender.karlsruhe.de/db/termine/theater/schon_luftig_der_egoist
BLOOD RED SHOES,2025-07-19T20:30:00,Kulturzentrum Tollhaus,"Alter Schlachthof 35, 76131 Karlsruhe",49.0044252,8.4317094,"Blood Red Shoes ist ein britisches Alternative-Rock-Duo bestehend aus Laura-Mary Carter und Steven Ansell. Gegründet in der DIY-Punk-Szene im Jahr 2004, haben sie 20 Jahre damit verbracht, durch die Welt zu touren und ihren Ruf für laute und energiegeladene Liveshows aufzubauen. Sechs Studioalben haben sie veröffentlicht, die alle versteckte Twin Peaks-Referenzen enthalten. Blood Red Shoes sind der Meinung, dass der Rock'n'Roll nie aussterben wird, aber er wird alt und schräg.Foto: Steve Gullick",https://kalender.karlsruhe.de/db/termine/musik/blood_red_shoes
Dumm g`loffe,2025-07-19T20:15:00,Badisch Bühn Mundarttheater gGmbH,"Durmersheimer Straße 6, 76185 Karlsruhe",49.007904,8.3560023,"Uraufführung der Badisch Bühn zum 100-jährigen Jubiläum des Grünwinkler BürgervereinsDer junge Fabian Grünzeh muss sich vor dem Schwurgericht verantworten. Er ist angeklagt, den Autoschrotthändler Raimund Rummelsbacher getötet zu haben. Obwohl das Opfer vor seinem unfreiwilligen Dahinscheiden noch den Namen des mutmaßlichen Täters flüstern konnte, ist die Beweislage alles andere als eindeutig. Und auch die widersprüchlichen Zeugenaussagen tragen nicht wirklich zu einem überzeugenden Gesamtbild bei.Was ist Wahrheit, was ist Lüge? Welches Urteil erwartet den Angeklagten? Und ist damit der Fall tatsächlich gelöst?Wer Antworten auf diese Fragen und dabei gut unterhalten werden will, sollte sich das neue Stück der Badisch Bühn keinesfalls entgehen lassen.",https://kalender.karlsruhe.de/db/termine/theater/dumm_gloffe-11
Der Anruf,2025-07-19T20:00:00,Das Sandkorn Theater & Mehr,"Kaiserallee 11, 76133 Karlsruhe",49.0102313,8.3851507,"In diesem hochspannenden Bühnenkrimi ist nichts so, wie es scheint!Während ihrer Nachtschicht im Computer-Callcenter erhält Mitarbeiterin Eva einen folgenreichen Anruf: Marc hat Probleme mit seinem Laptop. Eva hilft dem sympathischen Anrufer gern, und das Gespräch wird zunehmend privat: Marc lässt seinen Charme spielen, zeigt sich als aufmerksam und witzig. Die beiden flirten miteinander, tauschen Komplimente aus – ein Treffen bahnt sich an.Doch der Schein trügt: Denn Marc entpuppt sich als Evas Stalker, der beängstigend detaillierte Einblicke in ihr Privatleben genießt. Zwischen der Callcenter-Mitarbeiterin und dem Anrufer beginnt ein Katz-und-Maus-Spiel, in dessen Verlauf der Mann am Telefon immer mehr zur ernstzunehmenden Bedrohung wird. Denn auch Eva hütet ein dunkles Geheimnis …Das bedrohliche Spiel rund um Täter und Opfer hält den Zuschauer bis zum Schluss in Atem. Denn in diesem überraschenden Krimi voller unerwarteter Wendungen ist niemand ohne Schuld.Auf der Bühne: Sandra Förster, Oliver FobeRegie: Karsten Engelhardt",https://kalender.karlsruhe.de/db/termine/theater/der_anruf-33
Chorhochzwei – SWR Vokalensemble trifft Kammerchor,2025-07-19T19:30:00,Christuskirche Karlsruhe,"Riefstahlstraße , 76133 Karlsruhe",49.0118324,8.3863698,"Chorhochzwei – PsalmenZAD MOULTAKA:Sakata / Psalm 60FELIX MENDELSSOHN BARTHOLDY:Drei Psalmen, op 78CYRILLUS KREEK:Psalmen DavidsSWR VokalensembleKammerchor der Christuskirche KarlsruheEinstudierung: Peter Gortner / Benjamin HartmannYuval Weinberg, LeitungTicketvorverkauf und ReservierungTicketsunter www.reservix.de oder bei Musikhaus Schlaile.Reservierung von Tickets zur Abholung an der Abendkasse hier.Eintritt: 20 € | 15 € Erm. Freie Platzwahl.Wenn Sie ihr Ticket nicht im Vorverkauf kaufen möchten, können Sie sich weiterhin über die Website vorab registrieren und erhalten dann ihre Tickets persönlich an der Abendkasse. Wir freuen uns über ihre Anmeldung oder ihren Ticketkauf im Vorfeld der Veranstaltung und bedanken uns bei Ihnen am Einlass mit einen Getränkegutschein für die Konzertpause. Ihr Reservix-Ticket gilt ebenso als Getränkegutschein.SWR VokalensembleDer Rundfunkchor des SWR gehört zu den internationalen Spitzenensembles unter den Profichören. Gegründet im Jahr 1946, widmet sich das Ensemble bis heute mit Leidenschaft und höchster sängerischer Kompetenz der exemplarischen Aufführung und Weiterentwicklung der Vokalmusik. Die instrumentale Klangkultur und die stimmliche und stilistische Flexibilität der Sängerinnen und Sänger sind einzigartig und faszinieren nicht nur das Publikum in nationalen und internationalen Konzertsälen, sondern auch die Komponistinnen und Komponisten.Seit September 2020 steht Yuval Weinberg als Chefdirigent an der Spitze des SWR Vokalensembles. Er stellt in seinen Programmen die A-cappella-Literatur des 19. und 20. Jahrhunderts in einen Kontext mit Alter Musik und dem Repertoire neuer Vokalwerke, die für das SWR Vokalensemble geschrieben wurden. Für seine Konzerte liebt er unkonventionelle Orte wie unterirdische Wasserspeicher oder eine ehemalige Autowerkstatt. Aber auch im Konzertsaal sorgt er für Erlebnisse: Souverän und mit leichter Hand führt er seine Sänger:innen durch die anspruchsvollen Partituren und lässt einen intensiven Klang und einzigarten Ensemblegeist entstehen.",https://kalender.karlsruhe.de/db/termine/musik/chorhochzwei_swr_vokalensemble_trifft_kammerchor
Tanzabend beim TSC Rot-Weiss Karlsruhe,2025-07-19T19:30:00,Tanzsportzentrum des TSC Rot-Weiss Karlsruhe e.V.,"Eichelbergstraße 34, 76189 Karlsruhe",48.9981931,8.3489715,"Bei unseren monatlichen Tanzabenden könnt Ihr ganz zwanglos zu bester Tanzmusik über das Parkett schweben, sei es zum Üben und Festigen der erlernten Schritte, zum Ausprobieren oder einfach nur so zum Genießen.Der Eintritt ist frei!",https://kalender.karlsruhe.de/db/termine/musik/tanzabend_beim_tsc_rot_weiss_karlsruhe-5
Ballettgala (Tanz-Fest-Woche),2025-07-19T19:30:00,"Badisches Staatstheater, Großes Haus","Hermann-Levi-Platz 1, 76137 Karlsruhe",49.0049938,8.4048954,,https://kalender.karlsruhe.de/db/termine/theater/ballettgala_tanz_fest_woche
Zeitreise - Vom Urknall zum Menschen,2025-07-19T19:00:00,PLANET KA Planetarium Karlsruhe,"Alter Schlachthof 4, 76131 Karlsruhe",49.0039151,8.4304661,"Wie war das mit dem Urknall? Woher kommen die Sterne und Planeten? Was hat sich auf der Erde abgespielt?Auf einer Zeitreise vom Beginn des Universums bis heute werden Sie Zeuge von der Geburt der ersten Sterne und der Entstehung der Milchstraße. Sie erleben gewaltige Sternexplosionen, katastrophale Kometeneinschläge auf der Ur-Erde und die Entwicklung des Lebens.Um die dabei auftretenden unvorstellbar großen Zeiträume besser zu begreifen, denken wir uns die kosmische Geschichte auf die Länge eines Jahres verkürzt. Das Universum wäre demnach am 1. Januar entstanden und ein Tag entspräche 40 Millionen Jahren in der Wirklichkeit. Das Aussterben der Dinosaurier vor 65 Millionen „realen“ Jahren fiele auf den 30. Dezember des kosmischen Jahres und unsere heutige Zeit, in der wir das Weltall mit Teleskopen erforschen, auf den 31. Dezember kurz vor Mitternacht. Kommen Sie mit auf eine Reise durch rund 14 Milliarden Jahre Weltgeschichte!Eine Produktion zehn deutscher Planetarien, unter anderem des Planetariums Mannheim, und unter Federführung des LWL-Planetariums MünsterDauer der Veranstaltung: ca. 75 MinutenFür Erwachsene und Kinder ab 10 JahrenEinlass: ab ca. 30 Min. vor Beginn.Bitte beachten: Kein Nacheinlass möglich! Bitte seien Sie pünktlich.Ungenutzte Tickets verfallen ersatzlos.",https://kalender.karlsruhe.de/db/termine/wirtschaft/zeitreise_vom_urknall_zum_menschen-6
Die Tagesshow – It’s called Fake News (Im Anschluss Nachgespräch mit Journalist Constantin Schreiber),2025-07-19T19:00:00,"Badisches Staatstheater, STUDIO","Baumeisterstraße 11, 76137 Karlsruhe",49.0048704,8.4046989,,https://kalender.karlsruhe.de/db/termine/theater/die_tagesshow_its_called_fake_news_im
Unsere Wünsche – Unsere Utopien,2025-07-19T19:00:00,Alt-Katholische Kirche,"Ökumeneplatz, Röntgenstraße 1, 76133 Karlsruhe",,,"Rechtsdruck, Klimawandel und Krieg lassen uns Sorgen um unsere 
Zukunft machen. Im reaktionären Kampf gegen die negativen Entwicklungen 
in unserer Gesellschaft geht die Hoffnung auf eine bessere Welt schnell 
unter. In unserem Programm stellen wir unsere Wünsche und unsere Utopien
 wieder in den Mittelpunkt, um aus ihnen neue Kraft zu schöpfen und 
gemeinsam für eine freiere, gerechtere und tolerantere Welt einzustehen.",https://kalender.karlsruhe.de/db/termine/musik/unsere_wunsche_unsere_utopien
Die Verlorenen (Nur noch wenige Male),2025-07-19T18:30:00,"Badisches Staatstheater, Kleines Haus","Hermann-Levi-Platz 1, 76137 Karlsruhe",49.0049938,8.4048954,,https://kalender.karlsruhe.de/db/termine/theater/die_verlorenen_nur_noch_wenige_male
Mädchenschrift,2025-07-19T18:00:00,"Badisches Staatstheater, INSEL","Karlstrasse 49 b, 76133 Karlsruhe",49.0047189,8.3957424,,https://kalender.karlsruhe.de/db/termine/theater/madchenschrift-1
6. Grünwinkler Nachtflohmarkt,2025-07-19T18:00:00,Parkplatz Pfitzenmeier Premium Ressort,"Rudolf-Freytag-Straße 6, 76189 Karlsruhe",49.0000731,8.3457944,"Endlich
kann wieder gefeilscht und gestöbert werden. Der Termin für unseren 6.
Grünwinkler Nachtflohmarkt steht fest: 19.07.2025. Möchten Sie  einen Stand? 5x5
Meter für 20 € oder 5x7 Meter für 35 €? Mittlerweile sind wir ausverkauft und können Sie nur auf die Warteleiste setzen, wenn jemand absagt.Schreiben
Sie uns mit Angabe einer Telefonnummer an flohmarkt@bv-gruenwinkel.deAnsonst, einfach vorbei kommen und stöbern, von 18 - 0 Uhr. Speisen und Getränke sind vorhanden.",https://kalender.karlsruhe.de/db/termine/messen_und_kongresse/6_grunwinkler_nachtflohmarkt
Hidden Talents (Tanz-Fest-Woche),2025-07-19T17:30:00,"Staatstheater, siehe Beschreibung",,,,,https://kalender.karlsruhe.de/db/termine/theater/hidden_talents_tanz_fest_woche-3
Die SONNE - unser lebendiger Stern,2025-07-19T17:00:00,PLANET KA Planetarium Karlsruhe,"Alter Schlachthof 4, 76131 Karlsruhe",49.0039151,8.4304661,"Die SONNE - unser lebendiger SternDie Sonne scheint schon seit viereinhalb Milliarden Jahren auf unsere Erde und erwärmt sie inmitten eines unbarmherzig kalten Weltraums. Sie ist unser nächster Stern und das Kraftwerk unseres Planeten, die Quelle der Energie, die Wind und Wetter und alles Leben antreibt.Der Lauf der Sonnenscheibe über den Himmel - Tag für Tag, Monat für Monat - war für unzählige frühere Zivilisationen die einzige Möglichkeit, die Zeit zu messen.Die Sonne hat es in sich: Obwohl die Sonne ein typischer Zwergstern ist, verbraucht sie jede Sekunde 600 Millionen Tonnen Wasserstoff und ist 500 Mal so massiv wie alle Planeten zusammen.Entdecken Sie die Geheimnisse unseres Sterns in dieser Planetariumsshow und erleben Sie nie zuvor gesehene Bilder der gewaltigen Oberfläche der Sonne in einem beeindruckenden Fulldome-Format und lernen Sie den wichtigsten Stern Ihres Lebens besser kennen!Dauer der Veranstaltung: ca. 60 MinutenAb 10 JahrenEinlass: jeweils ab ca. 30 Min. vor Beginn.Bitte beachten: Kein Nacheinlass möglich!Ungenutzte Tickets verfallen ersatzlos.",https://kalender.karlsruhe.de/db/termine/wirtschaft/die_sonne_unser_lebendiger_stern-15
Apero Tour,2025-07-19T17:00:00,City Tour durch Karlsruhe,,,,"Bei dieser neu konzipierten Stadtführung der Firma BOService ist Beginn und Ende mit einem kurzen Stopp im Laden vomFASS Karlsruhe verbunden.Julia Kalmbach und ihr Team erwarten uns im Herzen von Karlsruhe direkt am Marktplatz.Nach einem Aperitif, auf Wunsch auch alkoholfrei, beginnen wir unserem ca. 1,5 stündigen Stadtrundgang.Über den Rondellplatz, Stephanplatz, Ludwigsplatz erreichen wir den Botanischen Garten und das Schloss.Als Belohnung erwartet uns dann zu Ende der Tour eine kleine kulinarische Stärkung im Laden vomFass.Auch andere zusätzliche Termine sind jederzeit nach Rücksprache mit dem Veranstalter möglich.Preise:Erwachsene: Euro 15,00Kinder und Jugendliche 6-14 Jahre: freiInfoTel.: 0721/91679888 oder 0170/2935072Internet: www.stadtfuehrungen-karlsruhe.deAnmeldung erforderlichMindestteilnehmerzahl: 6 Personen",https://kalender.karlsruhe.de/db/termine/stadtleben/apero_tour-20
Die Lukaskirche und ihr Architekt – Zum 100. Geburtstag von Erich Rossmann (1925–2010),2025-07-19T17:00:00,"Evang. Lukaskirche, Hagenstraße 7",,,,"Programm:• Vortrag von Dr. Clemens Kieser (Landesamt für Denkmalpflege):  „Auf 
den Schultern von Riesen: Die Lukaskirche zwischen Tradition und 
Moderne“• Buchvorstellung:  „Im Dammerstock habe ich mich immer verirrt“ – 
Erinnerungen aus einem Karlsruher Architektenleben von Erich 
Rossmann (Verlag der Buchhandlung Walther und Franz König, Köln 2025)• Kurzvortrag von Friedrich Waltz:  „Das Büro Rossmann + Partner und 
sein Chef“ – Erinnerungen eines Mitarbeiters aus dreißig JahrenIm Anschluss:Gespräche bei badischer Gastlichkeit.Eintritt frei. Alle Interessierten sind herzlich willkommen!Veranstalter:Der Ältestenkreis der Lukasgemeinde und der Verein „Wir für Lukas“ in Zusammenarbeit mit der Ruth- und Erich-Rossmann-Stiftung",https://kalender.karlsruhe.de/db/termine/architektur/die_lukaskirche_und_ihr_architekt_zum
Armstrong - die abenteuerliche Reise einer Maus zum Mond,2025-07-19T15:00:00,PLANET KA Planetarium Karlsruhe,"Alter Schlachthof 4, 76131 Karlsruhe",49.0039151,8.4304661,"Eine kleine Maus begibt sich auf eine große ReiseDie kleine, wissbegierige Maus Armstrong ist fasziniert vom Weltraum, besonders vom Mond. Bei klarer Nacht beobachtet sie ihn mit ihrem kleinen Fernrohr und möchte unbedingt mehr über ihn erfahren. Die anderen Mäuse behaupten, er bestünde aus Käse – aber Armstrong glaubt nicht daran. Wie kann sie beweisen, dass der Mond – wie die Erde auch – aus Gestein besteht? Schließlich macht sie sich daran, in ihrer Dachkammer eine Rakete zu bauen, um als erste Maus zum Mond zu fliegen. Wird sie es schaffen? Und was für Abenteuer warten noch auf die mutige kleine Maus?Produktion der Stiftung Planetarium BerlinBild © Torben Kuhlmann/NordSüd VerlagDauer ca. 60 MinutenFür Kinder ab 5 JahrenEinlass ab ca. 30 Min. vor Beginn.Bitte beachten: Kein Nacheinlass!Ungenutzte Tickets verfallen ersatzlos.",https://kalender.karlsruhe.de/db/termine/literatur/armstrong_die_abenteuerliche_reise_einer_maus_zum_mond
20 Jahre Physikerchor - Jubiläumskonzert & Grillfest,2025-07-19T15:00:00,"KIT Campus Süd, Gaede-Hörsaal, Geb. 30.22","Kaiserstraße 12, 76131 Karlsruhe",49.0094722,8.4115959,"Mit diesem Jubiläumsprogramm zeigt der Physikerchor wieder seine Vielseitigkeit und das alles a cappella: Wir singen auf Schwedisch, Italienisch, Latein, Englisch, Persisch und sogar auch auf Deutsch. Die musikalische Reise geht von der Kirchenmusik und dem Karneval des 16. Jahrhunderts bis zur aktuellen Popbühne.Es wird gestaunt und geträumt, aber es zieht sich auch viel Humor durch das Programm. Doch Musik schafft es auch Konflikten, innerlich und äußerlich, eine Stimme zu geben.Wir freuen uns darauf in etwa einer Stunde das Leben in vollen Zügen zu feiern.Der Eintritt ist frei.Leitung: Benjamin FörsterSamstag 19. Juli 2025, 15:00 UhrGaede Hörsaal, Engesserstraße 7, KarlsruheZur Feier des Jubiläums laden wir anschließend an das Konzert zum gemeinsamen Grillen ein.Sonntag, 20. Juli 2025, 19:00 UhrChristi Auferstehungskirche, Röntgenstraße 3, Karlsruhe",https://kalender.karlsruhe.de/db/termine/musik/20_jahre_physikerchor_jubilaumskonzert_grillfest
Christian Hip Hop Tanzworkshop,2025-07-19T14:30:00,Tanzschule Dance Loft by Mary,"Dieselstraße 8, 76327 Pfinztal",49.007824,8.5242328,"Hip-Hop Tanzen?Neue Mitmenschen kennenlernen?Ein Safe Space du selbst zu sein?Spaß, Leidenschaft, Bewegung erleben ? Respektvoller Umgang?Das erlebst du bei uns;)Manasseist leidenschaftlicherTänzer und Choreograph. Seine Erfahrung von Meisterschaften bis hin zu seinem 1 jährigen Studium in Sydney, Australien in Tanz strahlt er aus.Tanzen ist mehr als Bewegung– es ist Ausdruck von Freude. Bei uns verbinden wir moderne Tanzstile mit einer tiefen Bedeutung, in dem wir bewusste Lieder mit einer Botschaft ausleihen die positive Liedtexte haben aufbauend und inspirierend sind.Wir von DLD Ministrymöchten Tänzern langfristig die Möglichkeit bieten, sich zu entfalten, Community zu schaffen, gemeinsam Raum für mehr schaffen uvm.",https://kalender.karlsruhe.de/db/termine/theater/christian_hip_hop_tanzworkshop
Hinterhofidylle in der Innenstadt-West,2025-07-19T14:00:00,Eingang Karl Apotheke in der Karlstr. 18 (hinter Postgalerie),,,,"Stadtführungen einmal anders - spannend, informativ und immer überraschend! Die Führungen von stattreisen Karlsruhe 
e.V. ermöglichen neue 
Einblicke in Geschichte und Architektur, in das Alltagsleben früherer Zeiten - und in verborgene Ecken und Winkel
der Stadt, die Einheimische und Gäste der Stadt gleichermaßen faszinieren.Anmeldung und Informationen zur Teilnahmegebühr auf der Website!",https://kalender.karlsruhe.de/db/termine/stadtleben/hinterhofidylle_in_der_innenstadt_west-14
Filmstars in der Fächerstadt. Die Bambi-Verleihungen in Karlsruhe,2025-07-19T13:00:00,Stadtmuseum im Prinz-Max-Palais,"Karlstraße 10, 76133 Karlsruhe",49.0111857,8.3947581,"Vor 70
Jahren, wurde der Bambi-Filmpreis erstmals in der Fächerstadt im Rahmen einer
öffentlichen Verleihung überreicht. Das Stadtmuseum im Prinz-Max-Palais lässt diese Ära
in der Sonderausstellung wieder lebendig werden.Bei der kostenlosen Telefonführung am Samstag, 19. Juli, um 13 Uhr dreht sich alles
darum, wie die in der Ausstellung vorgestellten Zeitzeuginnen und Zeitzeugen
die Bambi-Verleihungen in Karlsruhe erlebten. Bei diesem barrierefreien Angebot
gehen die Hörerinnen und Hörer bequem von Zuhause aus per Telefon mit Eva
Unterburg auf Entdeckungsreise durch die Räume und erfahren mehr über die
persönlichen Erinnerungen und besonderen Erlebnisse rund um den bekannten Filmpreis.Die Teilnehmerzahl ist begrenzt, eineAnmeldung bis spätestens 18. Juliunter
stadtmuseum@kultur.karlsruhe.de oder 0721/133-4231 ist erforderlich.Foto: V. l. n. r. mit ihren Bambis in den Händen auf der Bühne in der Schwarzwaldhalle stehend: Heinz
Rühmann, Paula Wessely, Götz George, Loni von Friedl, Ruth Leuwerik, Sophia Loren und Rock Hudson, 1962.©Stadtarchiv Karlsruhe, Bildarchiv Schlesiger",https://kalender.karlsruhe.de/db/termine/ausstellungen/filmstars_in_der_facherstadt_die_bambi-11
Offene Pforte 2025,2025-07-19T13:00:00,Private Gärten und Höfe der Offenen Pforte,,,,"Der Soziale Garten der Arbeitsförderung Karlsruhe gGmbH (afka) präsentiert einen Schaugarten auf einer Fläche von mehr als 7 000 Quadratmetern mit vielen Blumen, Heilkräutern und Gemüsepflanzen, darunter auch seltene und wenig bekannte Arten. Im großen Gewächshaus werden wärmeliebende und exotische Pflanzen kultiviert. Ein besonderer Augen- und Gaumenschmaus sind die mehr als 90 Tomatensorten. Der Soziale Garten ist seit Mai 2023 eine von der Arbeitsförderung Karlsruhe gGmbH (afka) getragene soziale Einrichtung. Im Rahmen der Wiedereingliederung in den Arbeitsprozess 
arbeiten dort bis zu 30 langzeitsarbeitslose Menschen. Es fällt überwiegend gärtnerische Handarbeit an. Ein Großteil der täglichen Ernte in Bioqualität wird an soziale 
Einrichtungen verteilt. Der Garten dient auch als Lernort und wird von Kindern gern besucht. Der Soziale Garten der Arbeitsförderung Karlsruhe gGmbH ist Preisträger der UN-Dekade Biologische Vielfalt 2018. Weitere Informationen erhalten Sie auf der Internetseite: https://www.af-ka.deWo?Gewann: Im Brühl 1, Stadtteil: Wolfartsweier, Zufahrt über Wettersteinstraße in Richtung Norden, auf Höhe der Talwiesenstraße links, 50 Meter Feldweg zum GartenWann?Samstag, 19. Juli von 13 bis 17 UhrWer?Birgit Horstmann und Daniel Schlager",https://kalender.karlsruhe.de/db/termine/stadtleben/offene_pforte2025n-21
Sommerfest und Flohmarkt der Vogelfreunde Neureut,2025-07-19T12:00:00,Vogelpark Neureut,"Bachenweg 2, 76149 Karlsruhe",49.0511714,8.3730632,"Sommerfest und FlohmarktVogelfreunde Neureut 1953 e.V.Auch in diesem Jahr möchten wir Sie gerne wieder zu unserem Sommerfest in den Vogelpark Neureut einladen. Stöbern Sie in unserem Flohmarkt nach tollen Schnäppchen, schlendern Sie durch unsere Parkanlage, sagen Sie unseren Tieren Hallo und stärken Sie sich mit Würstchen, vegetarischen Gerichten oder Kuchen sowie Getränken. Natürlich stehen wir auch immer gern für Gespräche mit interessierten Besuchern zur Verfügung.Zu Essen gibt es Metzgerbratwurst (auch veggie), Kartoffelsalat, Kuchen, außerdem Kaffee und kühle Getränke.Die Einnahmen kommen allesamt den Tieren zu Gute. Der Vogelpark beherbergt das Tierschutzprojekt PAPAVEO, das mit mehreren Tierschutzpreisen ausgezeichnet wurde.Vorbeikommen lohnt sich also allemal! Wir freuen uns auf euch!",https://kalender.karlsruhe.de/db/termine/stadtleben/sommerfest_und_flohmarkt_der_vogelfreunde_neureut-2
Der Regenbogenfisch,2025-07-19T11:30:00,PLANET KA Planetarium Karlsruhe,"Alter Schlachthof 4, 76131 Karlsruhe",49.0039151,8.4304661,"Im Kinder- & Familienprogramm:Der Regenbogenfisch und seine FreundeDer Regenbogenfisch ist der schönste Fisch im weiten Ozean. Sein Schuppenkleid schimmert in allen Farben des Regenbogens: Rot, Orange, Gelb, Grün, Blau, Indigo und Violett. Eines Tages verliert er seine Glitzerschuppe. Um sie wiederzufinden, taucht ab in das tiefe Meer. Dort findet er neue Freunde, die ihm helfen, seine Glitzerschuppe wiederzubekommen.Wir laden Euch ein, gemeinsam mit dem Regenbogenfisch in die Tiefsee zu tauchen. Dabei lernt ihr, wie die Farben im Regenbogen entstehen, und wie man die Fische sogar am Sternhimmel findet..Eine Kuppelproduktion nach den Büchern von Marcus Pfister, erschienen im NordSüd-Verlag.Nach den Büchern „Der Regenbogenfisch stiftet Frieden“ und „Der Regenbogenfisch entdeckt die Tiefsee“, erschienen im NordSüd-Verlag.Dauer: ca. 1 Stunde.Empfohlen für Kinder ab 4 Jahren.Einlass ab ca. 30 Minuten vor BeginnBitte beachten: Kein Nacheinlass! Bitte seien Sie pünktlich vor Ort.Ungenutzte Tickets verfallen ersatzlos.",https://kalender.karlsruhe.de/db/termine/literatur/der_regenbogenfisch-15
"jazz market . ""Three & more - für Reiner Ziegler""",2025-07-19T11:30:00,Hemingway Lounge in Karlsruhe,"Uhlandstrasse 26, 76135 Karlsruhe",49.0093234,8.3747613,"jazz market soll ganz dem virtuosen und leidenschaftlichen Jazzpianisten Reiner Ziegler gelten, der hier in der Hemingway Lounge nicht nur bei der von ihm und Christiane Domino ins Leben gerufenen Reihe BarJazz live an Donnerstagabenden regelmäßig zu hören war. Seine Band ""Three & More“ war sein Jazz Trio, das durch Gastmusiker immer wieder bis zum Quintett erweitert wurde. An diesem Samstag steht die Besetzung auf der Bühne, mit der er in den vergangenen drei Jahren in der Lounge die Sommerpause eingeläutet hat. Reiner Zieglers Freund Rainer Granzin übernimmt den Part am Klavier. Gäste sind die Saxophonistin Regina Fischer und der Geiger Herbert Gärtner. Was bleibt, sind Reiners vielschichtige Musik: eine perfekte Mischung aus Komplexität und Zugänglichkeit, anspruchsvoll und doch eingängig. Der Eintritt ist frei, der ""Musiker-Hut"" steht für einen Obolus an die Künstler am Eingang bereit.",https://kalender.karlsruhe.de/db/termine/musik/jazz_market_three_more_fur_reiner_ziegler
FamilienOrchesterKonzert,2025-07-19T11:30:00,"Hochschule für Musik Karlsruhe, CampusOne, Wolfgang-Rihm-Forum","Am Schloss Gottesaue 7, 76131 Karlsruhe",49.0049037,8.4265908,"Ein interaktives Konzert mit Werken vonGeorge Gershwin(1898–1937) An American In ParisWolfgang Amadeus Mozart(1756–1791) Konzert für Klavier und Orchester c-Moll KV 491Edward Elgar(1857–1934) Variations on an Original Theme ‚Enigma‘Im Anschluss: Musikinstrumente zum Anfassen und Ausprobieren!Shichan Li,KlavierSchulmusikOrchester der Hochschule für Musik KarlsruheLeitungStefan OttersbachModeration & Konzept Studierende des Studiengangs Master MusikpädagogikLeitungDr. Cornelia Wild · Stefanie SchopfIm Anschluss: Musikinstrumente zum Anfassen und Ausprobieren!Bei diesem Konzert gilt für Kinder der ermäßigte Preis von 2,50 €5 € · 2,50 € (erm) ohne Zusatzgebühren bei den Vorverkaufsstellenoder online Tickets → www.reservix.de aber hier zzgl. Gebühren",https://kalender.karlsruhe.de/db/termine/musik/familienorchesterkonzert
"Genuss in Durlach - ein kulinarischer Rundgang zu Durlachs ""Genießerlädlen""",2025-07-19T11:00:00,Denkmal vor Friedrich-Realschule,"Pfinztalstraße 78, 76227 Karlsruhe",48.9999017,8.4694394,"Stadtführungen einmal anders - spannend, informativ und immer überraschend! Die Führungen von stattreisen Karlsruhe 
e.V. ermöglichen neue 
Einblicke in Geschichte und Architektur, in das Alltagsleben früherer Zeiten - und in verborgene Ecken und Winkel
der Stadt, die Einheimische und Gäste der Stadt gleichermaßen faszinieren.Anmeldung und Informationen zur Teilnahmegebühr auf der Website!",https://kalender.karlsruhe.de/db/termine/stadtleben/genuss_in_durlach_ein_kulinarischer-1
Fahrradflohmarkt,2025-07-19T11:00:00,Albschule,"Scheibenhardter Weg 23, 76199 Karlsruhe",48.9804733,8.3917192,"Wir verkaufen alte, gebrauchte Fahrräder, die von unserer Fahrradwerkstatt wieder hergerichtet wurden.Es handelt sich vor allem um ältere Stadt-Fahrräder für Erwachsene. Es sind auch ein paar Tandems und Kinderfahrräder dabei.Der Erlös des Flohmakts wird für Fahrradprojekte der Albschule verwendet: Ausstattung der Radsportgruppe, Instandhaltung der Schulhoffahrzeuge, Material für Bewegungsförderung und Verkehrserziehung sowie für neue Fahrrad-Helme.Anfragen zum Verkauf eigener Fahrräder bitte bis zum 17.7. an radblitz@albschule.de",https://kalender.karlsruhe.de/db/termine/stadtleben/fahrradflohmarkt
Michel in der Suppenschüssel (ab 5),2025-07-19T11:00:00,marotte Theater,"Kaiserallee 11, 76133 Karlsruhe",49.0102313,8.3851507,"Hast du schon mal was von Michel gehört?
Michel aus Lönneberga in Smäland in Schweden?
Dieser Michel ist 5 Jahre alt und so stark wie ein kleiner Ochse. Und wenn er schläft, sieht er aus wie ein kleiner Engel.
Und wenn er nicht schläft, hat er mehr Unsinn im Kopf, als das Jahr Tage hat.
Jedenfalls verging kein Tag, an dem nicht irgendeiner stöhnte: „Oh dieser Michel!“
Dabei tat er das alles nur aus lauter Freundlichkeit und damit alle ein lustiges Leben haben…

 „Wie man Kinderbücher schreibt?
Man muss nur einfach selbst ein Kind gewesen sein. Und sich daran erinnern wie es war.“  (Astrid Lindgren)Spiel: 		Friederike Krahl und Thomas HänselRegie:		Lisa Augustinowski",https://kalender.karlsruhe.de/db/termine/theater/michel_in_der_suppenschussel_ab5n-16
Kindermusical,2025-07-19T11:00:00,Lutherkirche (am Gottesauer Platz),"Durlacher Allee 23, am Gottesauer Platz, 76131 Karlsruhe",,,"Kinder- und Jugendkantorei der LutheranaCappella LutheranaRegie: Natalia Haagen, Leitung: Dorothea Lehmann-Horsch & MusicalteamDieses Mal geht es um die bekannte biblische Geschichte von „Jona“ – Jona ist ein besonderer Junge, weil er Gott widerspricht und dessen Auftrag nicht annimmt. In diesem Kindermusical wird er deshalb als Schüler dargestellt, der gelernt hat, alles zu diskutieren und in Frage zu stellen. Ein Witz, der sich als Running Gag durch das Stück zieht („Zwei Männer fallen durch einen Schornstein…“) veranschaulicht humorvoll, wie das funktioniert.Auf einer abenteuerlichen Reise wird Jona bei einem großen Sturm aus dem Schiff ins Meer geworfen, von einem Wal verschluckt und wieder ausgespuckt. Er schafft es dann doch irgendwann bis nach Ninive und wendet alles zum Guten – und er hat dabei gelernt, dass er nicht immer Recht haben kann, mit Ausnahme der Geschichte von den zwei Männern, die durch einen Schornstein gefallen sind…Die Aufführungen werden durch ein Kammerorchester und professionelle Licht- und Tontechnik vervollkommnet. Das Musical ist durch seine hohe musikalische Qualität ein besonderes kulturelles Angebot – nicht nur für Familien. Es ist für Kinder geeignet, die in der Lage sind, einer Aufführung mit der Dauer von ca. einer Stunde aufmerksam zu folgen. Karten gibt es für 12/7 € im Vorverkauf beim Musikhaus Schlaile oder direkt an der Konzertkasse.",https://kalender.karlsruhe.de/db/termine/musik/kindermusical
SIMSA- Singen zur Marktzeit am Samstag,2025-08-02T11:00:00,Stadtkirche Durlach,"Pfinztalstraße 31, 76227 Karlsruhe",48.9988594,8.4713534,"Lieder aus aller Welt, Volks- und Kirchenlieder, Klassiker aus Rock und PopLeitung: Johannes Blomenkamp-Eintritt frei-",https://kalender.karlsruhe.de/db/termine/musik/simsa_singen_zur_marktzeit_am_samstag-1
WORKSHOP: Heimische Wildstauden und ihre Verwendung,2025-07-19T11:00:00,HWK Gärtnerei Grötzingen,"Am Viehweg 15, 76229 Karlsruhe",49.0237854,8.4931563,"Tauche ein in die Welt der Wildstauden und erfahre mehr über dasProgramm Tausend Gärten – Tausende Arten,an dem die HWK Gärtnerei sich beteiligt. Mit unseren StaudenexpertInnen lernst du alles über Wildstauden, von der Pflanzung bis zur Vermehrung.Kosten:19 EuroAnmeldung:maximal 8 TeilnehmerInnenAnmeldung per E-Mail an gaertnerei@hwk.com.Bitte geben Sie in der E-Mail Ihren Namen und Ihre Adresse an, damit wir die Rechnung erstellen können. Ihre Anmeldung gilt als bestätigt, sobald Sie den Rechnungsbetrag überwiesen haben.",https://kalender.karlsruhe.de/db/termine/workshop_heimische_wildstauden_und_ihre_verwendung
Heimatstadt Karlsruhe Stadtführung,2025-07-19T11:00:00,Tourist-Information am Marktplatz,"Kaiserstraße 72-74, 76133 Karlsruhe",49.0097995,8.4041251,"Trotz seinen gerade einmal 300 Jahren blickt Karlsruhe auf eine bewegte Vergangenheit zurück. Als barocke Planstadt ein Novum seiner Zeit, hat sich die Stadt diesen Pioniergeist bis heute erhalten. Unterwegs mit unseren Stadtführern erfahren Sie alles über die Entstehung Karlsruhes und den Werdegang der Stadt zu einem wichtigen Kultur- und Innovationsstandort. Gespickt mit witzigen Anekdoten und den persönlichen Geheimtipps unserer besten Stadtkenner wird jede Führung ein besonderes Erlebnis.",https://kalender.karlsruhe.de/db/termine/stadtleben/heimatstadt_karlsruhe_stadtfuhrung-341
Entdecke die Natur mit Nature Journaling,2025-07-19T10:00:00,Naturschutzzentrum Karlsruhe-Rappenwört,"Hermann-Schneider-Allee 47, 76189 Karlsruhe",48.9961878,8.3035929,"Die Natur steckt voller Wunder und spannender Lebewesen, die darauf warten entdeckt zu werden. Das Nature Journaling bietet einen kreativen Zugang zur Natur und begeistert Jung wie Alt für Naturerlebnisse.Lerne diese Naturbeobachtungs-Methode kennen und erfahre, was für die Umsetzung nötig ist. Durch ein bewusstes Erleben der Natur werden nicht nur die Sinne geschärft!In verschiedenen Übungen bekommt ihr kreative Anregungen auch für die erfolgreiche Umsetzung in der Umweltbildung.
Seminarinhalte:- Grundwissen Nature Journaling als Methode- Benötigte Materialien und Voraussetzungen- Einsatzmöglichkeiten- Kreative Anregungen und Ideen zur Nutzung des JournalsLeitung:Lia RumpfKostenbeitrag:50 € pro PersonAnmeldung mit Vorabüberweisung der Teilnahmegebühr bis 14.07.2025",https://kalender.karlsruhe.de/db/termine/stadtleben/entdecke_die_natur_mit_nature_journaling
Offene Pforte 2025,2025-07-19T10:00:00,Private Gärten und Höfe der Offenen Pforte,,,,"Dieser etwa 150 Quadratmeter große Garten ist Teil eines
Blockinnenhofs, den ein Mieter achtsam unterhält und pflegt. Die
anderen Hausbewohner erfreuen sich so an einem grünen und
blühenden Raum vor ihrem Zuhause, der Energie spendet. Während
der Besichtigungszeit kann man direkt von der Haustür bis zum Hof
durchgehen. Neben einem Sitzplatz ist dort ein Auslauf für die im
kleinen Beiertheimer Idyll beheimateten Schildkröten und davor ein
Beet mit mehreren Bonsaipflanzen. Ein Teil der Pflanzen in Kübeln
oder Töpfen ist nicht winterfest und überwintert im Keller. Im Sommer
werden einige Kräuter, Stauden und Gehölze sowie verschiedene
Sommerblumen und Tomaten gepflanzt. Einen zweiten Teil des Hofes
betreuen Mieter des Nachbarhauses.Wo?Karolinenstraße 10, Stadtteil: BeiertheimWann?Samstag, 19. Juli von 10 bis 17 Uhr, nach telefonischer Vereinbarung auch abweichende Besichtigungszeiten möglich: 0151 5134 0824Wer?Peter Wentz",https://kalender.karlsruhe.de/db/termine/stadtleben/offene_pforte2025n-28
[MASTERCLASS] #11,,Zentrum für Kunst und Medien (ZKM),"Lorenzstraße 19, 76135 Karlsruhe",49.0012852,8.3836005,"In Kooperation mit professionellen Kulturschaffenden und dem ZKM-Team nutzen die Jugendlichen die Gelegenheit, sich und ihre Arbeit in einem künstlerischen Umfeld auszuprobieren und Teil der Ausstellungswelten des ZKM zu werden.Unsere diesjährigen Stipendiat:innen sind: Fatemeh Azizi, Vein Narges Azizi, Jonas Kohlbecker, Lemis Köksal, Philine Sophie Schütte, Finn Wirtz, Ksenija Zoric",https://kalender.karlsruhe.de/db/termine/ausstellungen/masterclass11n
paarWeise,,Regierungspräsidium Karlsruhe am Rondellplatz,"Karl-Friedrich-Straße 17, 76133 Karlsruhe",49.00734,8.4039066,"Die Ausstellung zeigt Bildhauerei, Fotografie, Installation und 
Malerei von sieben Künstlerpaaren, die mit ihrem jeweiligen Werk in 
gegenseitige Beziehung gesetzt werden.Die Ausstellung ist konzipiert und wird kuratiert von Barbara Jäger/OMI Riesterer und Gabriele Goerke/Sandro Vadim.",https://kalender.karlsruhe.de/db/termine/ausstellungen/paarweise
"Die Simpsons – Der Film (35mm), Rundgang an der HfG Karlsruhe",2025-07-18T21:30:00,"Blauer Salon in der HfG Karlsruhe (EG, R012)","Lorenzstraße 15, 76135 Karlsruhe",49.0020695,8.3836683,"Ich darf die Vorstellung von The Simpsons Movie im Kino im Blauen Salon nicht verpassen
Ich darf die Vorstellung von The Simpsons Movie im Kino im Blauen Salon nicht verpassen
Ich darf die.... Genau richtig! Simpsons - der Film auf 35mm. Ein sehr besonderes
Ereignis, auch für uns. Während der nervenaufreibenden Programmsitzung für dieses
Sommersemester, zwischen all der Ernsthaftigkeit und Poesie, stießen wir, bei einem Blick
ins eigene Kopienarchiv, auf das oben genannte Monument der
Zeichentrickfilmgeschichte und einigten uns ziemlich schnell darauf, dass diese Kopie auf
jeden Fall verdient hätte, mal wieder das Projektorlicht zu erblicken. Außerhalb jeder
Reihe und jedes Rahmens.Es ist nicht gut bestellt um den Umweltschutz in Springfield, als Homer im See vor den
Stadttoren das Fass buchstäblich zum Überlaufen bringt. Als daraufhin US-Präsident
Schwarzenegger drastische Massnahmen ergreift und über die verseuchte Stadt eine
riesige Glasglocke stülpen lässt, ist Homer der Wut seiner Mitmenschen ausgesetzt.
Springfields Einwohner formieren sich zum Mob und haben nur ein Ziel: Homer zu
lynchen. „Ausgezeichnet“: Immer, wenn ihm etwas gefällt oder passt, sagt er es. (Mr.
Burns)Im Vorprogramm: Outer SpaceRegie: Peter Tscherkassky, Österreich 1999, 10 Minuten, 35mm, Ohne DialogFreitag, 18. Juli 2025, 21:30 Uhr
Blauer Salon, Raum 012, HfG Karlsruhe
Freier Eintritt, Spende erbetenDas Kino im Blauen Salon ist das studentische Kino der HfG Karlsruhe. Die
Programmarbeit der Studierenden wurde im vergangenen Jahr von der Deutschen
Kinemathek mit dem 1. Preis in der Kategorie “Kino das zurückblickt” ausgezeichnet.Mehr zur Filmreihe im Sommersemester 2025:In diesem Sommer richtet sich der Fokus auf die Poesie, das liegt nahe, denn die
Nächte werden länger, der Horizont endlos und es liegt etwas in der Luft... doch was
hat das Kino mit Poesie zu tun?! Findet es heraus in der Filmreihe „Cinema Poetico“,
einer Welt multipler Erzählstränge, mäandernder Perspektiven, visueller Umwege
und alldem, was zwischen den Zeilen liegt. Die Reihe präsentiert eine
handverlesene Auswahl von Klassikern und versteckten Perlen, die die stillen
Abzweigungen des Kinos bilden.Zudem gibt es nächtliche Exkurse mit den „Midnight Movies“, ein kuratiertes
Vorprogramm aus experimentellen Kurzfilmen, Specials, Gäste und als Highlight des
Kino-Jahres natürlich das Open Air Kino vor der HfG unter dem Motto “Freiheit im
Wandel”.Veranstaltungen im Sommersemester:11.04. Solaris (1972)21.04. The Night of the Hunter (1955)05.05. News from Home (1976)19.05. Tokyo Monogatari (1953)23.05. 12 Angry Men (1957)24.05. Touki Bouki (1973)25.05. Orlando (1992)29.05. Die allseitig reduzierte Persönlichkeit – Redupers (1978)
30.05. Kult Sneak31.05. Der Letzte Mann (1924) - Stummfilm mit Live-Musik01.06. Pippi außer Rand und Band (1970)04.06. The Archiveology of Cinema (in Anwesenheit des Regisseurs)
13.06. Audition (1999)27.06. Chihiros Reise ins Zauberland (2001)05.07. Aktwechsel - 35mm Workshop07.07. L’Eclisse (1962)18.07. Die Simpsons – Der Film (2007)
21.07. Sicilia! (1999)02.08. Aktwechsel - 35mm WorkshopMehr Infos unter www.kinoimblauensalon.de",https://kalender.karlsruhe.de/db/termine/die_simpsons_der_film_35mm_rundgang
Aurora - Wunder des Nordlichts,2025-07-18T21:00:00,PLANET KA Planetarium Karlsruhe,"Alter Schlachthof 4, 76131 Karlsruhe",49.0039151,8.4304661,"Das Polarlicht gehört zu den wunderbarsten Naturerscheinungen, die man erleben kann: als Nordlicht („Aurora Borealis“) im hohen Norden und als Südlicht („Aurora Australis“) im tiefen Süden.Dem koreanischen Astrophotographen Kwon O Chul gelang es weltweit zum ersten Mal, diese Leuchterscheinung in ihren vielen Facetten aufzunehmen. In Echtzeit und 4K-Auflösung offenbart die ultra-hochempfindliche Kameratechnik die Schönheit und Vielfalt des Polarlichts – ein grandioser Tanz der Formen und Farben im „Rundum-Format“ an der Sternenkuppel des Planetariums!Originalaufnahmen von Bord der Internationalen Raumstation ISS und naturgetreue Computer-Visualisierungen bringen uns Legenden und die wissenschaftliche Untersuchung der Polarlichter näher.Eine Produktion von Kwon O ChulZur Einleitung präsentieren wir live den aktuellen Sternenhimmel über Karlsruhe.Dauer ca. 60 MinutenFür Erwachsene und Kinder ab 10 JahreEinlass: ab ca. 30 Min. vor Beginn.Bitte beachten: Kein Nacheinlass!Ungenutzte Tickets verfallen ersatzlos.",https://kalender.karlsruhe.de/db/termine/wirtschaft/aurora_wunder_des_nordlichts-3
UKULELE ORCHESTRA OF GREAT BRITAIN,2025-07-18T20:30:00,Kulturzentrum Tollhaus,"Alter Schlachthof 35, 76131 Karlsruhe",49.0044252,8.4317094,"Wir schreiben das Jahr 1985 – Wham steht an der Spitze der Charts und alle haben einen Vokuhila. Das erste Mobiltelefon (so groß wie ein Ziegelstein) kommt auf den Markt und Wissenschaftler finden das Wrack der Titanic. Wir hören den Name Microsoft Windows zum ersten Mal und Bob Geldof überzeugt nahezu jeden, der einen Namen hat, mit ihm aufzutreten und sammelt Millionen für Live Aid. „Zurück in die Zukunft“ kommt auf unsere Bildschirme… und was kommt da über den Hügel? Aber ja! Es ist das Ukulele Orchestra of Great Britain, geboren im Jahre 1985. In diesem Sommer feiern die Bonsai-Gitarren-Virtuosen das 40-Jährige dieser Institution mit einem rasanten Sprint durch alle musikalischen Genres: Von ABBA bis ZZ Top, von Tschaikowsky bis Nirvana, von Bluegrass bis Lady Gaga und vielleicht noch ein Spaghetti-Western dazu. Das Ukulele-Orchester präsentiert seine Welttournee „mit Handgepäck“ als geistreichen, skurrilen, respektlosen, großartigen und mitreißenden Nachruf auf Rock'n'Roll und melodische Unterhaltung.",https://kalender.karlsruhe.de/db/termine/musik/ukulele_orchestra_of_great_britain
Dumm g`loffe,2025-07-18T20:15:00,Badisch Bühn Mundarttheater gGmbH,"Durmersheimer Straße 6, 76185 Karlsruhe",49.007904,8.3560023,"Uraufführung der Badisch Bühn zum 100-jährigen Jubiläum des Grünwinkler BürgervereinsDer junge Fabian Grünzeh muss sich vor dem Schwurgericht verantworten. Er ist angeklagt, den Autoschrotthändler Raimund Rummelsbacher getötet zu haben. Obwohl das Opfer vor seinem unfreiwilligen Dahinscheiden noch den Namen des mutmaßlichen Täters flüstern konnte, ist die Beweislage alles andere als eindeutig. Und auch die widersprüchlichen Zeugenaussagen tragen nicht wirklich zu einem überzeugenden Gesamtbild bei.Was ist Wahrheit, was ist Lüge? Welches Urteil erwartet den Angeklagten? Und ist damit der Fall tatsächlich gelöst?Wer Antworten auf diese Fragen und dabei gut unterhalten werden will, sollte sich das neue Stück der Badisch Bühn keinesfalls entgehen lassen.",https://kalender.karlsruhe.de/db/termine/theater/dumm_gloffe-10
Psycho-Suite,2025-07-18T20:00:00,Zentrum für Kunst und Medien (ZKM) |  Medientheater,"Lorenzstraße 19 , 76135 Karlsruhe",49.0012852,8.3836005,"Bernard Herrmann ""Psycho-Suite"" für StreicherFranz Schubert - Sinfonie h-moll ""Unvollendete""Johannes Brahms - Variationen über ein Thema von HaydnCarl Maria von Weber - Ouvertüre zu ""Oberon""",https://kalender.karlsruhe.de/db/termine/musik/psycho_suite
KIT Kammerorchester zu Gast im ZKM,2025-07-18T20:00:00,Zentrum für Kunst und Medien (ZKM) |  Medientheater,"Lorenzstraße 19 , 76135 Karlsruhe",49.0012852,8.3836005,"Im Rahmen des Jubiläums des Karlsruher Instituts für Technologie (KIT) lädt das Kammerorchester des KIT herzlich zu einem Konzertabend im ZKM ein.»Terror«, antwortete der Komponist Bernard Herrmann einmal auf die Frage, was er mit seiner Musik zum Film »Psycho« habe ausdrücken wollen. In der Tat entsteht ein großer Teil der Wirkung des Films durch die – eben nicht nur untermalende – von Streichern gespielte Musik, man denke nur an die kreischenden Geigen in der berühmten Duschszene. Davon, dass die Musik auch ohne den Film die eingangs erwähnte erschreckende Wirkung entfaltet, können Sie sich selbst überzeugen, nämlich am Freitag, 18. Juli 2025, 20 Uhr im ZKM (Lorenzstr. 19, Karlsruhe).Auf Ihren Besuch beim Konzert im ZKM freut sich dasKammerorchester des KIT.Ort:MedientheaterKosten:VVK: 15€ / 8€ ermäßigt",https://kalender.karlsruhe.de/db/termine/ausstellungen/kit_kammerorchester_zu_gast_im_zkm
Der Anruf,2025-07-18T20:00:00,Das Sandkorn Theater & Mehr,"Kaiserallee 11, 76133 Karlsruhe",49.0102313,8.3851507,"In diesem hochspannenden Bühnenkrimi ist nichts so, wie es scheint!Während ihrer Nachtschicht im Computer-Callcenter erhält Mitarbeiterin Eva einen folgenreichen Anruf: Marc hat Probleme mit seinem Laptop. Eva hilft dem sympathischen Anrufer gern, und das Gespräch wird zunehmend privat: Marc lässt seinen Charme spielen, zeigt sich als aufmerksam und witzig. Die beiden flirten miteinander, tauschen Komplimente aus – ein Treffen bahnt sich an.Doch der Schein trügt: Denn Marc entpuppt sich als Evas Stalker, der beängstigend detaillierte Einblicke in ihr Privatleben genießt. Zwischen der Callcenter-Mitarbeiterin und dem Anrufer beginnt ein Katz-und-Maus-Spiel, in dessen Verlauf der Mann am Telefon immer mehr zur ernstzunehmenden Bedrohung wird. Denn auch Eva hütet ein dunkles Geheimnis …Das bedrohliche Spiel rund um Täter und Opfer hält den Zuschauer bis zum Schluss in Atem. Denn in diesem überraschenden Krimi voller unerwarteter Wendungen ist niemand ohne Schuld.Auf der Bühne: Sandra Förster, Oliver FobeRegie: Karsten Engelhardt",https://kalender.karlsruhe.de/db/termine/theater/der_anruf-32
NADA SURF,2025-07-18T20:00:00,Substage Karlsruhe e.V.,"Durlacher Allee 62 , 76131 Karlsruhe",49.0060894,8.4331082,"Nach der erfolgreichen Ankündigung ihrer Frühjahrs- und Herbsttermine 2024/2025 erweitern Nada Surf ihre Moon Mirror Tour um zwei weitere Deutschlandkonzerte im Sommer 2025. Mit Karlsruhe (Substage) und Nürnberg (Hirsch) stehen nun zwei zusätzliche Städte auf dem Tourplan, die einmal mehr die enge Verbindung der Band zu ihrem deutschen Publikum unterstreichen. Mit Moon Mirror präsentieren Nada Surf ihr erstes Studioalbum seit vier Jahren – ein zutiefst persönliches und bewegendes Werk, das anlässlich des 30-jährigen Jubiläums ihrer Debütsingle The Plan/Telescope veröffentlicht wurde. Produziert von Ian Laughton (Supergrass, Ash) und aufgenommen in den legendären Rockfield Studios in Wales, knüpft das Album an die großen Hymnen der Bandgeschichte an – und geht zugleich neue, nachdenklichere Wege. „Die Songs auf Moon Mirror sind der menschlichen Erfahrung treu – mit all ihrer Liebe, Trauer, Einsamkeit, ihrem Zweifel und ihrer Hoffnung“, heißt es im Begleittext zur Platte. Bittersüße Harmonien, poetische Reflexionen und mitreißende Refrains machen das Album zu einem weiteren Meilenstein im Werk der Band.Seit ihrem Durchbruch mit Popular (1996) gelten Nada Surf als feste Größe des internationalen Indie-Rock. In Deutschland erspielten sie sich mit Alben wie ""Let’s Go"" und durch Tourneen mit Sportfreunde Stiller und Wir Sind Helden eine besonders treue Fangemeinde. Das Livealbum ""Peaceful Ghosts"", aufgenommen mit dem Filmorchester Babelsberg, unterstreicht die kreative Bandbreite des New Yorker Quartetts. Die kommenden Zusatzshows zur Moon Mirror Tour versprechen intime Clubabende, geprägt von emotionaler Tiefe und der charakteristischen Wärme, für die Nada Surf auf der Bühne bekannt sind.Einlass: 19:00 UhrAltersfreigabe: ab 16 Jahren",https://kalender.karlsruhe.de/db/termine/musik/nada_surf
Zeitreise - Vom Urknall zum Menschen,2025-07-18T19:00:00,PLANET KA Planetarium Karlsruhe,"Alter Schlachthof 4, 76131 Karlsruhe",49.0039151,8.4304661,"Wie war das mit dem Urknall? Woher kommen die Sterne und Planeten? Was hat sich auf der Erde abgespielt?Auf einer Zeitreise vom Beginn des Universums bis heute werden Sie Zeuge von der Geburt der ersten Sterne und der Entstehung der Milchstraße. Sie erleben gewaltige Sternexplosionen, katastrophale Kometeneinschläge auf der Ur-Erde und die Entwicklung des Lebens.Um die dabei auftretenden unvorstellbar großen Zeiträume besser zu begreifen, denken wir uns die kosmische Geschichte auf die Länge eines Jahres verkürzt. Das Universum wäre demnach am 1. Januar entstanden und ein Tag entspräche 40 Millionen Jahren in der Wirklichkeit. Das Aussterben der Dinosaurier vor 65 Millionen „realen“ Jahren fiele auf den 30. Dezember des kosmischen Jahres und unsere heutige Zeit, in der wir das Weltall mit Teleskopen erforschen, auf den 31. Dezember kurz vor Mitternacht. Kommen Sie mit auf eine Reise durch rund 14 Milliarden Jahre Weltgeschichte!Eine Produktion zehn deutscher Planetarien, unter anderem des Planetariums Mannheim, und unter Federführung des LWL-Planetariums MünsterDauer der Veranstaltung: ca. 75 MinutenFür Erwachsene und Kinder ab 10 JahrenEinlass: ab ca. 30 Min. vor Beginn.Bitte beachten: Kein Nacheinlass möglich! Bitte seien Sie pünktlich.Ungenutzte Tickets verfallen ersatzlos.",https://kalender.karlsruhe.de/db/termine/wirtschaft/zeitreise_vom_urknall_zum_menschen-5
"Die Wut, die bleibt (Zum vorletzten Mal in dieser Spielzeit)",2025-07-18T19:00:00,"Badisches Staatstheater, Kleines Haus","Hermann-Levi-Platz 1, 76137 Karlsruhe",49.0049938,8.4048954,,https://kalender.karlsruhe.de/db/termine/theater/die_wut_die_bleibt_zum_vorletzten_mal
Leuchtfeuer (Tanz-Fest-Woche),2025-07-18T19:00:00,"Badisches Staatstheater, Großes Haus","Hermann-Levi-Platz 1, 76137 Karlsruhe",49.0049938,8.4048954,,https://kalender.karlsruhe.de/db/termine/theater/leuchtfeuer_tanz_fest_woche
Hidden Talents (Tanz-Fest-Woche),2025-07-18T18:00:00,"Staatstheater, siehe Beschreibung",,,,,https://kalender.karlsruhe.de/db/termine/theater/hidden_talents_tanz_fest_woche-2
Kinonächte,2025-07-20T18:00:00,Lustgarten Hohenwettersbach,"Am Lustgarten, 76228 Karlsruhe",48.9669335,8.4779614,"Der Musikverein Hohenwettersbach und befreundete Vereine laden Sie herzlich zu unseren Kinonächten am 18. und 19. Juli ein – ein unvergesslicher Abend voller Filmgenuss unter freiem Himmel. Neben dem Filmgenuss erwartet Sie bei unserer Kinonacht auch ein vielfältiges Festprogramm: Es gibt einen Festbetrieb mit musikalischer Unterhaltung, ein breites kulinarisches Angebot und die Gelegenheit, bei netten Gesprächen in geselliger Runde die Atmosphäre zu genießen.",https://kalender.karlsruhe.de/db/termine/musik/kinonachte
Von A wie Aquarium bis Z wie Zen: Was Sie schon immer über den Karlsruher Stadtbahntunnel wissen wollten.,2025-07-18T18:00:00,Tourist-Information am Marktplatz,"Kaiserstraße 72-74, 76133 Karlsruhe",49.0097995,8.4041251,"Nach seiner Fertigstellung im Dezember 2021 war das Interesse am neuen Stadtbahntunnel in der Karlsruher Innenstadt riesengroß. Mittlerweile durchfahren täglich Tausende Fahrgäste den Tunnel und steigen an den sieben unterirdischen Haltestellen ein oder aus.Welche meisterliche Ingenieurleistung hinter dem Bauprojekt steht, warum „echte“ Bergmänner zwischen den Haltestellen Marktplatz und Ettlinger Tor eingesetzt wurden, warum den Fahrgästen das (Grund)wasser bis zum Halse steht – diese und viele weitere Anekdoten erfahren die Teilnehmenden bei dieser Themenführung.Preis:11 € pro PersonDauer:1,5 Stunden",https://kalender.karlsruhe.de/db/termine/stadtleben/von_a_wie_aquarium_bis_z_wie_zen_was
Dinosaurier - die Geschichte des Überlebens,2025-07-18T17:00:00,PLANET KA Planetarium Karlsruhe,"Alter Schlachthof 4, 76131 Karlsruhe",49.0039151,8.4304661,"Wie fast alle Kinder ist Celeste von Dinosauriern fasziniert. Gerade bereitet sie für ihre Klasse einen Vortrag darüber vor, wie die Dinosaurier ausgestorben sind. Da stellt „Mond“, eine weise und magische Figur, eine verlockende Frage: „Was wäre, wenn ich dir sagen würde, dass es noch Dinosaurier unter uns gibt?“Celeste begibt sich mit „Mond“ auf eine Reise durch die Zeit. Dabei erleben sie ein aufregendes Abenteuer, bei dem sie die Erde sehen, wie sie in der fernen Vergangenheit war.Welche faszinierenden Veränderungen machten diese Tiere im Laufe der Jahrmillionen durch? Wie entwickelten sie sich zu riesigen Kreaturen und erschreckenden Raubtieren? Was geschah an dem Tag, an dem ein katastrophaler Einschlag eines Asteroiden ein Massenaussterben auf der Erde verursachte?Doch es ist noch nicht alles verloren. Celeste wird den Schlüssel zum Überleben der Dinosaurier entdecken...Produziert von Render AreaZur Einleitung präsentieren wir live den aktuellen Sternenhimmel über Karlsruhe.Dauer ca. 60 MinutenFür Kinder ab 7 JahrenEinlass ab ca. 30 Min. vor Beginn.Bitte beachten: Kein Nacheinlass!Ungenutzte Tickets verfallen ersatzlos.",https://kalender.karlsruhe.de/db/termine/wirtschaft/dinosaurier_die_geschichte_des_uberlebens-5
Apero Tour,2025-07-18T17:00:00,City Tour durch Karlsruhe,,,,"Bei dieser neu konzipierten Stadtführung der Firma BOService ist Beginn und Ende mit einem kurzen Stopp im Laden vomFASS Karlsruhe verbunden.Julia Kalmbach und ihr Team erwarten uns im Herzen von Karlsruhe direkt am Marktplatz.Nach einem Aperitif, auf Wunsch auch alkoholfrei, beginnen wir unserem ca. 1,5 stündigen Stadtrundgang.Über den Rondellplatz, Stephanplatz, Ludwigsplatz erreichen wir den Botanischen Garten und das Schloss.Als Belohnung erwartet uns dann zu Ende der Tour eine kleine kulinarische Stärkung im Laden vomFass.Auch andere zusätzliche Termine sind jederzeit nach Rücksprache mit dem Veranstalter möglich.Preise:Erwachsene: Euro 15,00Kinder und Jugendliche 6-14 Jahre: freiInfoTel.: 0721/91679888 oder 0170/2935072Internet: www.stadtfuehrungen-karlsruhe.deAnmeldung erforderlichMindestteilnehmerzahl: 6 Personen",https://kalender.karlsruhe.de/db/termine/stadtleben/apero_tour-19
Exkursion: Tiere und Pflanzen im Baggersee,2025-07-18T17:00:00,Staatliches Museum für Naturkunde Karlsruhe,"Erbprinzenstraße 13, 76133 Karlsruhe",49.0069855,8.4001442,"Exkursion mit den Tauchaktiven der Limnologischen AG, Leitung: Dr. Sabrina Plegnière und Thomas Holfelderin Zusammenarbeit mit demNaturwissenschaftlichen Verein Karlsruhe e.V.und dem Naturschutzzentrum KA-RappenwörtAnmeldung: (0721) 950470 oderinfo[at]nazka.deTreffpunkt: Baggersee Fuchs & GrosDauer: ca. 2 Std.Teilnahme frei",https://kalender.karlsruhe.de/db/termine/ausstellungen/exkursion_tiere_und_pflanzen_im_baggersee
Eröffnung: [MASTERCLASS] #11,2025-07-18T17:00:00,Zentrum für Kunst und Medien (ZKM),"Lorenzstraße 19, 76135 Karlsruhe",49.0012852,8.3836005,"Zum elften Mal präsentiert das Stipendienprogramm [MASTERCLASS] am ZKM die Werke von sieben talentierten Jugendlichen aus dem Stadtraum Karlsruhe, die über ein Jahr hinweg gefördert wurden. In Kooperation mit professionellen Kulturschaffenden und dem ZKM-Team, nutzen die Jugendlichen die Gelegenheit, sich und ihre Arbeit in einem künstlerischen Umfeld auszuprobieren und Teil der Ausstellungswelten des ZKM zu werden.Wir laden herzlich ein zur Eröffnung!",https://kalender.karlsruhe.de/db/termine/ausstellungen/eroffnung_masterclass11n
Kulinarischer Rundgang Karlsruhe City,2025-07-18T17:00:00,City Tour durch Karlsruhe,,,,"Karlsruhe mit allen Sinnen erleben.Gehen Sie in Begleitung mit einem unseren Gästeführern auf Entdeckungsreise.Der Rundgang beinhaltet  Aperitif, Vorspeise, Hauptgericht und Espresso.Inklusive Getränkearrangement.Auch andere zusätzliche Termine sind jederzeit nach Rücksprache mit dem Veranstalter möglich.Preise:Erwachsene: Euro 78,-InfoTel.: 0721/91679888 oder 0175/5215367Internet: www.stadtfuehrungen-karlsruhe.deAnmeldung erforerlichMindestteilnehmerzahl: 6 Personen",https://kalender.karlsruhe.de/db/termine/stadtleben/kulinarischer_rundgang_karlsruhe_city-7
Bücherblitz beim Kinder- und Jugendhaus Südwest,2025-07-18T16:00:00,Kinder- und Jugendhaus Südwest,"Südendstraße 51a, 76135 Karlsruhe",48.9982923,8.3848118,"Wir sind mit dem Bücherblitz und einem Lese- und Bastelangebot beim Kinder- und Jugendhaus Südwest. Kommt vorbei!Zielgruppe:alle InteressiertenOrt:Südendstr. 51a, 76135 KarlsruheFoto: Stadtbibliothek Karlsruhe",https://kalender.karlsruhe.de/db/termine/literatur/bucherblitz_beim_kinder_und_jugendhaus_sudwest
Lese-Insel,2025-07-18T16:00:00,"Staatstheater, siehe Beschreibung",,,,,https://kalender.karlsruhe.de/db/termine/theater/lese_insel-1
„gute aussichten – junge deutsche fotografie 2023/2024“,2025-07-18T16:00:00,Städtische Galerie Karlsruhe,"Lorenzstraße 27, 76135 Karlsruhe",49.0003576,8.3834933,"15/02 bis 10/08/2025Die Ausstellung „gute aussichten – junge deutsche fotografie2023/2024“ spannt einen weiten Bogen von KI-basierter Bildgenerierungüber das Ineinandergreifen von Realität und Virtuellem zu Zeitenvon Sozialen Medien bis hin zu labyrinthischen Beziehungsgeflechtenzwischen Politik, Landschaft und Biografien. Neben tradierten Themen,die sich im aktualisierten Gewand präsentieren, wie beispielsweise dieSelbstbefragung von Künstler*innen, sind es speziell die medialallgegenwärtigen Themen unserer Zeit, die von den sieben jungenKunstschaffenden aufgenommen und in ihren Konfliktpotenzialendemonstrativ vor Augen geführt werden.Die Kooperation mit „gute aussichten“, dem 2004 gegründeten Ausstellungsprojektzur Förderung junger Fotograf*innen in Deutschland,präsentiert in seiner zwanzigsten Edition erstmals auch in der SGK dievon einer Fachjury prämierten Projekte.Künstler*innen: Béla Avi Beinhold, Massimiliano Corteselli, Lea Greub,Matthias Grund, Lia Meret Lehmkuhl, Denisa Poteca, Maya Vieth",https://kalender.karlsruhe.de/db/termine/ausstellungen/gute_aussichten_junge_deutsche_fotografie20232024n-29
Baseball Workshop,2025-07-18T16:00:00,Stadtbibliothek Karlsruhe - Amerikanische Bibliothek,"Kanalweg 52, 76149 Karlsruhe",49.0330246,8.3922699,"Since we had so much fun with our previous baseball workshops we decided to do it again!Bernard Zimmerman, passionate baseball player and coach, will introduce us to this very American ball game – and then we’ll have time to play and maybe even hit a home run?!Please wear comfy shoes and clothes; the workshop will take place in the field behind the library.After the game we’ll relax with soft drinks, ice cream, hot dogs etc.Free. Please call or email to sign up so that we know how many to expect.Please note that the workshop is intended for people in 5th grade and above. If you want to bring your parents, aunts, uncles, favorite teachers, grandparents … please sign them up too!Zielgruppe:Teens and AdultsAnmeldung:bibliothek-amerika@kultur.karlsruhe.deEintritt:kostenfreiOrt:in the field behind the libraryFoto: Amerikanische Bibliothek",https://kalender.karlsruhe.de/db/termine/literatur/baseball_workshop
VORLESEZEIT in Neureut,2025-07-18T16:00:00,Stadtbibliothek Karlsruhe - Stadtteilbibliothek Neureut,"Rubensstraße 21, 76149 Karlsruhe",49.0446178,8.3830479,In der Bibliothek wird jeden Freitag um 16 Uhr vorgelesen.Für Kinder ab 3 Jahren.Zielgruppe:ab 5 JahrenAnmeldung:unter Tel. 0721 7818976Eintritt:kostenfreiOrt: Stadtteilbibliothek NeureutIllustration: AdobeStock - GoodStudio,https://kalender.karlsruhe.de/db/termine/literatur/vorlesezeit_in_neureut-22
Stadtführung für Senioren,2025-07-18T15:00:00,City Tour durch Karlsruhe,,,,"Die Firma BOService Karlsruhe bietet ab sofort jeden Freitag in Karlsruhe eine neue Stadtführung speziell für Senioren an:Diese  neue konzipierte Stadtführung kombiniert die Schwerpunkte unserer Stadtführungen mit den besonderen Ansprüchen von Seniorinnen und Senioren.Sie ist besonders geeignet für Ältere, die nicht mehr so schnell vorwärts kommen, aber trotzdem neugierig sind auf eine spannende und kurzweilige Stadtführung durch die Fächerstadt Karlsruhe.Bei dieser Stadtführung nehmen unsere Stadtführerinnen und Stadtführer besondere Rücksicht auf die Bedürfnisse der älteren Gäste. Während des Rundgangs gibt es immer wieder mal Sitzgelegenheiten  sowie die Möglichkeit für längere Verschnaufpausen.Die Führung  beginnt direkt auf dem Marktplatz in Karlsruhe an der Pyramide.Die Führung kann zu Fuß oder mit der Tram Linie 2 durchgeführt werden.Nach ca. 2  Stunden erreichen wir wieder unseren Ausgangspunkt Marktplatz Karlsruhe.Auch andere zusätzliche Termine sind jederzeit nach Rücksprache mit dem Veranstalter möglich.Preise:Erwachsene: Euro 10,00Begleitperson: freiInfoTel.: 0721/91679888Internet: www.stadtfuehrungen-karlsruhe.deAnmeldung erforerlich",https://kalender.karlsruhe.de/db/termine/stadtleben/stadtfuhrung_fur_senioren-34
Wiener Kaffeehaus und Jugendstil (Führung + 1 x Heißgetränk + Törtchen),2025-07-18T14:30:00,Tram-Haltestelle Otto-Sachs-Straße,76137 Karlsruhe,49.0001389,8.4152595,"Stadtführungen einmal anders - spannend, informativ und immer überraschend! Die Führungen von stattreisen Karlsruhe 
e.V. ermöglichen neue 
Einblicke in Geschichte und Architektur, in das Alltagsleben früherer Zeiten - und in verborgene Ecken und Winkel
der Stadt, die Einheimische und Gäste der Stadt gleichermaßen faszinieren.Anmeldung und Informationen zur Teilnahmegebühr auf der Website!",https://kalender.karlsruhe.de/db/termine/stadtleben/wiener_kaffeehaus_und_jugendstil_fuhrung
Klangfarbenmixtur,2025-07-18T12:15:00,Kleine Kirche Karlsruhe,"Kaiserstraße 131 nähe Marktplatz,  Karlsruhe",,,"Mit Werken von Wilhelm FriedemannBach, FranzLiszt, YorkBowen, AmyBeachund LeonSundermeyerMitwirkendeSilke Becker,QuerflöteJie Wan, ViolineFabian Kabuß,BlockflöteLeon Sundermeyer,KlavierProgrammYorkBowen(1844-1961)Sonata for recorder and piano, op. 121I. Moderato e sempliceII. Andante tranquilloAmyBeach(1867-1944)Romanze für Violine und Klavier, op. 23Wilhelm FriedemannBach(1710-1784)Duett Nr. 4 F-Dur für 2 Flöten, Fk. 57II. LamentabileIII. PrestoFranzLiszt(1811-1886)Aus den Études d’exécution transcendante 2. Paysage11. Harmonies du soirLeonSundermeyer(*2001)Große Balladefür Eagle-Altblockflöte, Querflöte,Violine und KlavierI. Allegro con animaII. Poco Adagio",https://kalender.karlsruhe.de/db/termine/musik/klangfarbenmixtur
Robin Hood (Vorstellungsausfall),2025-07-18T11:30:00,"Badisches Staatstheater, INSEL","Karlstrasse 49 b, 76133 Karlsruhe",49.0047189,8.3957424,,https://kalender.karlsruhe.de/db/termine/theater/robin_hood_vorstellungsausfall
9. Afrikatage für Schulen und Kitas,2025-07-20T10:00:00,Otto Dullenkopf Park Karlsruhe,"am Schloss gottesaue 4, 76131 Karlsruhe",49.0033947,8.4264649,"Einladung zu den 9.
Afrikatagen für Schulen & Kitas 202518.–20.
Juli 2025 · Otto-Dullenkopf-Park Karlsruhe am Schloss Gottesaue 4Anlässlich
der 9. Afrikatage für Schulen und Kitaslädt derDeutsch-Afrikanische Verein Karlsruhe
e. V.Schulklassen und Kindertageseinrichtungen herzlich zu einem
besonderen Bildungs- und Kulturereignis ein.Vom18. bis 20. Juli 2025wird der
Otto-Dullenkopf-Park in Karlsruhe erneut zu einem lebendigen Ort des Lernens,
der Begegnung und des kulturellen Austauschs.www.africansummerfestival.deKartenservice: +4915755187732",https://kalender.karlsruhe.de/db/termine/stadtleben/9_afrikatage_fur_schulen_und_kitas-1
34. African Summer Festival -Afrika Festival Karlsruhe 2025,2025-07-20T10:00:00,Otto Dullenkopf Park Karlsruhe,"am Schloss gottesaue 4, 76131 Karlsruhe",49.0033947,8.4264649,"34. African Summer Festival - Afrika Festival Karlsruhe 2025Fr. 18. – So. 20. Juli 2025ODP-
Otto-Dullenkopf-Park, am Schloss Gottesaue 4, 76131 KarlsruheDas
African Summer Festival in Karlsruhe ist ein jährlich im Juli stattfindendes interkulturelles
Ereignis, das dieses Jahr vom 18. bis zum 20. Juli 2025 stattfinden wird. Es
bietet ein faszinierendes Programm, das Menschen jeden Alters anspricht.Das 34.
African Summer Festival entführt seine Besucher mit lebendigen Rhythmen, einem
bunten Ambiente und einer Vielzahl köstlicher Speisen auf eine unvergessliche
Reise durch den afrikanischen Kontinent.Das 34.
African Summer Festival präsentiert ein dreitägiges, vielfältiges
Kulturprogramm, das am Freitag, den 18. Juli 2025, beginnt. Ziel ist es,
unseren Gästen einen umfassenden Einblick in die Handwerkskunst, Ausstellungen,
Fair Trade und die Kultur verschiedener afrikanischer Länder zu vermitteln.
Dieses jährlich stattfindende Festival bietet eine Fülle an Abwechslung,
geprägt von guter Laune und Fröhlichkeit, die vom Freitag, dem 18. Juli, bis
zum Sonntag, dem 20. Juli, durch die Mitwirkung repräsentativer Musik- und
Tanzgruppen aus verschiedenen afrikanischen Ländern gewährleistet wird. Diese
bringen den Besuchern auf schwungvolle Weise ihre jeweilige Lebensweise näher.
Von Freitag bis Sonntag wird das afrikanische Ambiente durch Musik, Animationen
und köstliches Essen bestimmt.Das
Programm umfasst Afrikamarkt, Konzerte, Live-Bühnenshows, exotische
Delikatessen, Modenschauen, Afroshopping, Trommel- und Tanzworkshops, Spiele
sowie Basare und Ausstellungen bekannter afrikanischer Künstler.Weitere Infos: www.africansummerfestival.de",https://kalender.karlsruhe.de/db/termine/musik/34_african_summer_festival_afrika_festival
Robin Hood (Inklusive Audiodeskription und Übersetzung in Deutsche Gebärdensprache),2025-07-18T09:00:00,"Badisches Staatstheater, INSEL","Karlstrasse 49 b, 76133 Karlsruhe",49.0047189,8.3957424,,https://kalender.karlsruhe.de/db/termine/theater/robin_hood_inklusive_audiodeskription-2
Mindful Morning Walk - Zeit für Dich.,2025-07-18T08:00:00,Schlosscafé Karlsruhe,,49.0136284,8.4049791,"Der Mindful Morning Walk im Karlsruher Stadtgarten bringt Dich zurück zu Dir und schenkt Dir innere Ruhe und Gelassenheit. Wir üben Atemmeditationen, spüren unsere Körper und nehmen unsere Umgebung achtsam wahr.Wir erleben Schritt für Schritt, wie wir ruhiger und freudiger in den Arbeitstag starten.Komm mit auf einen Spaziergang zu Dir selbst!Treffpunkt:Schlosscafé KarlsruhePreis:15 € pro PersonDauer:1 Stunde",https://kalender.karlsruhe.de/db/termine/stadtleben/mindful_morning_walk_zeit_fur_dich-17
MÜHLBEÆT – Pflanz’ dich zu uns!,,Mühlburg,"Rheinhafenstraße/Ecke Daxlander Straße, unter der Albbrücke",,,"Kreative Aktionen zum Mitmachen und „Anwurzeln“ für jedes
Alter bietet der mobile Kunstkiosk, der von Freitag, 18., bis Sonntag, 20.
Juli, Station im Karlsruher Stadtteil Mühlburg macht. Zwischen Seniorenzentrum
Wichernhaus, Spielplatz und Haltestelle „Mühlburger Feld“ lassen Studierende
der Pädagogischen Hochschule Karlsruhe (PHKA) unter dem Motto „MÜHLBEÆT –
Pflanz’ dich zu uns!“ einen bunten Erlebnisraum
aus Mitmachstationen, Musik, Plausch und Pflanzentausch entstehen„Pflanz’
dich zu uns!“ ist Programm: ob beim Mixen von Beats mit Klängen des Stadtteils,
beim Sprayen kreativer Graffiti auf mitgebrachte Taschen und Shirts oder beim
gemütlichen Picknick auf der Wiese. Das kostenfreie Angebot steht allen
Interessierten offen am Freitag, 18. Juli, von 14.30 bis 18.30 Uhr, am Samstag,
19. Juli, von 11 bis 19.30 Uhr und am Sonntag, 20. Juli, von 11 bis 16 Uhr.Entwickelt haben das Konzept für „MÜHLBEÆT – Pflanz’ dich zu
uns!“ Studierende des PHKA-Masterstudiengangs Kulturvermittlung im Rahmen eines
Projektmanagement-Seminars bei Dr. Henrike Plegge. Sie haben den Stadtteil
erkundet und mit Menschen vor Ort gesprochen. Besonders prägend finden die
Studierenden die Graffiti-Kunst, die Mühlburg mit Farbe und Geschichten füllt.„MÜHLBEÆT – Pflanz’ dich zu uns!“ wird von der
Kulturstiftung der Sparkasse Karlsruhe gefördert und knüpft an die
studentischen Projekte „Dax-Land-Fluss“ 2023 und „Oberreut Deluxe 2.0 –
Urlaubsedition“ 2024 an. Ursprünglich initiiert hat den mobilen Kunstkiosk das
Kollektiv fort-da mit „Oberreut Deluxe“ 2021/2022.",https://kalender.karlsruhe.de/db/termine/stadtleben/muhlbet_pflanz_dich_zu_uns
Aliens: Ferne Welten - fremdes Leben?,2025-07-17T21:00:00,PLANET KA Planetarium Karlsruhe,"Alter Schlachthof 4, 76131 Karlsruhe",49.0039151,8.4304661,"Wohl keine andere Frage, die wir über das Universum stellen können, beschäftigt uns so stark, und wohl keine Entdeckung hätte so große Bedeutung für unser Weltbild wie die außerirdischer Lebewesen. In den letzten Jahren haben wir unglaubliche Fortschritte gemacht. – und in unserer brandneuen Planetariumsshow sind Sie hautnah dabei!Begleiten Sie uns auf einer fantastischen Spurensuche im Kosmos. Vielleicht werden wir schon vor unserer Haustür, in unserem Sonnensystem, fündig? Landen Sie mit einer Raumsonde auf dem Mars, auf dem in ferner Vergangenheit womöglich einmal Leben entstand. Erforschen Sie den Jupitermond Europa, unter dessen dickem Eispanzer sich ein gewaltiger Ozean verbirgt!Stoßen Sie dann zu den Sternen vor, den Geschwistern der Sonne, und nehmen Sie teil an der aufregenden Jagd nach erdähnlichen Planeten! Die ersten Kandidaten für bewohnbare Planeten sind schon gefunden. Aber die fernen Welten sind fremdartig: Wie mag das Leben aussehen, das sich dort – vielleicht – entwickelt hat? Lassen wir unsere Fantasie spielen … und fragen wir uns, wie die Chancen stehen, jemals intelligente Außerirdische zu finden, mit denen wir Kontakt aufnehmen können!Eine Produktion der Planetarien Münster, Bochum, Kiel, Mannheim, Wolfsburg und Osnabrück.Empfohlen ab ca. 10 JahrenProgrammdauer ca. 60 MinutenEinlass: ab ca. 30 Min. vor BeginnBitte beachten: Kein Nacheinlass möglich!Ungenutzte Tickets verfallen ersatzlos.",https://kalender.karlsruhe.de/db/termine/wirtschaft/aliens_ferne_welten_fremdes_leben-12
BLACK SEA DAHU,2025-07-17T20:30:00,Kulturzentrum Tollhaus,"Alter Schlachthof 35, 76131 Karlsruhe",49.0044252,8.4317094,"Nach dem Erfolg ihres gemeinsamen Live-Albums gehen Black Sea Dahu und das Streichquartett Amour sur Mars zusammen auf Tour. Mit dieser außergewöhnlichen Besetzung sorgten sie bereits beim Montreux Jazz Festival für Begeisterung – nun bringen Black Sea Dahu und Amour sur Mars ihren unverwechselbaren Sound, eine Mischung aus Indie-Folk, atmosphärischen Klangwelten und eindringlicher Intensität, in neuem Klanggewand auf ausgewählte Bühnen Europas. Die Synergie aus dem atmosphärischen Sound der Band und der intensiven Wärme des Streichquartetts entführt die Zuhörenden in ferne Welten. Frontfrau Janine Cathrein verleiht den introspektiven Texten der Band mit ihrer kraftvollen Stimme eine unverkennbare Tiefe, während das Streichquartett den Songs zusätzliche Dramatik und Sinnlichkeit verleiht.Support: SO SOONSo Soon um die Multiinstrumentalisten, Songwriter und Producer David Stöbener und Marco Braun schaffen Musik, die trotz eines impressionistischen Ansatzes im Sounddesign und Storytelling enorme Größe und Kraft entwickelt. Indie Pop und Folk verschmelzen mit Electronica und Postrock zu einem bewegenden Ganzen – sowohl auf den Aufnahmen, als auch in mitreißenden Konzerten mit voller Band.So Soon sind nicht nur seit ihrer Jugend befreundet, sie machen auch seit Jahren zusammen Musik, haben in ihre Kunst investiert. Und das hört man den Kompositionen, der Produktion und jedem Konzert an: Vielschichtiges Songwriting, präzise Vocals, beeindruckender Sound und enorme Spielqualität verbünden sich zu einem magischen Ganzen. Autobiografische Snapshots, das Aufwachsen in einer Welt, die viel bietet, aber auch viel verlangt, neblige Hoffnung, schwebende Melancholie...",https://kalender.karlsruhe.de/db/termine/musik/black_sea_dahu
Romeo und Julia (Tanz-Fest-Woche),2025-07-17T20:00:00,"Badisches Staatstheater, Großes Haus","Hermann-Levi-Platz 1, 76137 Karlsruhe",49.0049938,8.4048954,,https://kalender.karlsruhe.de/db/termine/theater/romeo_und_julia_tanz_fest_woche
Tragödienbastard (Vorstellungsausfall),2025-07-17T19:30:00,"Badisches Staatstheater, STUDIO","Baumeisterstraße 11, 76137 Karlsruhe",49.0048704,8.4046989,,https://kalender.karlsruhe.de/db/termine/theater/tragodienbastard_vorstellungsausfall
Die politische und soziale / caritative Dimension des christlichen Glaubens,2025-07-17T19:30:00,"Bildungszentrum Roncalli-Forum Karlsruhe, Ignatius-Saal","Kriegsstraße 37, 76133 Karlsruhe",49.0051478,8.3968623,"Pfrin. Kira Busch-Wagner, geb. 1961, ist Pfarrerin der Evangelischen Landeskirche in Baden im Stadtkirchenbezirk Karlsruhe.Dipl.-Theol. Tobias Licht, geb. 1962, ist Leiter des Bildungszentrums Roncalli-Forum Karlsruhe der Erzdiözese Freiburg.Teilnahme kostenlos / Spenden willkommen",https://kalender.karlsruhe.de/db/termine/literatur/die_politische_und_soziale_caritative
Woyzeck (Zum vorletzten Mal in dieser Spielzeit),2025-07-17T19:30:00,"Badisches Staatstheater, Kleines Haus","Hermann-Levi-Platz 1, 76137 Karlsruhe",49.0049938,8.4048954,,https://kalender.karlsruhe.de/db/termine/theater/woyzeck_zum_vorletzten_mal_in_dieser_spielzeit
Europas Weg zu den Sternen,2025-07-17T19:00:00,PLANET KA Planetarium Karlsruhe,"Alter Schlachthof 4, 76131 Karlsruhe",49.0039151,8.4304661,"Europas Weg zu den Sternen nimmt die Zuschauer mit auf eine epische Reise hinter die Kulissen des leistungsstärksten bodenbasierten Observatoriums der Welt und gibt Einblicke in die wissenschaftliche Arbeit, in die Geschichte, die Technik und die Menschen dahinter.Erfahren Sie mehr über die Europäische Südsternwarte in einer Geschichte von Neugier auf den Kosmos, von Mut und Ausdauer; eine Geschichte über die Beobachtung eines Universums der Rätsel und Geheimnisse und über Entwurf, Bau und Betrieb der leistungsstärksten erdgebundenen Teleskope der Welt. Aktuell im Bau ist das ELT, das Extremely Large Telescope, das bald eine neuerliche Revolution der Himmelsbeobachtung darstellen wird.Der Film beschäftigt sich mit den grundlegenden Aspekten eines astronomischen Observatoriums und gibt zugleich einen Überblick über das Feld der Astronomie: beginnend mit der Standortuntersuchung, um den besten Platz für die Himmelsbeobachtung zu finden, bis hin zum Bau der Teleskope und deren Einsatz, wenn Astronomen die Mysterien des Universums aufdecken.Dauer der Veranstaltung: ca. 60 MinutenEmpfohlen ab 10 JahrenEinlass: ab 30 Min. vor Beginn.Bitte beachten: Kein Nacheinlass möglich!Ungenutzte Tickets verfallen ersatzlos.Weitere Termine, Programme und Angebote auf der Website: planet-ka.de",https://kalender.karlsruhe.de/db/termine/wirtschaft/europas_weg_zu_den_sternen-6
TURNS: Uncensored Clinic,2025-07-17T19:00:00,Zentrum für Kunst und Medien (ZKM) |  Kubus,"Lorenzstraße 19 , 76135 Karlsruhe",49.0012852,8.3836005,"Tickets erhältlich an der ZKM | Infotheke, der Abendkasse und demnächst auf reservix (zzgl. Gebühr)In der Reihe »TURNS: Sounding Out Health« entsteht im Juli eine besondere Kollaboration zwischen Hertzlab und Gastkünstlerinnen. »Uncensored Clinic« ist eine immersive Multiplayer-Performance der Künstlerin Danielle Brathwaite-Shirley (Tate Modern, Berghain) in Zusammenarbeit mit der Komponistin und Hertzlab-Praktikantin Rochelle Than (Stanford). Im einzigartigen Raumklang des Klangdoms am ZKM entfaltet sich eine spekulative Klinik, in der Zuhörende zu Mitspielenden werden. Zwischen Soundscape, Game-Ästhetik und performativer Fürsorge entsteht ein interaktiver Raum für Heilung, Konfrontation und radikale Empathie.",https://kalender.karlsruhe.de/db/termine/musik/turns_uncensored_clinic
Hidden Talents (Tanz-Fest-Woche),2025-07-17T18:00:00,"Staatstheater, siehe Beschreibung",,,,,https://kalender.karlsruhe.de/db/termine/theater/hidden_talents_tanz_fest_woche-1
AT goes A SF,2025-07-17T18:00:00,Architekturschaufenster,"Waldstraße 8, 76133 Karlsruhe",49.011056,8.3991139,"Wir wollen Architekturtheorie greifbar machen, in dem wir sie 
ausstellen, gemeinsam diskutieren und im Karlsruher Stadtraum zeigen! 
Dafür laden wir wieder ins Architekturschaufenster zu „AT goes A SF“ 
ein: ein Abend, an dem wir Erkenntnisse, Fragen und Ideen aus unseren 
Lehrveranstaltungen mit Studierenden und Gästen diskutieren wollen. 
Dabei bewegen wir uns durch diverse Maßstäbe, Kategorien und Kontexte: 
von Methoden als einer der Maßstäbe der Architektur bis hin zu einem 
Atlas der KI, Straßenfotografie, modern servants, Protesten in 
alltäglichen Räumen, der Ausstellung von Kinderbüchern über Architektur 
und Gossip aus den Archiven. Dabei verstehen wir Architekturtheorie als 
eine vereinende kritische Praxis - und freuen uns auf einen regen 
Austausch! Und auf den anschließenden Umtrunk!",https://kalender.karlsruhe.de/db/termine/architektur/at_goes_a_sf
Last Train,2025-07-17T18:00:00,Günther-Klotz-Anlage,"Hermann-Veit-Straße 7,  Karlsruhe",48.9970376,8.3767138,"Im Rahmen des Festivaks ""Fest am See"" spielen ""Last Train"". Sie feiern dort ihr 25 jähriges Bühnenjubiläum. Mit zwei akustischen 
Gitarren, Gesang und Percussion spielen sie eigene Songs und 
interpretieren Coversongs auf ihre individuelle und unverwechselbare Art
 und Weise.",https://kalender.karlsruhe.de/db/termine/musik/last_train
Verfasste Studierendenschaft Wahldebatte,2025-07-17T18:00:00,"Altes Stadion, KIT Campus Süd","Engesserstraße 17, 76131 Karlsruhe",49.011175,8.4146076,"Im Rahmen der anstehenden Wahlen zur Verfassten Studierendenschaft am 
Karlsruher Institut für Technologie (KIT) laden wir alle Studierenden 
herzlich zur Wahldebatte ein.Hier habt ihr die Möglichkeit die zur Wahl stehenden Listen 
kennenzulernen, ihre Positionen zu aktuellen hochschulpolitischen Themen
 zu hören und eigene Fragen zu stellen. Die Debatte bietet eine ideale 
Gelegenheit, um euch ein umfassendes Bild von den Kandidierenden und 
ihren Zielen zu machen – direkt und transparent.Was euch erwartet:Vorstellung der kandidierenden ListenDiskussionen zu aktuellen Themen rund ums Studium, Campusleben und studentische MitbestimmungOffene Fragerunde mit dem PublikumOb du schon eine klare Meinung hast oder noch unsicher bist – informiere
 dich, diskutiere mit und nutze deine Stimme bei der Wahl!Mitbestimmen statt mitlaufen – komm zur Wahldebatte!",https://kalender.karlsruhe.de/db/termine/literatur/verfasste_studierendenschaft_wahldebatte
Klima Puzzle Workshop - Wir haben die Karten in der Hand,2025-07-17T18:00:00,Bürger- und Gemeindezentrum BGZ Knielingen,"Struvestraße 45, 76187 Karlsruhe",49.0328756,8.3466271,"Wie funktioniert eigentlich der Klimawandel? Was sind seine Ursachen,
 was seine Folgen – und was können wir tun? DasKlima Puzzleist ein 
interaktiver Workshop, der wissenschaftlich fundiertes Wissen leicht 
verständlich macht – und dabei auch noch Spaß bringt!In nur 3 Stunden lernen Sie im Team mit 42 Spielkarten die 
Mechanismen des Klimawandels kennen – basierend auf den Berichten des 
Weltklimarats (IPCC). Gemeinsam bringen Sie die Karten in eine logische 
Reihenfolge von Ursache und Wirkung. Dabei entstehen spannende 
Diskussionen, neue Perspektiven und ganz konkrete Aha-Momente.Der Workshop richtet sich an Erwachsene und Jugendliche ab 14 Jahren –
 ganz ohne Vorwissen! Moderiert wird der Workshop von geschulten 
Ehrenamtlichen. Der Fokus liegt auf Austausch, Lösungen und dem Mut, 
selbst aktiv zu werden: Denn nur wer versteht, kann wirksam 
handeln.ANMELDUNG erforderlich und verbindlich hier:https://association.climatefresk.org/training_sessions/67471683-0909-4a45-b6d2-9e691fc41d2a/show_public?language=en&tenant_token=36bd2274d3982262c0021755&user_token=27d413d0-d053-4f15-a905-b715255b6d1cWeitere Informationen über den Workshop finden Sie unter: www.klimapuzzle.de",https://kalender.karlsruhe.de/db/termine/wirtschaft/klima_puzzle_workshop_wir_haben_die_karten_in_der_hand-30
Klavierrezital,2025-07-17T18:00:00,Wohnstift Rüppurr,"Erlenweg 2, 76199 Karlsruhe",48.9823284,8.4108029,"Jueun Heospielt die Suite B-Dur, HWV 434 von Georg FriedrichHändel, 15 Variationen mit Fuge ""Eroica"", op. 35 von Ludwig vanBeethovenund die Klaviersonate fis-Moll, op. 11 von RobertSchumann.Eintritt frei.",https://kalender.karlsruhe.de/db/termine/musik/klavierrezital
Künstlergespräch mit Matthias Grund und Prof. Dr. Matthias Bruhn,2025-07-17T18:00:00,Städtische Galerie Karlsruhe,"Lorenzstraße 27, 76135 Karlsruhe",49.0003576,8.3834933,"Künstlergespräch zur Ausstellung„gute aussichten –junge deutsche fotografie 2023/2024“17/07/2025, 18 UhrIn seiner medienanalytischen Arbeit „Other Images“ untersucht derKünstler Matthias Grund die Auswirkung Künstlicher Intelligenz auf diekulturelle Bildproduktion und lädt dazu ein, sich auf unterschiedlichenEbenen mit dieser auseinanderzusetzen. Das multimediale Dossierumfasst dabei wissenschaftliche Essays, einen akademischen Kursplan,Leseempfehlungen sowie künstlerische Experimente und Kommentare.Matthias Grunds künstlerische Praxis ist Anlass für ein Gespräch zumVerhältnis von Künstlicher Intelligenz, Bildgenerierung und der Produktionvon Kunst.Mit Matthias Grund und Prof. Dr. Matthias Bruhn, Professor für Kunstwissenschaftund Medientheorie, HfG Karlsruhe.Kosten: 2 € zzgl. Eintritt",https://kalender.karlsruhe.de/db/termine/ausstellungen/kunstlergesprach_mit_matthias_grund
Jam Session,2025-07-17T18:00:00,"Kaiserstraße 47, Kulturküche","Kaiserstraße 47, 76131 Karlsruhe",49.0090696,8.412492,"Lust auf einen Abend voller Musik und spontaner Klänge? Dann komm zur Jam Session mit Thomas und Paul.Ob mit Instrument oder Stimme – spiel mit, sing mit oder hör einfach zu und genieße die kreative Stimmung.Egal ob Anfänger oder Profi – hier zählt nur die Freude an der Musik.Jeden 3. Donnerstag im MonatWir freuen uns auf euch!",https://kalender.karlsruhe.de/db/termine/musik/jam_session-4
KIT Climate Lecture,2025-07-17T18:00:00,Auerbach-Saal des Staatlichen Museums für Naturkunde Karlsruhe,"Erbprinzenstraße 13, 76133 Karlsruhe",49.0069855,8.4001442,"Stickstoff
 ist ein essentieller Pflanzennährstoff und Stickstoffdünger werden zur 
Steigerung der Pflanzenproduktion eingesetzt, da die meisten Pflanzen 
Stickstoff nicht direkt aus der Atmosphäre aufnehmen können, die zu 80% 
aus molekularem Stickstoff (N2) besteht. Die Stickstoffdüngung von 
Nutzpflanzen mit organischen oder mineralischen Düngern ist daher 
unerlässlich, um Ernteerträge und Ernährungssicherheit zu gewährleisten 
und die Bodenfruchtbarkeit landwirtschaftlich genutzter Böden zu 
erhalten. Trotz sorgsam eingehaltener Anwendungsregeln bei der Düngung 
treten Stickstoffverluste in die Umwelt auf. Ein Teil dieser 
Umweltverluste erfolgt in Form von klimawirksamem Lachgas. In meinem 
Vortrag werde ich versuchen, die komplexen Wechselwirkungen zwischen 
Pflanzen- und Tierproduktion, Nährstoffkreisläufen, Klimawandel und 
Möglichkeiten zur Reduktion von Treibhausgasemissionen aus der 
Landwirtschaft darzustellen.Mit 2 Begleitvorträgen von Referierenden von der BASF:Ammoniaksynthese – Errungenschaft und Herausforderung.Die AnfängeDr. Susan BeckerI Internal Communications & Corporate History, Site Communications Ludwigshafen, BASF sowie„Ammoniak im Wandel: vom Stickstoff- zum Energie-Vektor“Xavier Sava ISenior Manager Energy Vectors, BASF",https://kalender.karlsruhe.de/db/termine/wirtschaft/kit_climate_lecture-2
Technik und die Folgen. Das KIT als Ort von Innovation und Verantwortung,2025-07-17T18:00:00,"Atrium im InformatiKOM I, Geb. 50.19, KIT Campus Süd, Adenauerring 12","Adenauerring 12, 76131 Karlsruhe",49.0112037,8.418794,"Referent:Prof. Dr. Armin Grunwald,Leiter des Instituts für Technikfolgenabschätzung und Systemanalyse (ITAS) am KITDas KIT ist in seinen beiden Vorgängereinrichtungen, der Technischen Hochschule und dem Kernforschungszentrum, stets eine Quelle für Innovation und Fortschritt gewesen und ist dies weiterhin. Anders als bei vielen anderen technischen Forschungseinrichtungen wurde hier die Verantwortung gegenüber der Gesellschaft bereits seit den 1970er Jahren anerkannt, so vor allem in Ethik und Technikfolgenabschätzung, heute auch in Bezug auf Nachhaltigkeit. Dass der Deutsche Bundestag nunmehr seit über 30 Jahren aus dem KIT heraus zu Fragen des technischen und wissenschaftlichen Fortschritts beraten wird und dass am KIT Pionierarbeit zur Reallaborforschung geleistet wurde, sind keine Zufälle. Vielmehr bauen sie auf einer jahrzehntelangen Tradition auf, die heute zu den Alleinstellungsmerkmalen des KIT gehört.Verantwortlich zeichnet dafür nicht zuletzt das Institut für Technikfolgenabschätzung und Systemanalyse (ITAS) des KIT, das 2025 sein 30-jähriges Bestehen feiert. Das ITAS hat sich in den vergangenen drei Dekaden von einer kleinen beratungsorientierten Forschungseinrichtung Schritt für Schritt zu einer in Wissenschaft, in der Politik, aber auch in Öffentlichkeit und Zivilgesellschaft anerkannten Einrichtung entwickelt.Das Karlsruher Institut für Technologie (KIT) feiert 2025 sein 
200-jähriges Jubiläum. Obwohl das KIT als Institution erst 2009 
entstand, reicht die Geschichte seiner Vorläufer weit zurück. Im 
Colloquium Fundamentale „200 Jahre – 6 Zugänge. Entwicklungen, 
Ereignisse und Kontroversen in der Geschichte des KIT“ geben wir 
Einblicke zu der historisch gewachsenen Identität des KIT, 
fokussieren Probleme in seiner Geschichte und stellen heutige Ansätze 
des KIT zur Lösung von Interessenkonflikten vor.Das Colloquium Fundamentale wird im Sommersemester 2025 vomStudium 
Generale. Forum Wissenschaft und Gesellschaft (FORUM)in Kooperation mit
 dem KIT-Archiv veranstaltet.© Fotos v.l.n.r: KIT-Archiv (28015/1); KIT-Archiv (28028/ 01794); KIT",https://kalender.karlsruhe.de/db/termine/literatur/technik_und_die_folgen_das_kit_als_ort
Apero Tour,2025-07-17T17:00:00,City Tour durch Karlsruhe,,,,"Bei dieser neu konzipierten Stadtführung der Firma BOService ist Beginn und Ende mit einem kurzen Stopp im Laden vomFASS Karlsruhe verbunden.Julia Kalmbach und ihr Team erwarten uns im Herzen von Karlsruhe direkt am Marktplatz.Nach einem Aperitif, auf Wunsch auch alkoholfrei, beginnen wir unserem ca. 1,5 stündigen Stadtrundgang.Über den Rondellplatz, Stephanplatz, Ludwigsplatz erreichen wir den Botanischen Garten und das Schloss.Als Belohnung erwartet uns dann zu Ende der Tour eine kleine kulinarische Stärkung im Laden vomFass.Auch andere zusätzliche Termine sind jederzeit nach Rücksprache mit dem Veranstalter möglich.Preise:Erwachsene: Euro 15,00Kinder und Jugendliche 6-14 Jahre: freiInfoTel.: 0721/91679888 oder 0170/2935072Internet: www.stadtfuehrungen-karlsruhe.deAnmeldung erforderlichMindestteilnehmerzahl: 6 Personen",https://kalender.karlsruhe.de/db/termine/stadtleben/apero_tour-18
Spielzeitauftakt für Kooperationsschulen und -Kitas,2025-07-17T17:00:00,"Staatstheater, siehe Beschreibung",,,,,https://kalender.karlsruhe.de/db/termine/theater/spielzeitauftakt_fur_kooperationsschulen_und_kitas-1
Onleihe Sprechstunde,2025-07-17T17:00:00,Stadtbibliothek Karlsruhe - Stadtbibliothek im Neuen Ständehaus,"Ständehausstraße 2, 76133 Karlsruhe",49.0089211,8.4003588,"Die kostenlose Sprech­stunde richtet sich an alle Inter­es­sier­ten mitindivi­du­el­len Fragen rund um die digitale Bibliothek ""Onleihe"". Fachleute der Stadt­bi­blio­thek beant­wor­ten Fragen und zeigen die Handhabung an entspre­chen­den Lesege­rä­ten (E-Book-Reader oder Tablets). Es dürfen gerne eigene Geräte mitge­bracht werden. Eine Anmeldung ist nicht erfor­der­lich.Zielgruppe:Onleihe Nutzer*innenAnmeldung:ohne AnmeldungEintritt:kostenfreiOrt:Stadtbibliothek im Neuen Ständehaus, Infotheke im 2. OG",https://kalender.karlsruhe.de/db/termine/literatur/onleihe_sprechstunde-86
Next Steps - Orientierung für Studienzweifelnde,2025-07-17T16:00:00,TRIANGEL Transfer | Kultur | Raum,"Kaiserstraße 93, 76133 Karlsruhe",49.0092217,8.4087317,"Der eingeschlagene Weg fühlt sich doch nicht
richtig an? Das langersehnte Studium erfüllt nicht die Erwartungen? Mit diesen
Fragen beschäftigen sich jährlich zahlreiche junge Menschen. Wer im Studium
unglücklich ist, denkt oft an einen Abbruch. Aber ist das der richtige Weg und was
dann?Die Initiative soll Studienzweiflerinnen und
-zweifler auf ihrem Weg zu neuen beruflichen Optionen unterstützen und hierbei
für alle wichtigen Fragen Antworten geben.",https://kalender.karlsruhe.de/db/termine/wirtschaft/next_steps_orientierung_fur_studienzweifelnde
"Der perfekte Feierabend: Kunst, Wein & gute Gespräche",2025-07-17T16:00:00,Konferenzzentrum Karlsruhe,"Johann-Georg-Schlosser- Straße 16, 76149 Karlsruhe",49.0556269,8.393316,"Erleben Sieden perfekten Feierabend: Kunst, Wein
& gute Gesprächeund tauchen Sie ein in die
faszinierende Welt der renommiertenKünstlerin
Sabine Türk– bekannt aus RTL und VOX, die ihre
beeindruckenden Werke präsentiert.Zusätzlich verwöhnt Sie das renommierteWeingut Alde Gott mit einer exklusiven Weinverkostung.
Dazu servieren wir köstliche Snacks sowie eine Auswahl an Getränken – alles im
Preis inbegriffen.Dieses Event ist die ideale Gelegenheit fürUnternehmer der Region,
einen inspirierendenAbend
mit ihren Familienzu verbringenoder als stilvolles Firmeneventmit
Ihren Mitarbeitern.Lassen Sie sich diese einzigartige Kombination aus Kunstgenuss und Weinkultur
nicht entgehen!Wann?
     17.07.2025 -  16:00 – 22:00 Uhr(Weinprobe
ab 18:00 Uhr)Wo?         
VEMA Konferenzzentrum;Johann-Georg-Schlosser-Str. 16, Karlsruhe0721-915003 40Preis:        28,00 €(inkl.
Weinprobe, Getränke & Snacks)Wir freuen uns auf Sie!Ihr Team vomVEMA Konferenzzentrum KarlsruheHotelzimmer benötigt?https://www.konferenzzentrumkarlsruhe.de/sleep",https://kalender.karlsruhe.de/db/termine/ausstellungen/der_perfekte_feierabend_kunst_wein_gute_gesprache
It’s a match – Art Speeddating,2025-07-17T16:00:00,Zentrum für Kunst und Medien (ZKM),"Lorenzstraße 19, 76135 Karlsruhe",49.0012852,8.3836005,"Ihr geht gerne in Ausstellungen, euch fehlt aber jemand, um sich darüber auszutauschen? Oder ihr habt einfach mal wieder Lust, neue Leute kennenzulernen? – In beiden Fällen seid ihr bei unserem beliebten Format „It’s a match – Art Speeddating“ genau richtig.Um Dating im herkömmlichen Sinne geht es hier also nicht, sondern um den Austausch mit unterschiedlichsten Menschen und das Kennenlernen anderer Perspektiven - auf die Kunst, aber auch den Alltag. Im Laufe des Art Speeddatings lernt ihr an jedem Kunstwerk eine neue Person kennen und könnt mithilfe interessanter Fragen, die von den Kunstwerken inspiriert sind, ins Gespräch kommen.Wer weiß, vielleicht findet sich bei einem anschließenden Drink und Austausch sogar euer neuer Art Buddy?OrtLichthof 1+2, EGKosten12 € / 10 € ermäßigtSpracheDeutschAnmeldung unterspeeddating@zkm.de(max. 10 Teilnehmende)10 Teilnehmende. 10 Werke. 10 Begegnungen.",https://kalender.karlsruhe.de/db/termine/ausstellungen/its_a_match_art_speeddating-3
Dinosaurier - die Geschichte des Überlebens,2025-07-17T15:00:00,PLANET KA Planetarium Karlsruhe,"Alter Schlachthof 4, 76131 Karlsruhe",49.0039151,8.4304661,"Wie fast alle Kinder ist Celeste von Dinosauriern fasziniert. Gerade bereitet sie für ihre Klasse einen Vortrag darüber vor, wie die Dinosaurier ausgestorben sind. Da stellt „Mond“, eine weise und magische Figur, eine verlockende Frage: „Was wäre, wenn ich dir sagen würde, dass es noch Dinosaurier unter uns gibt?“Celeste begibt sich mit „Mond“ auf eine Reise durch die Zeit. Dabei erleben sie ein aufregendes Abenteuer, bei dem sie die Erde sehen, wie sie in der fernen Vergangenheit war.Welche faszinierenden Veränderungen machten diese Tiere im Laufe der Jahrmillionen durch? Wie entwickelten sie sich zu riesigen Kreaturen und erschreckenden Raubtieren? Was geschah an dem Tag, an dem ein katastrophaler Einschlag eines Asteroiden ein Massenaussterben auf der Erde verursachte?Doch es ist noch nicht alles verloren. Celeste wird den Schlüssel zum Überleben der Dinosaurier entdecken...Produziert von Render AreaZur Einleitung präsentieren wir live den aktuellen Sternenhimmel über Karlsruhe.Dauer ca. 60 MinutenFür Kinder ab 7 JahrenEinlass ab ca. 30 Min. vor Beginn.Bitte beachten: Kein Nacheinlass!Ungenutzte Tickets verfallen ersatzlos.",https://kalender.karlsruhe.de/db/termine/wirtschaft/dinosaurier_die_geschichte_des_uberlebens-1
saai | iaas Residencies in Zusammenarbeit mit der Wüstenrot Stiftung: Öffentlicher Workshop @ A SF,2025-07-17T14:00:00,Architekturschaufenster,"Waldstraße 8, 76133 Karlsruhe",49.011056,8.3991139,"Das saai | Archiv für Architektur und Ingenieurbau lädt ein zu einem 
öffentlichen Workshop mit den vier aktuellen Fellows der ersten Kohorte 
dersaai | iaas Residencies, einer Kooperation mit derWüstenrot Stiftung.
 Die Veranstaltung bietet Einblicke in die laufenden Forschungen, 
Fragestellungen und Methoden der Fellows, die sie während ihrer Arbeit 
vor Ort im und mit dem Archiv entwickelt haben. Die diesjährige 
Residency steht unter dem ThemaRobust Fragilities? Systems of Knowledge in the Archive,
 wobei untersucht wird, wie Architekturarchive sowohl als 
Aufbewahrungsort als auch als Wissensproduzenten fungieren. Von der 
Anhäufung und Erosion von Materialien bis hin zum Zusammenspiel zwischen
 analogen und digitalen Prozessen wurden die Fellows eingeladen zu 
untersuchen, wie Archive Denkstrukturen in der Architektur und 
verwandten Disziplinen strukturieren, unterstützen oder ihnen 
widerstreben. Ihre Projekte beleuchten Fallstudien und theoretische 
Ansätze, die sich mit Archivlücken, unerwarteten Verbindungen und den 
Spannungen zwischen Bewahrung und Innovation befassen.Als Teil des neu gegründeteniaas | Center for International Architectural Archival Studiesnutzt die Residency den einzigartigen Rahmen des saai am Karlsruher 
Institut für Technologie (KIT). Mit seinen umfangreichen Sammlungen 
bietet das saai nicht nur einen Ort der Aufbewahrung, sondern auch ein 
dynamisches Forschungs- und Experimentierfeld. Der iaas fördert dieses 
Potenzial durch den interdisziplinären Austausch zwischen Architektur, 
Wissenschaftsphilosophie, Ingenieur- und Medienwissenschaften.Der öffentliche Workshop lädt Studierende, Forschende und alle an 
Architektur, Archiven und Wissenssystemen Interessierten zu einem 
offenen Dialog mit den Residents ein. Die Veranstaltung ist Teil des 
Residency-Programms, das auch eine Folge des saai-Podcasts Archive 
Gossip sowie eine visuelle und schriftliche Dokumentation der Arbeit der
 Fellows umfasst.",https://kalender.karlsruhe.de/db/termine/architektur/saai_iaas_residencies_in_zusammenarbeit
MobiLab am Kronenplatz!,,Kronenplatz,"Kronenplatz 1, 76133 Karlsruhe",49.0085304,8.4096559,"Das MobiLab kommt nach Karlsruhe!Wir laden dich herzlich ein, uns am Kronenplatz in unserem mobilen Tinyhouse zu besuchen.Lerne neue Dinge zu Stadtbäumen und Begrünung bei vielfältigen Stationen zum Mitmachen und Entdecken. Bringe dich ein bei interessanten Gesprächen mit unseren Expert*innen oder lausche einem unserer Vorträge.Neben Experimenten, einer selbstentwickelten Bodensonde und einer Frage-Antwort-Runde mit Moritz Heintze vom Gartenbauamt der Stadt Karlsruhe zum Thema Baumpflanzungen im Kontext des Klimawandels, haben wir auch einige Aktionen für Kinder und Familien im Programm.Komm vorbei, wir freuen uns auf Dich!Das MobiLab steht vom17.7 bis zum 19.7 am Kronenplatz.Am18.7gibt es ab17:30einen Impulsvortrag vonMoritz Heintzevom Gartenbauamt mit anschließender Fragerunde.",https://kalender.karlsruhe.de/db/termine/wirtschaft/mobilab_am_kronenplatz
Aktuelle Arbeiten von Künstlerinnen der HfG Karlsruhe: Amelie Albertine Elders und Isabel Motz,,GEDOK Künstlerinnenforum,"Markgrafenstraße 14, 76131 Karlsruhe",49.0078673,8.4104912,"Seit 2022 präsentieren der Fachbereich Fotografie und Medienkunst der 
GEDOK Karlsruhe und der Studiengang Szenografie und Ausstellungsdesign 
der HfG Karlsruhe jährlich Diplomarbeiten von HfG-Studierenden. 
Ortsspezifische Rauminstallationen und andere medienkünstlerische 
Arbeiten mit aktuellen künstlerischen Positionen sind zu erleben.Eine Ausstellung im Rahmen des Nachwuchsförderprogramms der GEDOK 
Karlsruhe. Projektleitung: Sabine Schäfer (GEDOK) und Prof. Susanne 
Kriemann (HfG).Vernissage: Donnerstag, 17.07.2025, 19 UhrEinführung: Prof. Susanne Kriemann und Prof. Constanze Fischbeck, HfG KarlsruheAbb.: Isabel Motz, BURNING CONSCIENCE",https://kalender.karlsruhe.de/db/termine/ausstellungen/aktuelle_arbeiten_von_kunstlerinnen
Show must go on,2025-07-31T19:30:00,Kammertheater Karlsruhe,"Herrenstraße 30, 76133 Karlsruhe",49.0089854,8.3980657,"Freddie Mercury – grandioser „Queen“-Frontmann, Meister der Extravaganz, genialer Songschreiber, Sexsymbol für Männer und Frauen. Kein Zweifel, Freddie war einer der ganz Großen. Auch über 30 Jahre nach seinem Tod fasziniert der Macho mit dem Schnauzbart, der glamouröse Diva und zerbrechliche Künstlerseele zugleich war, auf einzigartige Weise. Die Hits von „Queen“ tun ihr Übriges, um den Mythos Mercury am Leben zu halten. In Ingmar Ottos Musical bekommt ein junger Mann, Frederick, den Auftrag, nach der Asche von Freddie Mercury zu suchen. Schlaglichtartig wird anhand dieser Suche das Leben des Sängers nacherzählt, Begegnungen mit Weggefährt:innen wechseln sich ab mit „Queen“-Klassikern. Erleben Sie Freddie Mercurys Weg vom unbekannten Kunststudenten Farrokh Bulsara zum absoluten Ausnahmekünstler.Termine im K1, Herrenstraße 30/32, 76133 Karlsruhe16.-31.07. & 20.-24.08.2025",https://kalender.karlsruhe.de/db/termine/theater/show_must_go_on-2
Show must go on,2025-07-31T18:00:00,Kammertheater Karlsruhe,"Herrenstraße 30, 76133 Karlsruhe",49.0089854,8.3980657,"Freddie Mercury – grandioser „Queen“-Frontmann, Meister der Extravaganz, genialer Songschreiber, Sexsymbol für Männer und Frauen. Kein Zweifel, Freddie war einer der ganz Großen. Auch über 30 Jahre nach seinem Tod fasziniert der Macho mit dem Schnauzbart, der glamouröse Diva und zerbrechliche Künstlerseele zugleich war, auf einzigartige Weise. Die Hits von „Queen“ tun ihr Übriges, um den Mythos Mercury am Leben zu halten. In Ingmar Ottos Musical bekommt ein junger Mann, Frederick, den Auftrag, nach der Asche von Freddie Mercury zu suchen. Schlaglichtartig wird anhand dieser Suche das Leben des Sängers nacherzählt, Begegnungen mit Weggefährt:innen wechseln sich ab mit „Queen“-Klassikern. Erleben Sie Freddie Mercurys Weg vom unbekannten Kunststudenten Farrokh Bulsara zum absoluten Ausnahmekünstler.Termine im K1, Herrenstraße 30/32, 76133 Karlsruhe16.-31.07. & 20.-24.08.2025",https://kalender.karlsruhe.de/db/termine/theater/show_must_go_on-3
DAS FEST AM SEE 2025,2025-07-22T15:00:00,Günther-Klotz-Anlage,Günther-Klotz-Anlage,48.9990368,8.3729693,Bereits eine Woche vor DAS FEST Karlsruhe verbreitet DAS FEST AM SEE jedes Jahr Vorfreude auf süddeutschlands größtes Familienfestival. Auf der Cafébühne spielen dann jeden Abend regionale Musikgrößen bei freiem Eintritt.Das vollständige Programm finden Sie unterwww.dasfest.de/programm/das-fest-am-seeFoto: KME Karlsruhe Marketing und Event GmbH | Jürgen Rösner,https://kalender.karlsruhe.de/db/termine/musik/das_fest_am_see2025n
spirited voices in concert,2025-08-03T19:00:00,Stadtkirche Durlach,"Pfinztalstraße 31, 76227 Karlsruhe",48.9988594,8.4713534,"Fabian Ringlage, KlavierHendrik Rekers, BassTobias Heck, PercussionLeitung Jan-Peter Knoche-Vorverkauf: 7€ bis 12€  -",https://kalender.karlsruhe.de/db/termine/musik/spirited_voices_in_concert
Fotoausstellung „300 Jahre Waldenserkirche in Palmbach“,2025-07-27T10:00:00,Waldenserkirche (Palmbach),"Talstraße 43, 76228 Karlsruhe",48.9461396,8.4819809,"Anlässlich des 300-jährigen Jubiläums der Waldenserkirche in Palmbach präsentiert der Waldenserverein Palmbach e. V. eine besondere Fotoausstellung unter dem Titel„Palmbach und seine Waldenserkirchen“. Die Ausstellung ist vom 13. Juli bis 27. Juli 2025 täglich von 10:00 bis 18:00 Uhr in der Waldenserkirche zu sehen.Besucher erwartet eine Sammlung historischer Fotografien der ersten Kirche, Aufnahmen vom Bau der heutigen Waldenserkirche, Zeitungsberichte aus der damaligen Zeit sowie alte Palmbacher Ansichtskarten ab dem Jahr 1890. Ergänzt wird die Ausstellung durch Informationen zur Geschichte der Waldensergemeinde vor Ort.DieEröffnung der Ausstellung findet am Sonntag, 13. Juli 2025 um 12:00 Uhrim Anschluss an den Festgottesdienst der Evangelischen Gemeinde Bergdörfer statt.Die Termine für Führungen durch die Fotoausstellung werden auf der Webseite www.waldenserweg.de bekannt gegeben.24 Jahre nach ihrem Eintreffen: Der Bau der ersten WaldenserkircheDas erste Gotteshaus in Palmbach war eine kleine, hauptsächlich aus Holz errichtete Kirche. Zu jener Zeit wurden die Kirchengebäude von den Waldensern Tempel genannt. Die Kirche wurde 1725 unter der Leitung von Pfarrer Jacques Resplandin, der 1722 die Pfarrei übernommen hatte, erbaut und anschließend von Pfarrer Theodor Aubert eingeweiht. Der Grundstein wurde am 11. Juli 1725 gelegt, und die Einweihung fand am 25. November desselben Jahres statt. In dieser kurzen Zeit wurde mit den begrenzten Mitteln der damaligen Zeit eine schlichte Kirche mit hohem Satteldach und dreiseitigem Chorschluss errichtet.Die 200-Jahrfeier im Jahr 1901 wurde in Palmbach groß gefeiert, an der auch Großherzog Friedrich I. und seine Gemahlin teilnahmen. Der Großherzog schenkte der Gemeinde eine neue Glocke, da die alte seit Jahren defekt war.180 Jahre lang diente die Kirche den Waldenserfamilien für ihre Gottesdienste. Die heutige Waldenserkirche, die 1906 aus heimischem Sandstein im neugotischen Stil erbaut wurde, verdankt ihr Entstehen dem Engagement von Gustav Meerwein, der von 1896 bis 1912 Ortspfarrer war.Mit dieser Ausstellung wird nicht nur der Kirchenbau, sondern auch die eindrucksvolle Geschichte der Waldenser in Palmbach gewürdigt – ein bedeutender Beitrag zur Erinnerungskultur und zum Erhalt des kulturellen Erbes der Region.",https://kalender.karlsruhe.de/db/termine/ausstellungen/fotoausstellung_300_jahre_waldenserkirche_in_palmbach
"Brummi, Monza und Milano. Mopeds der Durlacher Firma Gritzner",,Pfinzgaumuseum Karlsburg Durlach,"Pfinztalstraße 9, 76227 Karlsruhe",48.9984759,8.4738226,"Die 1872 in Durlach gegründete Firma
Gritzner-Kayser verkaufte ihre Nähmaschinen in über 80 Länder weltweit. Weniger
bekannt ist, dass sie in den 1950er- und frühen 1960er-Jahren auch Mopeds
produzierte. Diesem Teil der Firmengeschichte Gritzner-Kaysers widmet das
Pfinzgaumuseum vom 12. Juli 2025 bis 18. Januar 2026 eine Sonderausstellung.Der Eintrittspreis beträgt 2 Euro, ermäßigt 1 Euro.Öffnungszeiten:Mittwoch 10 bis 18 UhrSamstag 14 bis 18 UhrSonntag 11 bis 18 Uhr",https://kalender.karlsruhe.de/db/termine/ausstellungen/brummi_monza_und_milano_mopeds_der_durlacher-1
Plants_Intelligence,,Badischer Kunstverein,"Waldstraße 3, 76133 Karlsruhe",49.0110181,8.3999026,"Plants_Intelligenceim Atrium des Kunstvereins schließt an Ștefan Bertalans radikale Wertschätzung von Pflanzen und seine wissenschaftlich-künstlerische Suche nach artenübergreifenden Beziehungen an. Wie gehen Künstler:innen heute mit unserer Abhängigkeit von, Verwandtschaft mit und Liebe zu Pflanzen um? Wo sind die Schnittstellen? Wie begreifen und gestalten sie vegetabile Handlungsmacht und Intelligenz?Alle gezeigten zeitgenössischen künstlerischen Positionen verstehen Pflanzen als handlungsmächtige Wesen, als Gefährt:innen und Verwandte der Menschen und machen dies anhand unterschiedlicher künstlerischer Methoden deutlich. Über Jahrtausende (wenn nicht Jahrmillionen) miteinander gewachsen, sind die Beziehungen zwischen Menschen und Pflanzen alt und eng (sogar gewisse Gene und Botenstoffe sind sich ähnlich). Aber in unserer vorherrschenden Kultur zählt das alles nichts: Zumeist übersehen, sollen sie uns nur Nahrung, Kleider, Treibstoff oder Dekor liefern – und ansonsten nicht weiter auffallen. Doch Pflanzen sind intelligente Wesen: Sie haben Wünsche und Intentionen, kommunizieren und agieren, sind flexibel und lösen Probleme. Eingebettet in spezifische Orte scannen sie unaufhörlich ihre Umgebung. Sie können zwar nicht davonlaufen, wenn Dinge für sie suboptimal werden, aber sie passen ihre Form den sich ändernden Gegebenheiten an. Kurzum, Pflanzen versuchen zu gedeihen und setzen dafür diverse gestalterische Mittel ein. Sie sind Gestalter:innen. Aber auch Schwellenwesen, Energiewandler:innen, Transformer: vollkommen erdverbunden, ragen sie gleichzeitig in den Äther hinein und verwandeln volatile Stoffe in Nahrung.Die in der Ausstellung versammelten Künstler:innen interessieren sich für Pflanzen und ihre Strategien und setzen sie in einen übergreifenden Kontext. Damit ist auch das Ziel dieses Projektes benannt: Mit der Behauptung, dass Pflanzen aktive und intelligente Gestalter:innen ihrer Existenzweisen sind, wird für die Anerkennung anderer, mehr-als-menschlicher Formen von Existenz plädiert. Es wird gezeigt, dass Kunst eine wichtige Rolle in diesem Prozess spielt: Schon das regelmäßige und genaue Beobachten und Übersetzen bestimmter Pflanzen und ihrer Zusammenhänge via Zeichnung, Video, Malerei, Skulptur, etc. kann unsere Sensibilität ökologisieren und die Wichtigkeit der beobachteten Wesen anzeigen. Die ausgewählten Arbeiten kreisen um mögliche Schnittstellen, gemeinsame Schwerpunkte und Methoden mit Ștefan Bertalan, wie beispielsweise das körperliche Eintauchen gepaart mit wissenschaftlichem Observieren (von Amaranth: Julia Mensch), rechnerisches Experimentieren mit (Ausbreitungs)Mustern (von Flechten: Ursula Damm), Verqueerungen kategorialer Hierarchien (Sabian Baumann), psychologisch-spirituelles Transformieren materiell-atmosphärischer Körper (Una Szeemann) sowie die Weise, wie pflanzliche Körper Raum bilden (in direkte Anlehnung an eine Zeichnung von Ștefan Bertalan: Jochen Lempert).Darüber hinaus versuchtPlants_Intelligenceaber auch zentrale, durch den Neoliberalismus enteignete Lebensaspekte wie Aufmerksamkeit, Wachstum, Flexibilität, Intelligenz oder Lernen zurückzuerobern und als grundlegende Merkmale relationalen Seins erfahrbar zu machen. Diese vielschichtigen Fragestellungen werden nicht nur in der Ausstellung, sondern auch mit weiteren Gästen in einem Veranstaltungsprogramm vertieft.Ștefan Bertalans offener transmedialer Umgang mit Pflanzen, oder besser gesagt, mit der spezifischen Seinsweise von Pflanzen, kann aus heutiger Perspektive als ein Beispiel für die Einmischung der Kunst in Diskurse um die Intelligenz der „Natur“ – die Intelligenz von Pflanzen – interpretiert werden. Sein beobachtender, (nach)zeichnender, (unter)suchender, experimenteller, den Pflanzen sich ausliefernder, sie sich anverwandelnder Umgang ist noch heute wegweisend und relevant: Er wird weiterverfolgt, weiterentwickelt, anders gemacht. Neben mathematisch-rechnerischen Annäherungen, die, wenn sie Pflanzen auch nicht verstehen, dann doch zumindest zu verstehen suchen, gibt es solche, die sich unverblümt mit ihnen verwandtschaftlich verbinden und verbünden. So hat sich auch Bertalan diesen Wesen nicht nur durch Observieren, Berechnen und Nach-Zeichnen angenähert, sondern er wollte in eine Resonanz mit ihnen kommen, sich austauschen, in einem spirituellen Sinn die Pflanzen verstehen: um schließlich in einem Akt gesellschaftlicher Isolation und persönlicher Radikalisierung selbst zur Pflanze zu werden und durch die Inklusion unserer Gefährt:innen lebendig zu bleiben.Kuratiert von Yvonne Volkart und Anja CasserAusstellung und Veranstaltungsprogramm sind eine Kooperation zwischen dem Badischen Kunstverein Karlsruhe und dem von Yvonne Volkart initiierten und geleiteten ForschungsprojektPlants_Intelligence. Learning Like a Plant(2021–25), das am Institut Kunst Gender Natur der Hochschule für Gestaltung und Kunst Basel FHNW verortet und vom Schweizerischen Nationalfonds finanziert ist.Bild: Sabian Baumann,Raupen, 2024, Farbstift auf Papier, 139 x 94 cm. Courtesy: Galerie Mark Müller",https://kalender.karlsruhe.de/db/termine/ausstellungen/plants_intelligence
Ștefan Bertalan,,Badischer Kunstverein,"Waldstraße 3, 76133 Karlsruhe",49.0110181,8.3999026,"Wir freuen uns sehr, mit Ștefan Bertalan (*1930, Răcăștie – 2014, Timișoara) einen der außergewöhnlichsten und wegweisendsten rumänischen Künstler in einer umfangreichen Einzelausstellung in Deutschland zu zeigen. Die Präsentation umfasst mehrere Jahrzehnte seines künstlerischen Schaffens und konzentriert sich auf die Jahre in Timișoara (ab 1962) und Sibiu (1982–85) bevor Bertalan mit seiner Familie nach Deutschland emigrierte und erst nach 1989 wieder in Rumänien einreisen konnte. Die Ausstellung ist in verschiedene Kapitel strukturiert, die sich auf spezifische Bildthemen, Materialien und Herangehensweisen in Bertalans Praxis konzentrieren und diese in verschiedene Richtungen miteinander in Verbindung setzen.Ștefan Bertalans künstlerisches Werk ist recherche- und prozessorientiert. Zentraler Gegenstand seiner Untersuchungen ist die Natur, insbesondere das Wachstum der Pflanzen, aber auch die Anatomie von Tieren (Insekten), die Struktur von Steinen, Muscheln und Mineralien, die Topologie von Landschaften, die Bewegung der Wolken und Winde oder die Bestimmung astronomischer Körper und kosmologischer Zusammenhänge. Für die Aufzeichnung seiner Untersuchungen arbeitete Bertalan mit verschiedenen Medien, insbesondere mit Zeichnungen, wobei die Ausstellung vor allen Dingen seine experimentellen Fotografien, Aktionen und Happenings im öffentlichen Raum sowie die Performances in den Blick nimmt.In langen Spaziergängen in und um Timișoara oder in der alltäglichen Begegnung mit dem Garten vor seinem Atelier suchte der Künstler in der Natur nach Formen als Inspiration für seine Forschung und Kunst. So entstand ein vielseitiger Kosmos aus Skizzen, tagebuchartigen (poetischen) Texten und mathematischen Berechnungen, die den morphologischen Prozess von der Samenkapsel über das Aufblühen bis hin zum Verwelken der Pflanze begleiten. Bertalans Haus war zugleich Labor, Atelier und Versammlungsort, das Interieur geprägt von seiner Leidenschaft, Wertschätzung und Neugier für die ihn umgebende Natur. Seine experimentellen Beobachtungen setzte der Künstler als Gründungsmitglied der Gruppe Sigma fort, die kollektiv und interdisziplinär mit Erkenntnissen aus der Kybernetik, Informatik, Mathematik, Bionik und Psychologie arbeitete. Bertalans Zugang zur Natur wurde zum Gegenstand eines neuartigen Lehrkonzepts, das er an der Kunsthochschule und der Architekturfakultät des Polytechnischen Instituts einführte und so die Studierenden zu einem nachhaltigen Engagement für die Natur motivieren konnte. In diesem Kontext entstanden auch einige Aktionen und Happenings, in denen aus der Natur entwickelte Formen auf plastische Materialien übertragen wurden (Seile, Stoffe, transparente Folien) – als ein Modell ständiger Transformation, das den medienübergreifende Zugang Bertalans exemplarisch verdeutlicht.Ștefan Bertalans Interesse galt Pflanzen, die eine außergewöhnliche geometrische Ordnung visualisieren oder eine gewisse vegetabile Widerständigkeit markieren, wie beispielsweise die hohe Sonnenblume in ihrem Streben nach Licht, der Aprikosenbaum mit seiner verzweigten Krone als Netzwerk oder der gemeine Stechapfel mit seiner trichterförmigen Blüte in Form eines Pentagons. Der Blumenkohl faszinierte Bertalan in seiner fraktalen Struktur, die er anhand von Markierungen und Farben analysierte und 1977 als Werk in einer Ausstellung präsentierte. In all diesen Arbeiten verdeutlicht sich ein analytisches, an mathematischen und biologischen Prozessen orientiertes Interesse, aber vielmehr auch ein subjektives Gespür für die Natur als gleichberechtigte Allianz in einem universellen (Kunst-)System mit den Pflanzen als ihren Agentinnen.Bertalans Kommunikation mit der Natur auf Augenhöhe war geprägt von Prinzipien der Bionik, der Systemtheorie, aber in besonderem Maße von einer holistischen Anschauung der Welt als ein Netz untrennbarer Beziehungen von Lebewesen in Raum und Zeit. Je näher der Künstler den Pflanzen kam, um so klarer visualisierte sich eine Verwandtschaft, wobei ihm die Pflanze als dem Menschen überlegen erschien, da sie das Ökosystem stützt und nicht zersetzt. Bertalan beginnt mit der Natur zu kommunizieren, die Pflanzen zu personifizieren – wie die Sonnenblume in der titelgebenden Performance – bis er sich selbst in die Natur einschreibt, mit ihr wächst und schließlich im Exil mit ihr verschwindet (Selbstportrait als Kartoffel in ihrer Untergrundexistenz).Bertalans Arbeiten sind in ihrem konsequenten Non-Konformismus auf subtile Weise kritisch und sein Leben mit den Pflanzen pure Anarchie. Seine immer präsenter werdende Hinwendung zur Mystik und Transzendenz ist in ihrem bewussten Entzug aus der Realität im Kommunismus ähnlich radikal. Bertalans symbiotischer Umgang mit der Natur ist bis heute hoch aktuell und verknüpft sich auf verschiedenen Ebenen mit den künstlerischen Positionen in Plants_Intelligence im Atrium des Kunstvereins.Kuratiert von Anja CasserDie Ausstellung wird gefördert durch die Baden-Württemberg Stiftung.Die Ausstellung wurde ermöglicht mit großer Unterstützung durch Esther Schipper, Berlin, Paris, Seoul und The Estate of Ștefan Bertalan sowie von Georg Lecca / Sammlung Lecca, München.Unser großer Dank gilt Esther Schipper Galerie, Georg Lecca, Georg Schöllhammer und Ileana Pintilie.Bild: Ștefan Bertalan, Der Sinn der Welt neu gestaltet, 1986–1987 , Tempera auf Karton, 64×50 cm, Sammlung Lecca – München",https://kalender.karlsruhe.de/db/termine/ausstellungen/stefan_bertalan
„zusammentun. solidarisch gegen rechts“,,Pädagogische Hochschule Karlsruhe (PHKA),"Bismarckstraße 10, 76133 Karlsruhe",49.0137117,8.3927565,"Noch bis einschließlich Montag, 21. Juli, zeigt das Gleichstellungsbüro
der Pädagogischen Hochschule Karlsruhe (PHKA) in Zusammenarbeit mit dem
PHKA-Profilfeld „Bildung
in der demokratischen Gesellschaft“die Wanderausstellung „zusammentun.
solidarisch gegen rechts“.Die Ausstellung der Fachstelle Bildungsallianzen
gegen rechte Ideologien im Verbund der Heinrich-Böll-Landesstiftungen zeigt auf
17 Plakaten, wie Gruppen arbeiten, die sich solidarisch vernetzen, um der extremen
Rechten etwas entgegenzusetzen. Was motiviert sie, welche Herausforderungen
erleben sie und was bereitet ihnen an ihrem politischen Engagement Freude? Kurze
Hörstücke geben Einblick in Beweggründe und Erfahrungen.Zu sehen ist die
Ausstellung im Foyer von PHKA-Gebäude 2, Bismarckstraße 10, 76133 Karlsruhe,
montags bis freitags von 8 bis 20 Uhr.Weitere Infos zum Inhalt der Ausstellung
gibt es auf https://weiterdenken.de/de/zusammentun-ausstellung.",https://kalender.karlsruhe.de/db/termine/ausstellungen/zusammentun_solidarisch_gegen_rechts
Ausstellung der Mitglieder,2025-07-27T18:00:00,BBK Künstlerhaus,"Am Künstlerhaus 47, 76131 Karlsruhe",49.0079271,8.4140839,"Wie jedes Jahr präsentieren unsere Mitglieder ein breites Spektrum ihres aktuellen künstlerischen Schaffens. Die ""Ausstellung der Mitglieder"" bietet erneut einen faszinierenden Einblick in die Vielfalt der zeitgenössischen Kunst. Präsentiert werden Werke aus allen Sparten der bildenden Kunst - darunter Malerei, Zeichnung, Skulptur, Fotografie, Installationen und Medienkunst. Jedes BBK-Mitglied hat die Möglichkeit, eine Arbeit einzureichen - so entsteht ein spannender, authentischer Querschnitt durch die lebendige Kunstszene der Region. Die Mitgliederausstellung ist Ausdruck der Offenheit und Diversität des BBK Karlsruhe und spiegelt die kontinuierliche Auseinandersetzung mit den gesellschaftlichen, ästhetischen und medienbezogenen Fragestellungen wider.Im Anschluss an die Eröffnung laden wir herzlich zu unserem traditionellen Sommerfest ein, das im stimmungsvollen Innenhof des Künstlerhauses stattfindet. Bei kulinarischen Köstlichkeiten, kühlen Getränken und Live-Musik werden wir in geselliger Atmosphäre auf die Ausstellung anstoßen, alte Bekannte treffen, neue Kontakte knüpfen und den Sommerabend gemeinsam genießen.VernissageSamstag, 5. Juli 2025, 18 UhrBegrüßung: Dietmar Israel, Vorstand BBKGrußwort der Stadt Karlsruhe: Dr. Albert Käuflein, KulturbürgermeisterMusik: Lena Meier, freie MusikerinAusstellungsdauer6. – 27. Juli 2025geöffnet Freitag 17-20 Uhr, Samstag und Sonntag 14-18 UhrOrtBBK im Künstlerhaus, Am Künstlerhaus 47, 76131 KarlsruheFreier Eintritt zu allen Veranstaltungen!",https://kalender.karlsruhe.de/db/termine/ausstellungen/ausstellung_der_mitglieder-2
Unvergängliche Augenblicke - Fotografien von Uli Deck,2025-09-28T16:00:00,Badisches Landesmuseum im Schloss,"Schlossbezirk 10, 76133 Karlsruhe",49.0132247,8.4057615,"Die Fotoausstellung „Unvergängliche 
Augenblicke“ zeigt die Arbeit des Fotografen Uli Deck, der die besonderen 
Momente der Museumsarbeit eingefangen hat: von Restaurierungen bis 
zur Ankunft bedeutender Exponate. Seine atmosphärischen Aufnahmen 
vermitteln immer auch eine besondere Nähe zu den Menschen, die das 
Museum mit Leben füllen, und machen darüber hinaus die Identität 
Karlsruhes sichtbar.",https://kalender.karlsruhe.de/db/termine/ausstellungen/unvergangliche_augenblicke_fotografien_von_uli_deck
art&market,,Generallandesarchiv Karlsruhe,"Nördliche Hildapromenade 3, 76133 Karlsruhe",49.0132691,8.3827681,"Die Ausstellung art&market beleuchtet die spannende Entstehungsgeschichte des modernen Kunstmarktes. Sie ermöglicht faszinierende Einblicke nicht nur in die Lebenswelt eines adligen Sammlers um 1800 und die Entwicklung des professionellen Ausstellungswesens, sondern auch in die Kommerzialisierung von Kunstwerken.art&market begleitet den Sammler Graf Joseph Truchsess von Waldburg-Zeil-Wurzach (1748-1813) bei seinem Verkaufsvorhaben in Großbritannien. Ursprünglich in den 1780er Jahren in Köln und Straßburg aufgebaut, gelangte seine Sammlung von über 1.000 Gemälden in den Wirren der Revolutionszeit über Wurzach und Wien im Jahr 1803 nach London: dort sollte sie die Basis einer noch zu errichtenden englischen Nationalgalerie bilden.Die Weltmetropole London hatte im 18. Jahrhundert durch ihren blühenden Handel eine enorme individuelle Kaufkraft angehäuft und einen regen Markt für Konsumgüter entwickelt, der für dieses Vorhaben gezielt genutzt werden sollte. Bei der Veräußerung der sogenannten Truchsessian Picture Gallery wird eine ganz spezifische kulturelle Infrastruktur mit großen Auktionshäusern und kommerziellen Galerien sichtbar. Anschaulich können die damaligen Marktmechanismen und die besonderen Vorlieben der englischen Sammler nachvollzogen werden. art&market bietet so zugleich tiefe Einblicke in die künstlerische Rezeption der Truchsessen-Sammlung (z.B. durch William Blake) und das Verkaufsgeschehen auf dem Kunstmarkt in London.",https://kalender.karlsruhe.de/db/termine/ausstellungen/artmarket
Menschen in der Stadt,,A SF,"Waldstraße 8, 76133 Karlsruhe",49.011056,8.3991139,"Für das Projekt erkundeten Mitglieder beider Vereine urbanen Alltag in 
Karlsruhe an der Schnittstelle von Street- und Architekturfotografie. Im
 Gegensatz zur üblichen Architekturfotografie stand nicht das perfekt 
inszenierte, ästhetisierte Gebäude im Zentrum der Aufmerksamkeit, 
sondern die Stadt, bzw. der umbaute Raum wird in seinem alltäglichen 
Erscheinungsbild und im Zusammenspiel mit den Menschen, die sich darin 
bewegen, thematisiert. Entscheidend ist der Bezug zu den Menschen im 
Stadtraum. Jede*r Fotograf*in, blickt mit seinem ganz eigenen Blick auf 
die Stadt und lädt andere dazu ein, diesem Blick zu folgen und die Stadt
 mit neuen Augen wahrzunehmen.",https://kalender.karlsruhe.de/db/termine/architektur/menschen_in_der_stadt
Recht – Spielregeln des Alltags,,Hauptbahnhof Karlsruhe,"Bahnhofplatz 1, 76137 Karlsruhe",48.993799,8.4001849,"Wo begegnet uns Recht im Alltag? Wie prägt es unser Leben? Und wer 
macht welche Erfahrungen mit dem Recht? Ob beim Mieten, Arbeiten, im 
Straßenverkehr, beim Einkaufen oder in der Familie – überall ist Recht 
um uns herum. Mit der interaktiven Pop-Up-Ausstellung „Recht – 
Spielregeln des Alltags“ bietet die Stiftung Forum Recht Denkanstöße zu 
diesen Fragen und lädt zum Mitmachen ein.„Recht – Spielregeln des Alltags“ ist vom 01. Juli bis 03. August 
2025 täglich rund um die Uhr im Karlsruher Hauptbahnhof zu sehen. Besuchende
 können in der Ausstellung per QR-Code und WebApp mit dem eigenen 
Smartphone selbst Videos aufnehmen und ihre persönlichen Erfahrungen 
teilen. Durch diese Beiträge wächst die Ausstellung in ihrer Laufzeit 
und macht unterschiedlichste Blickwinkel sichtbar.Die mobile Ausstellung tourt ab Juli 2025 durch Deutschland und ist 
in Bahnhöfen, Einkaufszentren und auf Markplätzen zu sehen: überall da, 
wo Recht und Alltag aufeinandertreffen. Nach Karlsruhe macht „Recht – 
Spielregeln des Alltags“ in Heidelberg, Mönchengladbach, Leipzig und 
weiteren Städten Station.Der Eintritt ist frei.Dienstag, 01. Juli bis Sonntag, 03. August 2025, täglich rund um die Uhr geöffnetOrt: Karlsruhe Hauptbahnhof, Linker Seitenflügel Bahnhofsvorhalle, Bahnhofplatz 1a, 76137 Karlsruhe",https://kalender.karlsruhe.de/db/termine/ausstellungen/recht_spielregeln_des_alltags
Private Stadtführung Karlsruhe,,City Tour durch Karlsruhe,,,,"Private Stadtführung „Karlsruhe kompakt“Wer wenig Zeit hat, trifft mit dieser Stadtführung die richtige Wahl. In nur 1 Stunde können Sie sich einen guten Überblick über Karlsruhe verschaffen. Ein privater Guide gibt Ihnen einen Einblick in die Geschichte und Entwicklung von Karlsruhe und zeigt Ihnen die wichtigsten Wahrzeichen der Stadt.Gruppengröße: privatDauer der Tour: 1 StundePreis: 50,- Euro/ GruppeEs handelt sich um eine private Tour. Der Guide ist nur für Sie und Ihre Reisegruppe da.InfoTel.: 0721/91679888 oder mobil 0170/2935072Internet: www.stadtfuehrungen-karlsruhe.de",https://kalender.karlsruhe.de/db/termine/stadtleben/private_stadtfuhrung_karlsruhe
11. KinderLiteraturtage in Karlsruhe - KLiK,,Rathaus Karlsruhe,"Karl-Friedrich-Straße 10, 76133 Karlsruhe",49.0085962,8.4032425,,https://kalender.karlsruhe.de/db/termine/literatur/11_kinderliteraturtage_in_karlsruhe_klik
Karls Afterwork- das besondere Sommerfeeling in Karlsruhe!,2025-09-17T18:00:00,Die Stadtmitte,"Baumeisterstraße 3, 76137 Karlsruhe",49.0040289,8.4042393,"Jeden Mittwochfreuen wir unsmit Dir den Sommer gebührend zu genießen!Ein ganz besonderes Ambiente wartet auf Dich in
unserem wundervollen Innenhof. Hier kannst Du dich auf coole Sounds von den
90ern bis heute freuen, unter freiem Himmel tanzen oder lieber gechillt auf
einem Beachstuhl deinen Cocktail schlürfen.Für Spieleliebhaber gibt es in unserem großen Innenhof eine Ecke mit Bierpong,
Corn hole, Tischtennisplatte und an der Theke könnt ihr Würfelbecher,
Kartenspiele und Kroko ausleihen! Hier fühlt sich jeder willkommen.Mit Leckereien vom Grill Reinhards, leckere Cocktails,
Sommerdrinks und natürlich viele kühle Karl versüßen wir euch den Abend.Also komm vorbei, genieße den Feierabend mit
Kollegen und Freunden, lass die Seele baumeln und feiere das Leben!Und lerne neue Bekannte
und Freunde kennen.Immer Mittwochs ab 18 Uhr,Eintritt frei.Innenhof Die Stadtmitte,Einlass durch die HofeinfahrtBaumeisterstr.3 KA",https://kalender.karlsruhe.de/db/termine/stadtleben/karls_afterwork_das_besondere_sommerfeeling
Johan Grimonprez,,Zentrum für Kunst und Medien (ZKM),"Lorenzstraße 19, 76135 Karlsruhe",49.0012852,8.3836005,"Mit »All Memory Is Theft« zeigt das ZKM eine umfassende Retrospektive des belgischen Film- und Medienkünstlers Johan Grimonprez (*1962), dessen Werk sich an der Grenze zwischen Theorie und Praxis, Kunst und Kino, Dokumentation und Fiktion bewegt.„Wem gehört unsere Fantasie in einer Welt, in der die Existenz ins Wanken gerät, und die Wahrheit als schiffbrüchige Geflüchtete umherirrt? Sind es die Geschichtenerzähler:innen, die die Widersprüche in Schach halten können, indem sie zwischen die uns gegebenen Sprachen schlüpfen und zu Zeitreisenden der Imagination werden?“ (Johan Grimonprez)Basierend auf einer Archäologie der heutigen Medienlandschaft kombiniert Grimonprez Fragmente aus Filmen, Fernsehnachrichten, Werbung, Kino- und Amateurfilmen sowie dem Internet und webt daraus neue Narrative, die unsere Wahrnehmung der Realität auf die Probe stellen. Grimonprez‘ Werke, die in den bedeutendsten Museen weltweit präsentiert und auf Festivals vielfach ausgezeichnet wurden, führen uns vor Augen, inwieweit sich die Art der Darstellung von Aktualität und Imagination, von CNN und Hollywood heute verschränkt haben. Sie betonen damit die Komplexität unserer durch Medien geprägten Gegenwart, die in Zeiten von Populismus und im Internet grassierenden Verschwörungstheorien mehr denn je anfällig für Manipulationen ist.In der Ausstellung werden Johan Grimonprez‘ Werke aus den letzten 30 Jahren in einem vielschichtigen Parcours präsentiert, bei dem Bewegtbilder, Archivmaterialien und Zitate intertextuell miteinander verwoben sind. Die Ausstellung umfasst Filminstallationen, Lang- und Kurzfilme, Vlogs, Storyboards und Zeichnungen des Künstlers und spannt so einen Bogen von seinen frühen Arbeiten wie »Kobarweng or Where is your Helicopter« (1992) und seiner Mehrkanal-Installation “It will be alright if you come again (…)” (1994) über seinen documenta X Beitrag »dial H-I-S-T-O-R-Y« aus dem Jahr 1997 bis zu seinem neuesten, vom ZKM für die Ausstellung koproduzierten Film »Soundtrack to a Coup d‘Etat« (2024), der in diesem Jahr für die Oscars® als Bester Dokumentarfilm nominiert wurde – eine rasante Montage aus Archivmaterial, die von der Unabhängigkeit des Kongo von der belgischen Kolonialherrschaft im Jahr 1960 und der Ermordung des ersten frei gewählten Premierministers Patrice Lumumba handelt und dabei die Verbindungen zwischen Jazzmusik, Geopolitik und kolonialer Machtdynamik während des Kalten Krieges nachzeichnet.Unter Bezugnahme auf Paul Virilio sagte Johan Grimonprez einmal, dass jede Technologie auch ihren eigenen Unfall hervorbringt: „Mit dem Schiff hat man den Schiffbruch erfunden, mit dem Fliegen den Flugzeugabsturz“, so der französische Philosoph und Medientheoretiker. Man könnte hinzufügen, dass mit der Erfindung der virtuellen Realität und der KI die Wirklichkeit verunfallt ist. Grimonprez' Arbeiten weisen also nicht nur darauf hin, dass die Medien heute nicht mehr die Realität einholen müssen, sondern dass es vielmehr die Realität ist, die heute die Medien einholen muss.",https://kalender.karlsruhe.de/db/termine/ausstellungen/johan_grimonprez
Kinder-Schwimmkurse im Freibad,2025-09-11T14:00:00,Freibad Wolfartsweier,"Schloßbergstraße 12, 76228 Karlsruhe",48.9724101,8.4544403,Vor Ort an der Freibadkasse kann ein Zehnerblock mit Marken für 120 € erworben werden. Für jede Kursstunde wird eine Marke benötigt.,https://kalender.karlsruhe.de/db/termine/sportveranstaltung/kinder_schwimmkurse_im_freibad
Speakeasy Cinema,2025-08-25T18:00:00,Kinemathek Karlsruhe e.V.,"Kaiserpassage 6, 76133 Karlsruhe",49.0106085,8.3969705,"Montag = SPEAKEASY CINEMACocktails + FilmWährend die Bar Cocktails serviert, wird ein Film gespielt, der nach dem Sneakpreview-Prinzip im Vorfeld nicht bekannt ist. Statt einem Kinoticket reicht der Kauf eines (natürlich auch alkoholfreien) Cocktails zum Filmbesuch.Ab 18:00 Cocktails19:30 FilmBis 23:00 Cocktails",https://kalender.karlsruhe.de/db/termine/stadtleben/speakeasy_cinema-7
Business-Schwimmen,2025-09-05T07:00:00,Freibad Wolfartsweier,"Schloßbergstraße 12, 76228 Karlsruhe",48.9724101,8.4544403,"Fit für den Arbeitstag: Das macht Business-Schwimmen im Freibad Wolfartsweier möglich. Montags, mittwochs und freitags ab 7 Uhr seine Bahnen im Freibad ziehen. Das entdecken immer mehr Sportbegeisterte. Morgens ist die Atmosphäre im Freibad besonders sportorientiert. Danach noch kurz im Liegestuhl am Beckenrand ausruhen, und weiter geht es in den Arbeitstag. Insbesondere in den Sommermonaten erhöht dies auch die Leistungsfähigkeit für Berufstätige.",https://kalender.karlsruhe.de/db/termine/sportveranstaltung/business_schwimmen
Offene Pforte 2025,,Private Gärten und Höfe der Offenen Pforte,,,,"Der Großteil des circa 400 Quadratmeter großen Hausgartens ist
als Naturgarten mit Wildwiese und einem Trockenbeet entlang der
Einfahrt sowie verschiedenen Wildrosen, Rankpflanzen, Stauden,
Kräutern, Sträuchern und Obstbäumen angelegt. Die Wildwiese hat
der Naturgartenidee entsprechend viele interessante Wildpflanzen.
Durch die Blüten und die Wildwiesenstruktur werden im Laufe des
Jahres viele Insekten, Bienen, Hummeln und Schmetterlinge angelockt.
Ganz unterschiedliche heimische Kräuter haben sich an diesem
trockenen Standort gut entwickelt, werden laufend weiter ergänzt und
gezielt gepflegt. Mediterrane Arten wie der Mönchspfeffer mit seiner
prächtigen Blüte runden die Artenvielfalt ab.Wo?Dürkheimer Straße 6 , Stadtteil: NordweststadtWann?Besichtigung von Mai bis August nur nach telefonischer Voranmeldung: 0151 5697 7405Wer?Ingrid Eberhagen",https://kalender.karlsruhe.de/db/termine/stadtleben/offene_pforte2025n-2
Unrecht & Profit - Das Badische Landesmuseum im Nationalsozialismus,2025-09-28T18:00:00,Badisches Landesmuseum im Schloss,"Schlossbezirk 10, 76133 Karlsruhe",49.0132247,8.4057615,"Scheinbar unverdächtig – das war lange Zeit die Rolle, die man Museen während der NS-Zeit zuschrieb. Ja, mehr noch: Durch den staatlich angeordneten Entzug von Objekten („Entartete Kunst“) galten sie sogar als Opfer. Doch mit der „Washingtoner Konferenz über Vermögenswerte aus der Zeit des Holocaust“ 1998 setzte sich die Erkenntnis durch: Alle Museen und kulturgutbewahrenden Institutionen profitierten erwiesenermaßen vom Raub an Kulturgütern aus jüdischem Eigentum. Nun stellt sich das Badische Landesmuseum seiner Vergangenheit.",https://kalender.karlsruhe.de/db/termine/ausstellungen/unrecht_profit_das_badische_landesmuseum
200 Jahre KIT – 100 Objekte.Teile des Ganzen,,Zentrum für Kunst und Medien (ZKM),"Lorenzstraße 19, 76135 Karlsruhe",49.0012852,8.3836005,"KIT zu Gast im ZKM | Karlsruhe2025 feiert das Karlsruher Institut für Technologie (KIT) als eine der ältesten Technischen Universitäten Deutschlands einen runden Geburtstag: 200 Jahre sind seit der Gründung der Polytechnischen Schule Karlsruhe als erster Vorgängerinstitution vergangen.Mit einer facettenreichen Ausstellung zu diesem 200. Gründungsjubiläum ist das KIT ab dem 11. April 2025 zu Gast im ZKM | Zentrum für Kunst und Medien Karlsruhe. Das KIT präsentiert seine Geschichte in 100 Objekten – vor Ort auf dem Museumsbalkon des ZKM und virtuell. Viele Angehörige und Alumni des KIT und aus dessen Umfeld sind dem „Call for Objects“ gefolgt und haben so zum großen Schatz an Gegenständen und Geschichten zur Ausstellung beigetragen: Historische wissenschaftliche Geräte, Gegenstände aus dem Alltagsleben und echte Raritäten, wie der Wasserstoff-Bulli aus den 1980er Jahren, Maschinenbaumodelle von 1860, Designikonen, wie die Sistrah-Leuchte von 1930, oder auch ein Roboter aus der modernen ARMAR-Familie sowie zahlreiche historische Dokumente und Artefakte. Sie repräsentieren einerseits die Institution KIT und bieten andererseits Einblicke hinter die Kulissen. Die Ausstellung vermittelt, wie sich aus dem 1825 begonnenen Technikunterricht die heutige universitäre Aufgabe des KIT entfaltete. Gleichzeitig wird deutlich, wie aus der 1956 begonnenen Arbeit zur Erschließung einer neuen Energiequelle die Großforschung entstand. Die Jubiläumsausstellung beleuchtet darüber hinaus die heutige Identität des KIT als die Forschungsuniversität in der Helmholtz-Gemeinschaft und als eine der größten und ältesten Wissenschaftseinrichtungen Deutschlands.",https://kalender.karlsruhe.de/db/termine/ausstellungen/200_jahre_kit_100_objekteteile_des_ganzen
Zukunft Moor!,2025-09-14T12:00:00,Naturschutzzentrum Karlsruhe-Rappenwört,"Hermann-Schneider-Allee 47, 76189 Karlsruhe",48.9961878,8.3035929,"Moore sind einzigartige Lebensräume für seltene Tiere und Pflanzen und unverzichtbare „natürliche Klimaschützer“. Sie speichern etwa doppelt so viel Kohlenstoff wie alle Wälder der Erde zusammen und spielen damit eine entscheidende Rolle im Kampf gegen die Erderwärmung. Zudem sind sie wertvolle Wasserreservoire, was in Zeiten zunehmender Dürreperioden von unschätzbarem Wert ist. Doch die Moore schwinden in dramatischem Ausmaß. Etwa 90% sind mittlerweile durch Entwässerung und Landbau beeinträchtigt oder zerstört.Mit der Ausstellung „ZUKUNFT MOOR!“ zeigt die Akademie für Natur- und Umweltschutz des Umweltministeriums Baden-Württemberg die verschiedenen Facetten der Moore und wirbt für ihren Schutz. Welche Lebewesen finden wir in Mooren? Wie kann das Ökosystem Moor wiederhergestellt werden und wie kann durch Moorschutz die Klimakrise bewältigt werden? Anschauliche Antworten zu diesen Fragen gibt es in dieser Sonderausstellung.Eine Moorklänge-Station, ein elektronisches Moorfoto-Puzzle sowie eine Aktionswand für Kinder und ein Moor-Quiz ergänzen die spannenden Infobanner und machen den Besuch der Ausstellung zu einem unterhaltsamen, kurzweiligen und lehrreichen Erlebnis.",https://kalender.karlsruhe.de/db/termine/ausstellungen/zukunft_moor
The Story That Never Ends,,Zentrum für Kunst und Medien (ZKM),"Lorenzstraße 19, 76135 Karlsruhe",49.0012852,8.3836005,"Mit der Ausstellung »The Story That Never Ends. Die Sammlung des ZKM« gibt das ZKM | Karlsruhe einen umfassenden Einblick in die eigene Sammlung, die mit ca. 12.000 Werken zu den größten und bedeutendsten Medienkunstsammlungen der Welt gehört. Die Ausstellung erzählt nicht nur von den miteinander verwobenen Geschichten von Kunst und Technologie, sondern auch von den Herausforderungen, die die schnelllebigen technologischen Medien für Museen weltweit mit sich bringen.Die Geschichte der Medienkunst von den 1950er-Jahren bis heuteElektrifizierung und Digitalisierung haben die Welt verändert. Dieser Wandel erfasste nicht nur unseren Alltag, sondern wirkte sich auch auf das künstlerische Schaffen aus.Seit Beginn des 20. Jahrhunderts nutzen Künstler:innen diese sich rasant weiterentwickelnden Technologien und erweitern so kontinuierlich die Ausdrucksmöglichkeiten der Kunst: Das Spektrum reicht von Video-, Licht- und Klangkunstwerken, über motorbetriebene kinetische Objekte, bis hin zu computerbasierten interaktiven Installationen oder Werken, die mithilfe von künstlicher Intelligenz erzeugt wurden.Mit etwa 100 Arbeiten zeichnet »The Story That Never Ends« diese Entwicklungslinien der apparativen Künste und ihre Öffnung zu den Kategorien Raum, Zeit und Bewegung sowie Interaktion und Partizipation nach – von den 1950er-Jahren bis in die Gegenwart. Eine Auswahl bedeutender Schlüsselwerke, die wichtige Momente und Meilensteine der Medienkunst repräsentieren, stellen die Vielfalt und den Einfluss dieser technologischen Entwicklungen dar. Marie-Jo Lafontaines monumentale Videoskulptur »Les larmes d’acier« (1987), mit der sie auf ironische Weise die komplexen Begriffskonstellationen „Mann, Maschine, Macht und Sexualität“ paradigmatisch dekonstruiert sowie Bill Violas Video-Klanginstallation »Stations« (1994), die zentrale Aspekte seines künstlerischen Schaffens wie grundlegende Themen menschlichen Daseins vereint oder Jeffrey Shaws »Virtual Sculpture« (1981), die für frühe Experimente der Augmented Reality steht, bilden hier eine kleine Auswahl an Beispielen.Gleichzeitig macht die Ausstellung auch den sozial- und gesellschaftspolitischen Rahmen, in dem die Werke entstanden sind nachvollziehbar, um Rückschlüsse und Bezüge zu den drängenden Fragen unserer heutigen Zeit zu ermöglichen: Feministische Arbeiten früher (Medienkunst-)Pionierinnen, wie beispielsweise pezoldo (aka Friederike Pezold), Lynn Hershman Leeson, Kirsten Geisler oder Rebecca Horn, sind hier genauso zu nennen wie Arbeiten, die die Auswirkungen der Massenmedien wie Fernsehen (Nam June Paik, Wolf Vostell), die Verbindung zwischen Technologie und Militär, Grenzen und Überwachung oder Gewalt im digitalen Raum (Paul Garrin, Hanna Haaslahti, David Rokeby) oder natürliche Ökosysteme (Justine Emard, Claudia González Godoy) reflektieren. Immer wieder hinterfragen Künstler:innen die Möglichkeiten und Auswirkungen neuer Medien, denken und gestalten sie um, und bringen so neue soziale und kulturelle Narrative hervor, die den Diskurs über unser Verhältnis zu Technologie prägen.Wir betrachten Kunst, wie der Ausstellungstitel suggeriert, als eine Geschichte, die niemals enden wird, solange es Menschen gibt. Dass wir nicht wissen, welche Form sie in der Zukunft annehmen wird, hat sie mit der Technologie gemeinsam. Unser Wissen über die Vergangenheit und Gegenwart beeinflusst, wie wir die Zukunft gestalten und das, was noch kommen wird, wertschätzen.Die Medienkunstrestaurierung„Die Geschichte, die niemals endet“ spielt nicht nur auf die künstlerische Entwicklung, sondern auch auf die Herausforderungen an, mit denen Museen konfrontiert sind, die Medienkunstwerke sammeln: Technische Geräte sind nicht für die Ewigkeit gemacht, Datenträger zerfallen, Softwarestandards sind rasch überholt und Medienformate sind nach wenigen Jahren nicht mehr lesbar. Das bedeutet, dass Werke kontinuierlich von Restaurator:innen überwacht und technisch aktualisiert werden müssen. Welche Auswirkungen hat dies auf die Kunst und unser kulturelles Gedächtnis? Welche Fähigkeiten müssen wir entwickeln, um nicht nur eine Zukunft zu haben, sondern auch eine Vergangenheit?Das ZKM verfügt über eine international anerkannte Expertise in der Konservierung und Restaurierung von Medienkunst. Da diese konservatorischen und restauratorischen Arbeiten jedoch vornehmlich im Verborgenen geschehen, geht »The Story That Never Ends« einen radikalen Schritt: Die Entscheidung, welche Schlüsselwerke aus der Sammlung in der Ausstellung gezeigt werden, wurde den Restaurator:innen des ZKM anvertraut. Sie bringen so verborgene Schätze ans Licht, die aufgrund von aufwändigen Erhaltungsmaßnahmen zum Teil seit Jahrzehnten nicht mehr öffentlich sichtbar waren. Da die Werke selbst nicht unbedingt die Komplexität ihrer Technik und die Herausforderungen ihrer Erhaltung offenbaren, bietet die Ausstellung zusätzlich eine Einführung in die Technikgeschichte und in die Konservierungsstrategien für diese Art von Werken.Der Blick von der Vergangenheit in die Zukunft»The Story That Never Ends« erzählt somit anhand der einzigartigen Sammlung des ZKM nicht nur die faszinierende Geschichte der Medienkunst. Sie macht auch die Fragilität unserer elektrifizierten und digitalisierten Zivilisation deutlich. Die Ausstellung ermöglicht einen tiefgehenden Einblick in die Kunst- und Technikgeschichte des 20. und 21. Jahrhunderts und zeigt, wie Geschichte den Blick auf die Gegenwart schärft und anregt, mögliche Zukünfte zu imaginieren.Bild: © Soun-Gui Kim; Foto © ZKM | Zentrum für Kunst und Medien Karlsruhe, Foto: Franz J. Wamhof",https://kalender.karlsruhe.de/db/termine/ausstellungen/the_story_that_never_ends
Tour mit dem roten Doppeldeckerbus,,Haltestellen City Tour,,,,"Mit unserem Doppeldecker-Cabriobus wird die Entdeckungstour zum Erlebnis. Erfahren Sie per ""Audio Guide"" allerhand Wissenswertes und Unterhaltsames rund um Karlsruhe - natürlich in erstklassiger Klang- und Erlebnisqualität! Ihr 24-Stunden-HopOn/HopOff-Ticket lässt Ihnen genügend Spielraum für individuelle Stadterkundungen. An elf markanten Haltepunkten im Karlsruher Stadtgebiet können Sie nach Belieben ein- und aussteigen. Wenn Sie nicht aussteigen und das Flair der Stadt lieber bequem von Ihrem Sitzplatz aus genießen möchten, dauert die Rundfahrt etwa zwei Stunden!Termine:Die City Tour Karlsruhe findet 2025 zwischen dem 2. April und 2. November statt.Fahrtage:Mittwoch, Freitag, Samstag, SonntagZusätzliche Fahrtage:21.4. (Ostermontag), 29.5. (Christi Himmelfahrt), 9.6. (Pfingstmontag), 19.6. (Fronleichnam), 3.10. (Tag der Deutschen Einheit)Uhrzeit:Der Bus startet drei Mal am Tag zu einer Rundfahrt. Die genauen Zeiten finden Sie auf der Webseite der KTG (https://www.karlsruhe-erleben.de/stadtfuehrung/citytour#/).Ticketssind in der Tourist-Information im Schaufenster Karlsruhe oder direkt beim Busfahrer erhältlich.Angaben ohne Gewähr, Fahrplanänderungen vorbehalten. Verkehrsbedingt kann es zu Verspätungen kommen.",https://kalender.karlsruhe.de/db/termine/stadtleben/tour_mit_dem_roten_doppeldeckerbus-2
Szenen einer Stadt. Der Karlsruher Fotograf Horst Schlesiger,,Stadtmuseum im Prinz-Max-Palais,"Karlstraße 10, 76133 Karlsruhe",49.0111857,8.3947581,"Anlässlich des 100. Geburtstags von Horst Schlesiger präsentiert das Stadtmuseum im Prinz-Max-Palais in der Sonderausstellung rund 300 Aufnahmen, die umfassende und vielfältige Einblicke in sein Werk ermöglichen. Die Fotografien spiegeln das öffentliche, politische und gesellschaftliche Leben
der Stadt, aber auch den Alltag, die Freizeit und die Arbeitswelt der Menschen, die hier auf besondere Weise sichtbar werden.Der Eintrittspreis beträgt 4 Euro, ermäßigt 2 Euro.",https://kalender.karlsruhe.de/db/termine/ausstellungen/szenen_einer_stadt_der_karlsruher_fotograf
Wissen in Bildern –  die bunte Welt der Sammelalben,,Badische Landesbibliothek,"Erbprinzenstraße 15, 76133 Karlsruhe",49.0077978,8.3988823,"Bilder sind überall. Kaum vorstellbar ist heute eine Zeit, in der 
sie eine Rarität darstellten. In der kleine Bilder auf Papier ein 
begehrter Sammelgegenstand waren und ihre Zusammenstellung in Alben der Stolz ihrer Besitzer. Und doch: Die Sammelbilder, als Erfindung 150 Jahre alt, sind unverwüstlich.Sammelbilder sind kleinformatige bunte Bilder mit interessanten Motiven, die sich zu Serien zusammenfügen. Anfangs waren 
sie kostenlose Produktbeigaben insbesondere zu Luxusgütern, 
die den Kaufanreiz verstärken und die Markenbindung festigen 
sollten – heute sind sie als kommerzieller Artikel frei von Produktbindung. Anfangs waren sie kostspielig als Chromolithographien hergestellte kleine Kunstwerke – heute werden sie 
im Digitaldruck massenhaft billig produziert. Anfangs gab es ein 
universales Motivspektrum, das man in Leeralben zu einem 
imaginären Museum arrangierte – heute klebt man Sticker in 
thematische Sachbücher, die die Struktur vorgeben und zur 
Vervollständigung nötigen.Man ordnet und sortiert, tauscht und komplettiert. Man 
hat die Bilder immer wieder zur Hand und eignet sich dabei 
ihr weltanschauliches Kapital an. Und wenn das Album voll ist, 
dann hat man viel Zeit und Geduld investiert und hütet es 
jedenfalls für eine Weile noch als kostbaren Schatz. Darum 
sind die Reklamesammelbilder nicht nur als Dokumente der 
Gebrauchsgraphik, als Zeugnisse der Werbeindustrie, der 
Markenetablierung und der Konsumgeschichte, sondern auch 
als millionenfach verbreitete Belege der populären Bildkultur 
eine fantastische kulturgeschichtliche Quelle.Unsere Ausstellung gibt einen Überblick über die historische 
Entwicklung, setzt einen Schwerpunkt bei den Sammelbilderalben badischer Firmen und vertraut ganz auf Ihre Nostalgie.Eintritt frei",https://kalender.karlsruhe.de/db/termine/ausstellungen/wissen_in_bildern_die_bunte_welt_der_sammelalben-3
Filmstars in der Fächerstadt. Die Bambi-Verleihungen in Karlsruhe,,Stadtmuseum im Prinz-Max-Palais,"Karlstraße 10, 76133 Karlsruhe",49.0111857,8.3947581,"Am 6. März 1955, vor 70 Jahren, wurde der Bambi-Filmpreis erstmals in der Fächerstadt im Rahmen einer
öffentlichen Verleihung überreicht. Bis 1964 zogen die Veranstaltungen tausende von Fans an und waren ein vielbeachtetes Event in der Filmwelt. Das Stadtmuseum im Prinz-Max-Palais lässt diese Ära in der Sonderausstellung wieder lebendig werden.Der Eintrittspreis beträgt 2 Euro, ermäßigt 1 Euro.",https://kalender.karlsruhe.de/db/termine/ausstellungen/filmstars_in_der_facherstadt_die_bambi
Vor 50 Jahren. Mit Horst Schlesiger durch das Jahr 1975,,Stadtarchiv Karlsruhe,"Markgrafenstraße 29, 76133 Karlsruhe",49.0073089,8.4090805,Das Stadtarchiv Karlsruhe blickt wieder 50 Jahre zurück. In einer kleinen Foyerausstellung mit Aufnahmen des langjährigen BNN-Fotografen Horst Schlesiger steht nun das Jahr 1975 im Mittelpunkt.Der Eintritt ist kostenfrei.,https://kalender.karlsruhe.de/db/termine/ausstellungen/vor_50_jahren_mit_horst_schlesiger_durch_das_jahr1975n
Mein Raum. Mehr als vier Wände,,Junge Kunsthalle,"Hans-Thoma-Straße 4, 76133 Karlsruhe",49.0125116,8.3991779,"Muffig, hell, laut, chillig, abschließbar: Was macht ein Zimmer aus? Was sorgt dafür, dass es zu meinem Raum wird? Zu einem Wohlfühlort!Ob
 Wohlfühlort oder unbehaglich, vieles gestaltet einen Innenraum: Licht, 
Farbe, Wärme, Möbel, Deko und vor allem, welche Menschen sich darin 
befinden und was dort stattfindet.Mit der neuen Ausstellung kann man in der Jungen Kunsthalle auf 
Roomtour durch alte und neue, reale und erdachte, verwirrende und 
einladende Räume gehen. Die gezeigten Werke aus der Sammlung und 
zeitgenössische Arbeiten sollen dazu anregen, den eigenen Spielraum 
auszuloten: Was passiert, wenn wir die uns umgebenden Wände nicht nur 
als gegebene Größe akzeptieren, sondern sie bewusst wahrnehmen, erobern 
und gestalten?Bild: Junge Kunsthalle Karlsruhe, Mein Raum. Mehr als vier Wände, 2025 © Staatliche Kunsthalle Karlsruhe",https://kalender.karlsruhe.de/db/termine/ausstellungen/mein_raum_mehr_als_vier_wande
Choose Your Filter!,,Zentrum für Kunst und Medien (ZKM),"Lorenzstraße 19, 76135 Karlsruhe",49.0012852,8.3836005,"Wir alle greifen täglich über Webbrowser auf das Internet zu. Die Frage, wie Browser dabei bestimmen, was wir online erleben, hat auch Künstler:innen schon früh fasziniert. Ausgehend von einem Forschungsprojekt des KIT-Instituts Kunst- und Baugeschichte zu Browserkunst gibt die Ausstellung »Choose Your Filter!« Einblicke in 30 Jahre Browser-Entwicklung. Dabei könnt Ihr selbst über interaktive Installationen Browser-Visionen entdecken und ausprobieren.Der Cyberspace öffnet sich für alleMit der Veröffentlichung der ersten Webseite wurde das Internet 1991 für die breitere Öffentlichkeit zugänglich. Der erste Schritt zum World Wide Web war getan. Doch um seine Vision eines aus Hypertext bestehenden und in Webseiten organisierten Informationsnetzwerks in die Praxis umsetzen zu können, benötigte der Internet-Pionier Tim Berners-Lee eine ganz konkrete User-Schnittstelle: den Webbrowser. So begann er bereits 1989 am CERN in Genf mit den Entwicklungsarbeiten am gleichnamigen Browser WorldWideWeb. Damit war der Grundstein gelegt für das, was wir heute unter dem Internet verstehen – ein Paradigmenwechsel der Informationsvernetzung.Nach der Entwicklung des ersten Multimedia-Browsers Mosaic 1993 beschleunigte sich das wirtschaftliche Wachstum des Webs. In Europa begann die breite Nutzung des Internets Ende der 1990er Jahre, mit einem rasanten Anstieg ab etwa 1998. Zu diesem Zeitpunkt wurde das Internet für viele Haushalte zugänglich und erschwinglich, was zu einer steigenden Verbreitung führte. Angesichts ihrer Bedeutung als Hauptportal zum Internet florierte auch die Entwicklung von Browsern.Künstler:innen erweitern das Spektrum und schaffen neue VisionenAb 1994 traten Künstler:innen auf den Plan und bereicherten das entstehende Ökosystem der Webbrowser, indem sie selbst Browseranwendungen schufen. Künstlerische Browser entsprechen dabei nicht unbedingt den allgemeinen Merkmalen, die kommerzielle Browser auszeichnen: Nutzer:innenfreundlichkeit, Effizienz, hohe Übertragungsgeschwindigkeit oder Multifunktionalität rücken in den Hintergrund. Im Gegensatz dazu erforschen diese Anwendungen überraschende Möglichkeiten im Geschichtenerzählen, Komponieren von Musik, Betrachten von Webstrukturen, Sonifizieren von Hintergrundaktivitäten oder malerische Funktionen, die das Internet auf unerwartete Weise erfahrbar machen.Diese unkonventionellen Ansätze, die heute eher exotisch erscheinen, waren in den Anfängen durchaus verbreitet. Da Aussehen und Funktionalität von Webbrowsern noch verhandelt wurden, waren die Vorschläge sehr unterschiedlich. In den letzten zehn Jahren hat sich die Vielfalt der Webbrowser allerdings stark verringert, zugunsten weniger marktbeherrschender Anbieter wie Googles Chrome oder Apples Safari. Am Ende dieser Entwicklung stehen heute die Social Media Plattformen. Diese bieten eigene, geschlossene Browsing Erfahrungen, die das offene Web zunehmend verdrängen und die Art und Weise prägen, wie wir auf Inhalte zugreifen und sie konsumieren.Wer einen Browser wählt, wählt einen Filter!»Choose Your Filter! Browser Art seit den Anfängen des World Wide Web« macht auf längst vergessene Konzepte und Softwarestücke aufmerksam, die zeigen, wie reichhaltig, wild und spielerisch das Internet und seine entstehenden Inhalte genutzt wurden und bis heute genutzt werden.Die Tatsache, dass kommerzielle Webbrowser heute in vielerlei Hinsicht hochgradig normiert und restriktiv sind, wird beim Blick auf diese Basis-Initiativen erst deutlich. Die Ausstellung zeigt, dass das Internet je nach Konzept, Aufgabe, technischer Raffinesse und ästhetischer Wahl unterschiedliche Gesichter haben kann. In einem Browser kann uns eine Homepage als VR-Paradies-Szenario begegnen, in einem anderen Browser erreicht uns dieselbe Website als Soundscape. Welchen Browser wir auch immer wählen – er bringt eine Reihe von konzeptionellen Filtern mit sich, die bestimmen, was wir sehen, wie wir es sehen, aber vor allem auch was wir nicht sehen. Von Browser zu Browser erleben wir das Internet auf unterschiedliche Weise – oder sogar ein ganz anderes Internet.Bild: Konstantin Mitrokhov (Collage), Rafaël Rosendaal (zugrunde liegendes Kunstwerk »Abstract Browsing«)",https://kalender.karlsruhe.de/db/termine/ausstellungen/choose_your_filter
Volontär*innenausstellung,,Badisches Landesmuseum im Schloss,"Schlossbezirk 10, 76133 Karlsruhe",49.0132247,8.4057615,,https://kalender.karlsruhe.de/db/termine/ausstellungen/volontarinnenausstellung
Pyramidenmarkt,2050-10-29T11:00:00,Marktplatz Karlsruhe,"Marktplatz, 76133 Karlsruhe",49.0089483,8.4038789,"Erleben! Genießen! Verweilen!Der neue Wochenmarkt soll weder dem Gutenbergplatz, noch dem Stephanplatz oder dem Kronenplatz Konkurrenz machen. Vielmehr geht es darum, das Wochenmarkterlebnis für noch mehr Menschen erlebbar zu machen. Der Pyramidenmarkt versteht sich als geselliger Treffpunkt für Leib und Seele im Herzen Karlsruhes.",https://kalender.karlsruhe.de/db/termine/stadtleben/pyramidenmarkt
See You. Begegnungen mit der Kunsthalle Karlsruhe,,Zentrum für Kunst und Medien (ZKM),"Lorenzstraße 19, 76135 Karlsruhe",49.0012852,8.3836005,"Die Staatliche Kunsthalle Karlsruhe ist während der Sanierung ihres Hauptgebäudes zu Gast im ZKM und lädt hier zum Schauen, Wahrnehmen und Begegnen ein! Rund 300 Herzstücke aus dem Bestand des Museums sind um den Lichthof 2 des Hallenbaus versammelt, darunter Spitzenwerke von Matthias Grünewald, Rembrandt van Rijn, Peter Paul Rubens, Henri Matisse oder Ernst Ludwig Kirchner.Die Sammlungspräsentation ""See You. Begegnungen mit der Kunsthalle Karlsruhe"" lädt zu einem Spaziergang durch die Kunstgeschichte ein – vom Mittelalter bis in die späten 1940er Jahre – und spürt dabei den Fragen nach: Wie kommunizieren Bilder? Was erzählen die Werke über die westeuropäische Kunst, die Gesellschafts- und Kulturgeschichte? Und was haben sie mit dem Hier und Heute zu tun? Wechselnde Studioausstellungen setzen Akzente in der chronologischen Präsentation und ermöglichen den Besucher*innen unerwartete, vielleicht irritierende oder berührende Begegnungen.Weitere Informationen unter kunsthalle-karlsruhe.de",https://kalender.karlsruhe.de/db/termine/ausstellungen/see_you_begegnungen_mit_der_kunsthalle_karlsruhe
Wochenmarkt Oberreut,2050-12-30T14:00:00,Julius-Leber-Platz (Marktplatz Oberreut),"Otto-Wels-Straße, 76189 Karlsruhe",48.9923046,8.3681668,Immer freitags zwischen 14 und 18.30 Uhr wird der kleine aber feine Markt auf dem Julius-Leber-Platz abgehalten.Mehr Informationen und Aktuelles unter www.karlsruhe.de/maerkte,https://kalender.karlsruhe.de/db/termine/stadtleben/wochenmarkt_oberreut
Wochenmarkt Neureut,2050-12-30T07:30:00,Neureuter Platz an der Badnerlandhalle,"Rubensstraße 21, 76149 Karlsruhe",49.0446178,8.3830479,Der Markt auf dem Neureuter Platz hat viel Atmosphäre und ist nicht nur bei den Bewohnern des Stadtteils Neureut sehr beliebt.Mehr Informationen und Aktuelles unter www.karlsruhe.de/maerkte,https://kalender.karlsruhe.de/db/termine/stadtleben/wochenmarkt_neureut
Wochenmarkt Mühlburg,2050-12-31T07:30:00,Rheinstraße am Entenfang,"Rheinstraße, 76185 Karlsruhe",49.0109692,8.3601967,Sicherlich gehört der Mühlburger Wochenmarkt nicht zu den größten in der Stadt. Die meisten Kunden sind – wie auch auf anderen Märkten in Karlsruhe – Stammkunden.Mehr Informationen und Aktuelles unter www.karlsruhe.de/maerkte,https://kalender.karlsruhe.de/db/termine/stadtleben/wochenmarkt_muhlburg
Wochenmarkt Waldstadt,2050-12-31T09:00:00,Waldstadtzentrum,"Glogauer Straße, 76139 Karlsruhe",49.0312904,8.4416719,"Eine zusätzliche Besonderheit des Marktes ist auch das großzügige Parkplatzangebot sowie die Straßenbahnhaltestelle direkt vor der ""Haustür"".Mehr Informationen und Aktuelles unter www.karlsruhe.de/maerkte",https://kalender.karlsruhe.de/db/termine/stadtleben/wochenmarkt_waldstadt
Wochenmarkt Knielingen,2050-12-31T08:00:00,Elsässer Platz,"Elsässer Platz, 76187 Karlsruhe",49.030624,8.3406582,"Der Markt ist zwar vergleichsweise klein, aber fein und braucht sich vor seinen größeren ""Kollegen"" in den anderen Stadtteilen keinesfalls zu verstecken.Mehr Informationen und Aktuelles unter www.karlsruhe.de/maerkte",https://kalender.karlsruhe.de/db/termine/stadtleben/wochenmarkt_knielingen
Wochenmarkt Gottesauer Platz,2050-12-31T07:30:00,Gottesauer Platz,"Gottesauer Platz, 76133 Karlsruhe",49.0073139,8.4236275,"Hier gibt es vieles, was das Herz begehrt:Geflügel, Gemüse, Salat, Nüsse, Obst, Wurst und Teigwaren ... und das, obwohl nur ein Beschicker dem Markt treu geblieben ist.Mehr Informationen und Aktuelles unterwww.karlsruhe.de/maerkte",https://kalender.karlsruhe.de/db/termine/stadtleben/wochenmarkt_gottesauer_platz
Bauernmarkt,2050-12-31T07:00:00,Saumarkt Durlach,Saumarkt,48.9987769,8.4708623,Mehr Informationen und Aktuelles unter www.karlsruhe.de/maerkte,https://kalender.karlsruhe.de/db/termine/stadtleben/bauernmarkt
Wochenmarkt Werderplatz,2050-12-27T07:30:00,Werderplatz,Marienstraße,48.9966546,8.4084163,"Seit 1964 gibt es den Wochenmarkt auf dem Werderplatz in der Karlsruher Südstadt schon. Vor allem im Sommer bekommt der Markt noch ein zusätzliches Flair. Dann nämlich können die Besucher nicht nur frische Ware einkaufen, sie können es sich nach dem Bummel auf dem Werderplatz auch am Brunnen und in einem der vielen Cafés und Kneipen rund um den Platz gemütlich machen.Mehr Informationen und Aktuelles unter www.karlsruhe.de/maerkte",https://kalender.karlsruhe.de/db/termine/stadtleben/wochenmarkt_werderplatz
Wochenmarkt Nordweststadt,2050-12-30T07:30:00,Walther-Rathenau-Platz,"Wilhelm-Hausenstein-Straße, 76187 Karlsruhe",,,"Wie auch die Wochenmärkte Mühlburg, Rüppurr und Waldstadt zeichnet sich der gemütliche Markt durch seine familiäre Atmosphäre aus.Mehr Informationen und Aktuelles unter www.karlsruhe.de/maerkte",https://kalender.karlsruhe.de/db/termine/stadtleben/wochenmarkt_nordweststadt
Wochenmarkt Gutenbergplatz,2050-12-31T07:30:00,"Gutenbergplatz, am Krautkopfbrunnen",76135 Karlsruhe,48.9912135,8.3820978,"Der Gutenbergplatz in der Karlsruher Weststadt ist mit seiner über 100-jährigen Geschichte nicht nur der älteste, sondern auch einer der schönsten Märkte.Mehr Informationen und Aktuelles unter www.karlsruhe.de/maerkte",https://kalender.karlsruhe.de/db/termine/stadtleben/wochenmarkt_gutenbergplatz
Wochenmarkt Kronenplatz,2050-12-31T09:00:00,Kronenplatz,"Kronenplatz 1, 76133 Karlsruhe",49.0085304,8.4096559,Mehr Informationen und Aktuelles unter www.karlsruhe.de/maerkte,https://kalender.karlsruhe.de/db/termine/stadtleben/wochenmarkt_kronenplatz
Wochenmarkt Stephanplatz,2050-12-30T07:30:00,Stephanplatz,"hinter der Post Galerie, 76133 Karlsruhe",,,"Ob Obst und Gemüse, Pflanzen oder Fleisch- und Wurstwaren – auf dem Wochenmarkt am Stephanplatz ist jeder gut aufgehoben. Bei rund 40 Beschickerinnen und Beschickern können die Kunden dreimal in der Woche ausgiebig einkaufen. Vor allem am Freitag herrscht reges Treiben.Mehr Informationen und Aktuelles unter www.karlsruhe.de/maerkte",https://kalender.karlsruhe.de/db/termine/stadtleben/wochenmarkt_stephanplatz
Wochenmarkt Daxlanden,2050-12-31T07:30:00,Heilig Geist Kirche Daxlanden,"Kastenwörtstraße 23,  Karlsruhe",49.0044403,8.3312744,Auf dem Vorplatz der Heilig-Geist-Kirche herrscht an jedem Dienstag und Freitag emsiges Treiben auf dem Markt im ehemaligen Fischerdörfchen. Ein kleiner Markt mit viel Atmosphäre. Es wird viel Wert auf gute Qualität gelegt.Mehr Informationen und Aktuelles unter www.karlsruhe.de/maerkte,https://kalender.karlsruhe.de/db/termine/stadtleben/wochenmarkt_daxlanden
Blumenmarkt,2050-11-10T09:00:00,Marktplatz Karlsruhe,"Marktplatz, 76133 Karlsruhe",49.0089483,8.4038789,"Auf dem Blumenmarkt finden alle, die Blumen und Pflanzen lieben, jederzeit das Passende.",https://kalender.karlsruhe.de/db/termine/stadtleben/blumenmarkt
Wochenmarkt Rüppurr,2050-12-31T07:30:00,Christ-König-Kirche,"Tulpenstraße 1, 76199 Karlsruhe",48.9713224,8.4055783,Der Markt ist sehr gut zu erreichen. Zum einen gibt es einige Parkplätze und zum anderen hält die Stadtbahn gleich gegenüber.Mehr Informationen und Aktuelles unter www.karlsruhe.de/maerkte,https://kalender.karlsruhe.de/db/termine/stadtleben/wochenmarkt_ruppurr
Wochenmarkt Durlach,2050-12-31T07:00:00,Marktplatz Durlach,"Pfinztalstraße 33, 76227 Karlsruhe-Durlach",48.9990789,8.4709664,"Der Markt auf dem Durlacher Marktplatz ist einer der wenigen in Karlsruhe, der täglich seine Kunden einlädt, frisches Gemüse und Obst zu kaufen. Immer montags bis samstags stehen die Stände mit ihrm Sortiment für die Kundschaft bereit.Mehr Informationen und Aktuelles unter www.karlsruhe.de/maerkte",https://kalender.karlsruhe.de/db/termine/stadtleben/wochenmarkt_durlach
Durlacher Bauern­markt,2025-12-20T07:30:00,Marktplatz Durlach,"Pfinztalstraße 33, 76227 Karlsruhe-Durlach",48.9990789,8.4709664,"Der Bauern­markt, auf dem Selbs­t­er­zeu­ger der Region ihre saisonalen Waren anbieten, findet zusätzlich zum tradi­tio­nel­len Wochen­markt auf dem Durlacher Marktplatz immer mittwochs von 7.30 bis 14.00 Uhr statt.",https://kalender.karlsruhe.de/db/termine/stadtleben/durlacher_bauernmarkt
Verkauf von Obst und Gemüse aus dem Sozialen Garten der afka,,Sozialer Garten (afka),"Gewann im Brühl 1, 76228 Karlsruhe-Wolfartsweier",,,"Verkauf von frischem Obst, Gemüse und Kräutern aus dem Sozialen Garten. Der Verkaufsstand befindet sich am Ende des Gartengrundstücks Richtung Wolfartsweier. Zugang über Wettersteinstraße auf Höhe Nr. 43Der Soziale Garten ist ein gemeinnütziges Beschäftigungsprojekt der Arbeitsförderung Karlsruhe gGmbH (afka)",https://kalender.karlsruhe.de/db/termine/stadtleben/verkauf_von_obst_und_gemuse_aus_dem
SON ROMPE PERA,2025-07-31T20:30:00,Kulturzentrum Tollhaus,"Alter Schlachthof 35, 76131 Karlsruhe",49.0044252,8.4317094,"Die mexikanische Band begeistert mit ihrem Cumbia-Punk und gleichzeitig höchster Virtuosität auf der Marimba. Die Gama-Brüder begannen als Kinder mit dem traditionellen Marimbaphonspiel. Als die jugendliche Rebellion zuschlug, wandten sie sich jedoch dem Punk und Psychobilly zu. Jetzt hat sich der Kreis geschlossen und sie stehen mit ihrer musikalischen Fusion von Rockmusik und dem klassischem Instrument an der Spitze der zeitgenössischen internationalen Cumbia-Szene. Während Live-Shows bringt die Garage-Cumbia-Marimba-Punk-Band Tanzliebhaber zum Schwitzen. Ihre Authentizität zeigt sich in ihren modernen Interpretationen mexikanischer, peruanischer und kolumbianischer Klassiker sowie in ihren eigenen Tracks und überraschenden Covers. Der Kontrast zwischen der traditionellen Marimba mit ihrer jugendlichen Haltung und dem Street-Style verbindet das Publikum mit der Vergangenheit, während es in die Zukunft tanzt.",https://kalender.karlsruhe.de/db/termine/musik/son_rompe_pera
KURZ.FILM.TOUR 2025 zu Gast in Karlsruhe,2025-07-31T20:00:00,"Hertz-Hörsaal, Geb. 10.11",Kaiserstraße 12,49.0094722,8.4115959,"Kurze Filme, lange Wirkung: Die insgesamt 13 nominierten und preisgekrönten Kurzfilme des aktuellenDeutschen Kurzfilmpreisessind auch 2025 wieder auf deutschlandweiter Kino-Tournee. Die mittlerweile27. KURZ.FILM.TOURkommt im Juli wieder nach Karlsruhe.AmDonnerstag, 31. Juli 2025 um 20:00 Uhrpräsentiert der  AFK - Akademischer Filmkreis Karlsruhe e.V. imHertz-Hörsaalinsgesamt 6 nominierte und ausgezeichnete Kurzfilme aus dem aktuellen Kurzfilmpreis-Repertoire.",https://kalender.karlsruhe.de/db/termine/stadtleben/kurzfilmtour_2025_zu_gast_in_karlsruhe
"LESUNG: Pia Varjas ""Wer braucht schon Ribisel?""",2025-07-31T19:00:00,Stadtbibliothek Karlsruhe - Stadtteilbibliothek Durlach,"Pfinztalstraße 9, Karlsburg, 76227 Karlsruhe",,,"Begleiten Sie Resi und ihre Familie ins Jahr 1946, als sie, aus ihrer Heimat Ungarn vertrieben, im zerstörten Deutschland neu beginnen müssen. Der Roman ist inspiriert von den dramatischen Erlebnissen der eigenen Großeltern der Autorin Pia Varjas.Zielgruppe:ErwachseneAnmeldung:ohne AnmeldungEintritt:kostenfreiOrt:Festsaal in der Karlsburg (Eingang A). Einlass ab 18:50 UhrFoto: Buchcover",https://kalender.karlsruhe.de/db/termine/literatur/lesung_pia_varjas_wer_braucht_schon_ribisel
Durlacher Kultursommer 2025,2025-07-31T19:00:00,Schlossgarten Durlach,"Schlossgarten Durlach,  Durlach",48.996263,8.4748438,"Wir sind eine Durlacher Uraltband mit Pia Oberacker-Pillick (Gesang und Percussion), Otto Reif (Gitarre und Gesang) und Harald Braun (Bass). Uns gibt‘s seit den 1960er Jahren. Heute machen wir nach wie vor den echten Indie-Beat, authentisch wie damals, mit viel Spaß dabei.",https://kalender.karlsruhe.de/db/termine/stadtleben/durlacher_kultursommer2025n-6
Onleihe Sprechstunde,2025-07-31T17:00:00,Stadtbibliothek Karlsruhe - Stadtbibliothek im Neuen Ständehaus,"Ständehausstraße 2, 76133 Karlsruhe",49.0089211,8.4003588,"Die kostenlose Sprech­stunde richtet sich an alle Inter­es­sier­ten mitindivi­du­el­len Fragen rund um die digitale Bibliothek ""Onleihe"". Fachleute der Stadt­bi­blio­thek beant­wor­ten Fragen und zeigen die Handhabung an entspre­chen­den Lesege­rä­ten (E-Book-Reader oder Tablets). Es dürfen gerne eigene Geräte mitge­bracht werden. Eine Anmeldung ist nicht erfor­der­lich.Zielgruppe:Onleihe Nutzer*innenAnmeldung:ohne AnmeldungEintritt:kostenfreiOrt:Stadtbibliothek im Neuen Ständehaus, Infotheke im 2. OG",https://kalender.karlsruhe.de/db/termine/literatur/onleihe_sprechstunde-88
VORLESEZEIT mit Basteln in der Kinder- & Jugendbibliothek - ENTFÄLLT,2025-07-31T16:00:00,Stadtbibliothek Karlsruhe - Kinder- und Jugendbibliothek Karlsruhe im Prinz-Max-Palais,"Prinz-Max-Palais, Karlstraße 10, 76133 Karlsruhe",49.0111857,8.3947581,"Wir lauschen einer wunderschönen Geschichte und basteln anschließend etwas Passendes zum Thema der Geschichte, um unserer Kreativität freien Lauf zu lassen.Zielgruppe:ab 5 JahrenAnmeldung:unter Tel. 0721 / 133-4262Eintritt:kostenfreiOrt: Kinder- und JugendbibliothekIllustration: AdobeStock - GoodStudio",https://kalender.karlsruhe.de/db/termine/literatur/vorlesezeit_mit_basteln_in_der_kinder
Forschungskurs (9–11 Jahre): Fossilien – eine Reise durch die Erdgeschichte,2025-07-31T15:00:00,Staatliches Museum für Naturkunde Karlsruhe,"Erbprinzenstraße 13, 76133 Karlsruhe",49.0069855,8.4001442,"Forschungskurse für 9- bis 11-JährigeDie Forschungskurse geben Mädchen und Jungen die Möglichkeit naturwissenschaftliche Phänomene zu untersuchen. Wie entstehen Fossilien? Wie leben Blattschneiderameisen? Warum kann der Hai so schnell schwimmen? In sechs Kursen gehen wir diesen und anderen Fragen nach und lernen dabei verschiedene Forschungsmethoden kennen. Ein Besuch in einer unserer Dauerausstellungen gehört immer dazu.Bei jedem Termin erhalten die Mädchen und Jungen einen Forschungsbogen, in dem sie ihre Beobachtungen festhalten. Dazu gibt es eine eigene Samelmappe. So wächst nach und nach ein einzigartiges Forschungstagebuch.Die Anmeldung ist zu jedem Termin einzeln möglich. Wer bei allen sechs Terminen dabei war, erhält ein Diplom.Diese Kurse können wir dank freundlicher Unterstützung der Jugendstiftung der Sparkasse Karlsruhe anbieten.Fossilien– eine Reise durch die ErdgeschichteFossilien sind wichtige Zeugen der Erdgeschichte. Gemeinsam entdecken die Kinder die unterschiedlichen Arten von Fossilien und erfahren, wie sie entstehen. Anschließend geht es in Gruppen in den Urzeitsaal, um echte Fossilien zu erforschen. So lernen die Kinder das Leben in verschiedenen Erdzeitaltern kennen.Dauer 1 ½ StundenKosten inkl. Eintritt und MaterialAnmeldung online ab 18. Juni möglich",https://kalender.karlsruhe.de/db/termine/ausstellungen/forschungskurs_911_jahre_fossilien_eine
Robin Hood (Inklusive Audiodeskription und Übersetzung in Deutsche Gebärdensprache),2025-07-18T09:00:00,"Badisches Staatstheater, INSEL","Karlstrasse 49 b, 76133 Karlsruhe",49.0047189,8.3957424,,https://kalender.karlsruhe.de/db/termine/theater/robin_hood_inklusive_audiodeskription
The Bright Side of Life,2025-08-01T21:00:00,marotte Theater,"Kaiserallee 11, 76133 Karlsruhe",49.0102313,8.3851507,"Bethlehem. 24. Dezember. Während man bei der Geburt Christi ganz auf die Karte der unbefleckten Empfängnis setzt, gestalten sich die Ereignisse im Nachbarstall, aufgrund folgenschwerer Missverständnisse, noch problematischer. Auch hier erblickt ein Knabe das Licht der Welt. Die Geschichte des Einen ist hinlänglich bekannt. Widmen wir uns also ganz dem Schicksal des Anderen, der seinen Lebensunterhalt mit dem Verkauf von Otternnasen im römischen Colosseum verdienen muss und vom Widerstand gegen die römischen Besatzer träumt. Die Dinge nehmen unvermeidlich ihren Lauf. 

Hier finden in wildem Galopp, skurriler Wortwitz, schwarzer Humor und unverwüstliche Spielfreude ihre Arena.Regie: Pierre SchäferSpiel: Carsten Dittrich, Sebastian Kreutz, Jan Mixsa",https://kalender.karlsruhe.de/db/termine/theater/the_bright_side_of_life-28
DOBET GNAHORÉ,2025-08-01T20:30:00,Kulturzentrum Tollhaus,"Alter Schlachthof 35, 76131 Karlsruhe",49.0044252,8.4317094,"Sie ist eine virtuose Sängerin, Tänzerin, Perkussionistin und Songschreiberin, die den modernen Afropop-Sound ihres Landes in aufregende neue Richtungen geführt hat. Bekannt für ihre atemberaubenden Tanzschritte, ihre kraftvolle Bühnenpräsenz und ihren gefühlvollen Gesangsstil, hat die ivorische Künstlerin Dobet Gnahoré im Laufe ihrer Karriere zahlreiche Auszeichnungen erhalten, darunter 2010 einen Grammy. Ihr siebtes Album „Zouzou"" präsentiert eine reiche Mischung aus musikalischen Traditionen, die afrikanische Rhythmen mit modernen Einflüssen und lyrischer Tiefe verbindet. Motiviert durch die Kämpfe, denen afrikanische Kinder ausgesetzt sind, hat Dobet Gnahoré dieses Album der Jugend gewidmet, die die Zukunft des Kontinents bestimmen wird.Das Album dient als Startschuss für ein neues Waisenhausprojekt, das Gnahoré in der Elfenbeinküste entwickelt, und bekräftigt ihr Engagement für die Förderung positiver Veränderungen und Chancen für die nächste Generation. Bekannt für ihre Fähigkeit, ihrer Musik eine mitreißende Energie und aussagekräftige Texte zu verleihen, zeigt Gnahoré erneut ihre unglaubliche Bandbreite als Künstlerin.",https://kalender.karlsruhe.de/db/termine/musik/dobet_gnahore
Bats for kids,2025-08-01T20:00:00,Naturschutzzentrum Karlsruhe-Rappenwört,"Hermann-Schneider-Allee 47, 76189 Karlsruhe",48.9961878,8.3035929,"In den Rheinauen bei Karlsruhe leben 14 der 22 in Baden-Württemberg vorkommenden Fledermausarten. Die hervorragenden Flieger sind wahre Lebenskünstler und in dieser zeitweise überfluteten Landschaft zweifellos die erfolgreichsten Säugetiere. Während der frühnächtlichen Exkursion werden verschiedene Fledermausarten mit Detektoren geortet und beobachtet. Dazu gibt es viele Informationen über die faszinierenden Jäger der Nacht.Bitte Taschenlampe/Stirnleuchte, auentaugliche Schuhe, Mückenschutzmittel und – sofern vorhanden – Fledermausdetektor mitbringen.Leitung:Harald Brünner, Diplom BiologeKostenfreie VeranstaltungAnmeldung bis 29.07.25 erforderlich",https://kalender.karlsruhe.de/db/termine/stadtleben/bats_for_kids
Durlacher Kultursommer 2025,2025-08-01T19:00:00,Schlossgarten Durlach,"Schlossgarten Durlach,  Durlach",48.996263,8.4748438,"OSTGOLD bereist musikalisch seit fast zehn Jahren weit entlegene und nah vertraute Welten. Die Band überschreitet spielerisch die Grenzen zwischen komponierter, überlieferter, arrangierter und improvisierter Musik. Die Quarantunes spielen Saxophon querbeet: vor allem klassischen und modernen Jazz, aber auch Fundstücke aus Pop und Klassik.",https://kalender.karlsruhe.de/db/termine/stadtleben/durlacher_kultursommer2025n-7
Taylor Swift Karaoke,2025-08-01T19:00:00,Z10,"Zähringerstraße 10, 76131 Karlsruhe",49.0085922,8.4141338,"Die Eras Tour Bühne steht still, doch wir singen, tanzen und feiern weiter! Mach Dich bereit für den ultimativen Taylor-Swift-Karaoke-Abend! Egal, ob Du die Tour live miterlebt hast oder nicht – jetzt ist Deine Zeit, das Mikrofon in die Hand zu nehmen und Deinen eigenen Auftritt hinzulegen! Mikrofone, bunte Lichter und Getränke Specials warten auf Dich. Bring Deine Freund:innen mit, Swiftie oder nicht – alle sind herzlich willkommen. Lass uns gemeinsam unsere Lieblingslieder von Taylor Swift feiern und einen unvergesslichen Abend erleben!",https://kalender.karlsruhe.de/db/termine/musik/taylor_swift_karaoke
Sightjogging-Sportlich unterwegs durch Karlsruhe,2025-08-01T18:00:00,City Tour durch Karlsruhe,,,,"Joggst du gerne?Wie wäre es dann einmal, wenn du deine Laufroute ein wenig veränderst und in einer Gruppe Gleichgesinnter vertraute und unbekannte Ecken von Karlsruhe erläufst?Erlebe eine unvergessliche Joggingtour und statt Musik auf den Ohren gibt es bei dieser Tour einiges Amüsantes, Interessantes, Anekdoten und Fakten über die Fächerstadt Karlsruhe zu erfahren.Die ca. 1,5-stündige Joggingtour durch Karlsruhe beginnt direkt auf dem Marktplatz in Karlsruhe an der Pyramide.Preise:Erwachsene: Euro 10,00InfoTel.: 0721/91679888 oder mobil 0179/2935072Internet: www.stadtfuehrungen-karlsruhe.deAnmeldung erforderlichMindestteilnehmerzahl: 6 PersonenAuch andere Termine sind jederzeit möglichBuchbar auch exklusiv als Gruppenevent",https://kalender.karlsruhe.de/db/termine/sportveranstaltung/sightjogging_sportlich_unterwegs_durch_karlsruhe-16
Zeltcamp im Freibad Wölfle für Kinder,2025-08-02T18:00:00,Freibad Wolfartsweier,"Schloßbergstraße 12, 76228 Karlsruhe",48.9724101,8.4544403,Das traditionelle Zeltcamp für Kinder bis 14 Jahren im Freibad Wolfartsweier lockt auch dieses Jahr zum kleinen Abenteuer am Rande der Großstadt. Mitzubringen ist das eigene Zelt mit Ausrüstung. Pro Zelt muss ein Erwachsener Mitglied im Förderverein sein. Die weiteren Anmeldebedingungen und Preise sind auf der Homepage abrufbar. Anmeldungen sind möglich unter Tel. 0721-474528 oder unter info@freibad-wolfartsweier.de.,https://kalender.karlsruhe.de/db/termine/sportveranstaltung/zeltcamp_im_freibad_wolfle_fur_kinder
Karlsruhe Stadtführung per Rad,2025-08-01T17:00:00,City Tour durch Karlsruhe,,,,"Diese ganz besondere Stadtführung beginnt direkt an der Pyramide auf dem Marktplatz.Viele Highlights und Insidertipps werden auch Karlsruher überraschen.Die ca. 3-stündige Fahrradtour durch Karlsruhe zeigt Ihnen viele Sehenswürdigkeiten der Stadt.Sollten Sie über kein eigenes Fahrrad verfügen sprechen Sie uns gerne an.Anmeldung erforderlich unter: Marc.Fischer@boservice.org oder Telefon: 0721/91679888 mobil: 0170/2935072Mindestteilnehmeranzahl: 6 PersonenDie Tour kann auch exklusiv als Gruppenevent gebucht werden.Preise:Erwachsene: Euro 18,00Kinder bis 14 Jahre: 10,00Internet: www.stadtfuehrungen-karlsruhe.de",https://kalender.karlsruhe.de/db/termine/sportveranstaltung/karlsruhe_stadtfuhrung_per_rad-50
Afterwork - Rhein Vibes,2025-08-01T17:00:00,Gasthaus Hofgut Maxau,"Maxau am Rhein 24, Hofgut Maxau, 76187 Karlsruhe",,,"RHEIN VIBES – AFTERWORK IM HOFGUT MAXAUSave the Date! Wir bringen erneut die besten Beats und Vibes ans Rheinufer! Lass den Stress der Woche hinter dir und genieße eine unvergessliche Afterwork-Session in der einzigartigen Atmosphäre des Hofgut Maxau in Karlsruhe.Event-Details:Location: Hofgut Maxau, Maxau am Rhein 24, 76187 KarlsruheStart: 17:00 Uhr | Ende: 23:00 UhrWas dich erwartet:House & Techhouse Beats für echte MusikliebhaberEine einzigartige Location mit Blick auf den RheinEntspannte Afterwork-Vibes in bester GesellschaftCoole Drinks & leckere Snacks aus der Hofgut-KücheEintritt frei – komm einfach vorbei & feier mit uns!Wir freuen uns auf dich!",https://kalender.karlsruhe.de/db/termine/musik/afterwork_rhein_vibes-3
„Update! Die Sammlung neu sichten – Szenenwechsel 3“,2025-08-01T16:00:00,Städtische Galerie Karlsruhe,"Lorenzstraße 27, 76135 Karlsruhe",49.0003576,8.3834933,,https://kalender.karlsruhe.de/db/termine/ausstellungen/update_die_sammlung_neu_sichten_szenenwechsel3n-3
"»Fellow Travellers«. Kunst als Werkzeug, die Welt zu verändern",2025-08-01T16:00:00,Zentrum für Kunst und Medien (ZKM),"Lorenzstraße 19, 76135 Karlsruhe",49.0012852,8.3836005,"Pfarrer i.R. Eckhart Marggraf (ev.)Am ersten Freitag eines Monats gestalten die evangelische und katholische Kirche in Zusammenarbeit mit der Museumskommunikation die Freitagsführung. Theologen führen, gemeinsam mit Kunstvermittler/innen der Museumskommunikation, an diesen Terminen durch eine ZKM-Ausstellung und regen zu gedanklichen Überschreitungen an.Anmeldung erbeten unter: fuehrungen@zkm.deBegrenzte Teilnehmendenzahl, Führung und Eintritt freiTreffpunkt: Infotheke im FoyerGemeinsame Veranstaltungsreihe des Bildungszentrums Roncalli-Forum Karlsruhe, der Evangelischen Erwachsenenbildung Karlsruhe und des ZKM / Zentrum für Kunst und Medien.",https://kalender.karlsruhe.de/db/termine/ausstellungen/fellow_travellers_kunst_als_werkzeug
VORLESEZEIT in Neureut,2025-08-01T16:00:00,Stadtbibliothek Karlsruhe - Stadtteilbibliothek Neureut,"Rubensstraße 21, 76149 Karlsruhe",49.0446178,8.3830479,In der Bibliothek wird jeden Freitag um 16 Uhr vorgelesen.Für Kinder ab 3 Jahren.Zielgruppe:ab 5 JahrenAnmeldung:unter Tel. 0721 7818976Eintritt:kostenfreiOrt: Stadtteilbibliothek NeureutIllustration: AdobeStock - GoodStudio,https://kalender.karlsruhe.de/db/termine/literatur/vorlesezeit_in_neureut-20
„Lugosis Backyard”,2025-08-02T15:00:00,Hirschhof Karlsruhe,"Hirschhof, 76133 Karlsruhe",49.0104999,8.3933317,"Der italienische Künstler Lugosis, bekannt für seine ausdrucksstarken Cartoon Figuren, seine Tätowierungen und vor allem seinen Hintergrund in der Graffitikultur, übernimmt am 01.08.25 den Hirschhof in Karlsruhe. Beim „Lugosis Backyard” Wird er ab 15:00 Uhr ein ein großflächiges Live Painting an die Wand bringen. Dabei wird nicht nur seine Kunst, sondern auch sein kreativer Prozess erlebbar gemacht.Der in Berlin lebende Künstler vereint in seinen Arbeiten biografische Elemente, Jugendkultur und popkulturelle Referenzen. Seit über zwei Jahrzehnten erschafft er ein eigenes Character Universum und integriert dabei auch ikonische Figuren aus Cartoons und Anime.Der “Lugosis Backyard” bildet den Auftakt einer neuen Reihe im Hirschhof: In regelmäßigen Abständen sollen künftig Künstlerinnen und Künstler eingeladen werden, ihre Arbeiten zu zeigen.In einer Stadt mit renommierter Kunsthochschule und einer aktiven Kreativszene möchte der Hirschhof einen Platz schaffen, an dem zeitgenössische Kunst öffentlich sichtbar wird, Begegnung ermöglicht und kreative Impulse gesetzt werden.Der Eintritt zur Veranstaltung ist frei. Kommt vorbei, erlebt Lugosis live und seid Teil des ersten Takeovers!",https://kalender.karlsruhe.de/db/termine/stadtleben/lugosis_backyard-1
Stadtführung für Senioren,2025-08-01T15:00:00,City Tour durch Karlsruhe,,,,"Die Firma BOService Karlsruhe bietet ab sofort jeden Freitag in Karlsruhe eine neue Stadtführung speziell für Senioren an:Diese  neue konzipierte Stadtführung kombiniert die Schwerpunkte unserer Stadtführungen mit den besonderen Ansprüchen von Seniorinnen und Senioren.Sie ist besonders geeignet für Ältere, die nicht mehr so schnell vorwärts kommen, aber trotzdem neugierig sind auf eine spannende und kurzweilige Stadtführung durch die Fächerstadt Karlsruhe.Bei dieser Stadtführung nehmen unsere Stadtführerinnen und Stadtführer besondere Rücksicht auf die Bedürfnisse der älteren Gäste. Während des Rundgangs gibt es immer wieder mal Sitzgelegenheiten  sowie die Möglichkeit für längere Verschnaufpausen.Die Führung  beginnt direkt auf dem Marktplatz in Karlsruhe an der Pyramide.Die Führung kann zu Fuß oder mit der Tram Linie 2 durchgeführt werden.Nach ca. 2  Stunden erreichen wir wieder unseren Ausgangspunkt Marktplatz Karlsruhe.Auch andere zusätzliche Termine sind jederzeit nach Rücksprache mit dem Veranstalter möglich.Preise:Erwachsene: Euro 10,00Begleitperson: freiInfoTel.: 0721/91679888Internet: www.stadtfuehrungen-karlsruhe.deAnmeldung erforerlich",https://kalender.karlsruhe.de/db/termine/stadtleben/stadtfuhrung_fur_senioren-36
Bücherblitz beim Kinder- und Jugendhaus Nordweststadt,2025-08-01T10:00:00,Kinder- und Jugendhaus Nordweststadt,"Hertzstraße 176d, 76187",49.0378403,8.368977,"Wir sind mit dem Bücherblitz und einem Lese- und Bastelangebot bei der großen „Ferienstart-Aktion“ im Kinder- und Jugendhaus Nordweststadt dabei. Kommt vorbei!Zielgruppe:alle InteressiertenOrt:Hertzstr. 176d, 76187 KarlsruheFoto: Stadtbibliothek Karlsruhe",https://kalender.karlsruhe.de/db/termine/literatur/bucherblitz_beim_kinder_und_jugendhaus_nordweststadt
Der Reichsbürger (Gastspiel),2025-07-25T19:30:00,"Badisches Staatstheater, STUDIO","Baumeisterstraße 11, 76137 Karlsruhe",49.0048704,8.4046989,,https://kalender.karlsruhe.de/db/termine/theater/der_reichsburger_gastspiel
Science Camp Elektrotechnik – Baue Dein eigenes Smart System!,,TRIANGEL Transfer | Kultur | Raum,"Kaiserstraße 93, 76133 Karlsruhe",49.0092217,8.4087317,"Im Science Camp Elektrotechnik tauchst du in die Welt der Automatisierung ein! Du programmierst mit der Open-Source-Plattform Arduino, experimentierst mit Sensoren und Aktoren und setzt dein eigenes Projekt um!Außerdem besuchen wir Siemens, um mehr über die Berufe zu erfahren, die sich mit elektronischen Themen befassen.Deine Challenge: Baue ein System, das eigenständig auf seine Umgebung reagiert! Ob eine automatisierte Bewässerungsanlage, ein intelligenter Wischroboter oder eine ganz eigene Idee - du entscheidest was du baust!Für Jugendliche im Alter von 14 - 16 Jahren.Wenn möglich, bringe deinen eigenen Laptop mit - oder leihe dir einfach einen von uns. Schreib uns vor dem Camp eine kurze Mail, wenn du einen Laptop brauchst!Kostenpflichtige Anmeldung: 150€ inkl. Übernachtung, Verpflegung, Exkursion und Material. Finanzielle Unterstützung bei Bedarf möglich. Alle weiteren Informationen zum Science Camp Elektrotechnik und zur Anmeldung findest du auf unserer Website.",https://kalender.karlsruhe.de/db/termine/wirtschaft/science_camp_elektrotechnik_baue_dein
FABER,2025-08-02T20:00:00,Kulturzentrum Tollhaus,"Alter Schlachthof 35, 76131 Karlsruhe",49.0044252,8.4317094,"Seit seiner ersten EP ""Alles Gute"" geht der Schweizer Songwriter Faber durch die Decke. Er schreibt pointierte Texte, die mit zum klügsten und polarisierendsten gehören, was es aktuell zu hören gibt. Das führt Faber zu ausverkauften Tourneen und Headliner Slots auf geschmackssicheren Festivals – der Künstler wird von Kritik und Fans gleichermaßen gefeiert. Nach der Debut-EP erscheinen die Alben ""Sei ein Faber im Wind"" (2017) und ""I fucking love my life"" (2019) sowie das Livealbum-Album ""Orpheum"", das besonders unterstreicht, wie mitreissend, elegant und unverkopft anspruchsvoll Faber-Konzerte sind. Dabei singt Faber, der eigentlich Julian Vincenzo Pollina heißt, bisweilen auch italienisch, französisch oder schweizerdeutsch. 2024 erschien Fabers viertes Studioalbum Addio, das vermehrt elektronische Elemente, Chöre und orientalische Anleihen aufweist. Begleitet wird Faber von einer achtköpfigen Band mit Bläsern und Streichern.",https://kalender.karlsruhe.de/db/termine/musik/faber
KAMUNA: „WortSpiel – Improtheater trifft auf Literatur“,2025-08-02T19:30:00,Stadtbibliothek Karlsruhe - Stadtbibliothek im Neuen Ständehaus,"Ständehausstraße 2, 76133 Karlsruhe",49.0089211,8.4003588,"Im Rahmen der KAMUNA ist das ImprotheaterSchmitz‘ Katzezu Gast in der Stadtbibliothek Karlsruhe und verwandelt dieLieblingsbücher des Publikumslive auf der Bühne in kreative Neuinterpretationen.Seit über 20 Jahren begeistert Schmitz‘ Katze als Teil des UniTheater Karlsruhe e. V. mit kreativen, humorvollen und überraschenden Szenen und bietet am 2. August einen Abend voller spontaner Theaterkunst, literarischer Überraschungen und eindrucksvoller Bühnenmomente in der Stadtbibliothek Karlsruhe. Start ist jeweils um19:30, 20:30, 21:30 und 22:30 Uhr.Beginn: jeweils 19:30 | 20:30 | 21:30 | 22:30 UhrDauer:Ca. 30 minPersonenzahl:begrenzte TeilnehmendenzahlEintritt:12 € Abendkasse, 10 € VVKFotos: Schmitz Katze",https://kalender.karlsruhe.de/db/termine/literatur/kamuna_wortspiel_improtheater_trifft_auf_literatur
Kostümführung,2025-08-02T19:30:00,Durlach,Durlach Innenstadt,,,"Als Erfinderin dieses Rundgangs schlüpfe ich gerne selbst in die von mir geschöpften Rolle der „Weißen Frau vom Turmberg“, Durlachs hauseigener Sagen- und Legendenfigur. Nur für besondere Gäste der Markgrafenstadt verlasse ich vorzugsweise bei Einbruch der Dämmerung meine Wirkungsstätte am Turmberg und führe meine Gäste durch die verwinkelten Gassen des Markgrafenstädtchens. Dabei könnt ihr Zeugen werden der schaurigen Überlieferungen vergangener Zeiten auf meinen nächtlichen Streifzügen sowie des Volksglaubens, der tief im Bewusstsein der Bevölkerung verwurzelt ist. Auf spannende Weise können die Teilnehmer selbst zu Akteuren bei szenischen Darstellungen der gruseligen Geschichten werden.Treffpunkt: Marktplatz Durlach beim Marktbrunnen und bei feuchten Wetterverhältnissen unter dem Vordach des Durlacher Rathauses.Dauer: ca. 2 StundenEmpfehlung:Warme wetterfeste Kleidung und gutes Schuhwerk für das unebene Terrain der Durlacher Pflastersteine.Taschenlampe nicht vergessen.Wichtig: Für diese Führung ist eine verbindliche Voranmeldung erforderlich unter:Telefon: 0721 9483404 (AB) oder per Email: kulturmanagement@email.dePreis pro Gast: 18,00 €, ermäßigt 14 (Ermäßigung erhalten auch alle Vereinsmitglieder aus Durlacher und Grötzinger Vereinen. Betrag bitte möglichst passend bereit halten)Mindestteilnehmerzahl: 3 Gäste, maximal 25 Gäste. Es gilt die Reihenfolge der Anmeldung.Individuelle Gruppentermine können gerne in Absprache vereinbart werden.Ihre Daten dienen nur der Anmeldeübersicht oder für eventuelle unvorhergesehene wichtige Informationen. Alle aufgenommenen Daten werden unmittelbar nach Beendigung der bezahlten Führung wieder gelöscht.Die Führung findet bei (fast) jedem Wetter statt und wird nur aufgrund von außergewöhnlichen Ereignissen abgesagt.Es gelten meine Datenschutz- und AGB-Bestimmungen, die auf Wunsch zugesandt werden. Änderungen bleiben vorbehalten.",https://kalender.karlsruhe.de/db/termine/stadtleben/kostumfuhrung-29
10 Jahre Karidion Brass - Das festliche Jubiläumskonzert!,2025-08-02T19:00:00,Christuskirche Karlsruhe,"Riefstahlstraße , 76133 Karlsruhe",49.0118324,8.3863698,"Wir freuen uns sehr, das 10-jährige Jubiläum von Karidion Brass zu feiern! Gegründet im Jahr 2015 an der Hochschule für Musik Karlsruhe, hat sich unser Ensemble zu einem wichtigen Bestandteil der Blechbläser-Szene entwickelt. Zu diesem besonderen Anlass laden wir Sie herzlich zu einem festlichen Konzert ein, bei dem aktuelle und ehemalige Mitglieder gemeinsam auf der Bühne stehen.Erleben Sie ein großes Blechbläserensemble, das aus 13 herausragenden Musikern besteht, die mittlerweile in verschiedenen professionellen Orchestern und Ensembles in Deutschland aktiv sind. Unser Programm bietet eine vielfältige musikalische Reise, die von klassischen Meisterwerken von Rameau und Schostakowitsch bis hin zu modernen Jazz-Arrangements reicht. Als besonderes Highlight des Abends präsentiert das Ensemble die „Firewater Music“ von Werner Pircher – ein mitreißendes Werk, welches die Möglichkeiten der Blechbläserkammermusik eindrucksvoll neu definiert.Freuen Sie sich auf einen festlichen Abend voller musikalischer Höhepunkte und mitreißender Klänge. Feiern Sie mit uns das zehnjährige Jubiläum von Karidion Brass und erleben Sie Blechbläserkunst auf höchstem Niveau – ein Konzert, das Sie nicht verpassen sollten!Tickets und weitere InformationenTickets gibt es hier:https://ztix.de/hp/events/24893/info29,00€ inkl. VVK-Gebühren, ermäßigt 23,50€Sitzplätze mit freier PlatzwahlTicketbestellung auch telefonisch möglich: 01511-5858374Ermäßigungen gelten für Schüler, Studierende, Azubis und Personen mit Schwerbehindertenausweis ab 50%. Entsprechende Nachweise müssen bei Veranstaltung vorgezeigt werden.Schwerbeschädigte mit Merkzeichen B im Ausweis erhalten die Möglichkeit eine Begleitperson mitzubringen, welche ihre Karte kostenfrei erhält. Die Bestellung dieser Tickets ist ausschließlich per Mail (events@mamuma.de) oder telefonisch (+49 1511 5858 374) möglich.",https://kalender.karlsruhe.de/db/termine/musik/10_jahre_karidion_brass_das_festliche_jubilaumskonzert
Durlacher Kultursommer 2025,2025-08-02T19:00:00,Schlossgarten Durlach,"Schlossgarten Durlach,  Durlach",48.996263,8.4748438,"Das ist seit nunmehr 10 Jahren frischer Acappella-Sound. Die fünf Jungs aus der Karlsruher Gegend interpretieren alles, was ihnen vor die Flinte läuft. Ob Pop, Rock, Rap oder traurige Ballade, es klingt immer nach Kontrasprogramm... im wahrsten Sinne des Wortes. Auf Instrumente wird, wie es sich für eine Acappella-Band gehört, natürlich verzichtet.",https://kalender.karlsruhe.de/db/termine/stadtleben/durlacher_kultursommer2025n-8
10 Jahre Karidion Brass,2025-08-02T19:00:00,Christuskirche Karlsruhe,"Riefstahlstraße , 76133 Karlsruhe",49.0118324,8.3863698,,https://kalender.karlsruhe.de/db/termine/musik/10_jahre_karidion_brass
Stiftung Forum Recht bei der KAMUNA 2025,2025-08-02T18:00:00,Stiftung Forum Recht,"Karlstraße 45 A, 76133 Karlsruhe",49.0064763,8.3949169,"Die Stiftung Forum Recht beteiligt sich dieses Jahr mit ihrerPop-Up-Ausstellung im Karlsruher Hauptbahnhoferstmals an der KarlsruherMuseumsnacht KAMUNA.
 Während des ganzen Abends laden geführte Rundgänge ein, die Ausstellung
 kennenzulernen. In den Räumlichkeiten der Stiftung in der gibt es 
Gelegenheit, beim Begegnungsformat zur Ausstellung „Zu Recht: 
Nachgefragt!“ mit einer Richterin oder einem Rechtsanwalt ins Gespräch 
zu kommen. Außerdem laden wir ein zu einer Kurzversion unseres beliebten
 Stadtrungangs durch die Nachbarschaft der Stiftung sowie zum Quiz rund 
um Recht und Rechtsstaat.PROGRAMM IN DER STIFTUNG FORUM RECHTab 18:00 UhrOrt:Karlstraße 45A,76133 Karlsruhe18:00 UhrZu Recht: Nachgefragt! Begegnungsformatmit einem Richter am Sozialgericht, einem Vertreter des Landgerichts, einer Rechtsanwältin und einem Rechtsanwalt(Änderungen vorbehalten!)19:00 Uhr und 20:30 UhrKurzversion des Stadtrundgangs „Recht stadtlich!“20:00 Uhr, 22:00 Uhr und 23:00 UhrQuiz rund um Recht und Rechtsstaat21:00 UhrZu Recht: Nachgefragt! Begegnungsformatmit einem Vertreter des Landgerichts und zwei Rechtsanwälten(Änderungen vorbehalten!)PROGRAMM IM KARLSRUHER HAUPTBAHNHOFab 18:00 UhrOrt:Karlsruhe Hauptbahnhof, Bahnhofsvorhalle, linker Seitenflügel, Bahnhofplatz 1a, 76137 KarlsruhePop-Up-Ausstellung „Recht – Spielregeln des Alltags“18:00 Uhr, 19:00 Uhr, 20:00 Uhr, 22:00 Uhr und 23:00 UhrGeführter Ausstellungsrundgang Pop-Up-Ausstellung „Recht – Spielregeln des Alltags“",https://kalender.karlsruhe.de/db/termine/ausstellungen/stiftung_forum_recht_bei_der_kamuna2025n
KAMUNA: Verkehrsmuseum mit Live Musik von Last Train,2025-08-02T18:00:00,Verkehrsmuseum Karlsruhe,"Werderstrasse 63, 76137 Karlsruhe",49.0019551,8.4090943,"Im Rahmen der Karlsruher Museumsnacht spielt die Band ""Last Train"" als Trio mit 2 akustischen Gitarren und Percussion im schönen Verkehrsmuseum. Das gesamte Team des Verkehrsmuseum freut sich auf Ihren Besuch.",https://kalender.karlsruhe.de/db/termine/musik/kamuna_verkehrsmuseum_mit_live_musik_von_last_train
KAMUNA – Wissen schafft Vielfalt,2025-08-02T18:00:00,Staatliches Museum für Naturkunde Karlsruhe,"Erbprinzenstraße 13, 76133 Karlsruhe",49.0069855,8.4001442,"Samstag, 2. August 2025, 18 – 24 Uhr26. Karlsruher Museumsnacht""WIssen schafft Vielfalt!""Wissen und Vielfalt – das ist unser Ding! Dazu bieten wir ein Programm aus Vorführungen, Mitmachaktionen und Stationen mit Kurzgeschichten im ganzen Haus.Dabei dürfen natürlich auch unsere beliebten Klassiker nicht fehlen: Kakerlakenrennen und Insektenlichtfang!Eintritt 10 € / Abendkasse 12 €: Erwachsene ab 18 JahrenEintritt frei: Kinder und Jugendliche bis 17 JahreAlle Informationen zur KAMUNA 2025 unterwww.kamuna.deReservix: DieausgedrucktenVorverkaufskarten des Ticket Online-Systems Reservix werden an den Abendkassen in ein KAMUNA-Einlassband umgetauscht.Hinweis: Am Samstag, 2.8.2025 wird das Museum ausnahmsweise schon um 17.30 Uhr geschlossen. Die Türen öffnen sich um 18 Uhr wieder zur KAMUNA!Bitte beachten Sie, dass an der KAMUNA im Haus der Verzehr von selbstmitgebrachten Speisen und Getränken nicht möglich ist. Aus Sicherheitsgründen können keine Glasflaschen mit ins Museum genommen werden - sie können wie andere mitgebrachte Gegenstände (Rucksäcke, Regenschirme, etc.) an der Garderobe abgegeben werden.",https://kalender.karlsruhe.de/db/termine/ausstellungen/kamuna_wissen_schafft_vielfalt
KAMUNA: Open Air Kino & Bastelaktion,2025-08-02T18:00:00,Stadtbibliothek Karlsruhe - Kinder- und Jugendbibliothek Karlsruhe im Prinz-Max-Palais,"Prinz-Max-Palais, Karlstraße 10, 76133 Karlsruhe",49.0111857,8.3947581,"Von 18:00 bis 21:00 Uhr bieten wir im Innenhof des Prinz-Max-Palais eineLese- und Bastelauszeitfür Kinder. Unser Bücherblitz versorgt euch mit spannenden Medien, gemütlichen Strandmuscheln und hat auch eine kleine Bastelaktion im Gepäck.Ab 21:00 Uhr startet dasOpen Air Kinofür Jugendliche und Erwachsene. Wir zeigen den Film„Wo Bücher die Welt bedeuten - Bhopal, Indien“(Regie: Michael Bernstein, Anja Schürenberg).Laufzeit: 27 min.Start:jeweils um 21:00 Uhr, 21:45 Uhr und 22.30 Uhr.Sitzgelegenheiten sind vorhanden.Bilder: filmfriend.de, AdobeStock – yura batiushyn",https://kalender.karlsruhe.de/db/termine/literatur/kamuna_open_air_kino_bastelaktion
KAMUNA: Führungen durch die Erinnerungsstätte,2025-08-02T18:00:00,Stadtbibliothek Karlsruhe - Stadtbibliothek im Neuen Ständehaus,"Ständehausstraße 2, 76133 Karlsruhe",49.0089211,8.4003588,"Die Kurzführungen durch die Erinnerungsstätte Ständehaus präsentieren die badische Parlaments- und Demokratiegeschichte. Themen sind die Badische Verfassung von 1818, die Revolutionen 1848/49 und 1918 in Baden und die Zerschlagung der Demokratie durch die Nationalsozialisten 1933.Dauer:ca. 25 MinutenPersonenzahl:Max. 20 Personen pro FührungEintritt:12 € Abendkasse | 10 € VVKOrt:Stadtbibliothek im Neuen Ständehaus, Rotunde (EG)Beginn: jeweils um 18:00, 19:00, 20:00, 21:00, 22:00 und 23:00 Uhr.Fotos: Bruno Kelzer",https://kalender.karlsruhe.de/db/termine/literatur/kamuna_fuhrungen_durch_die_erinnerungsstatte
KAMUNA – 26. Karlsruher Museumsnacht,2025-08-02T18:00:00,Städtische Galerie Karlsruhe,"Lorenzstraße 27, 76135 Karlsruhe",49.0003576,8.3834933,"Wissen schafft VielfaltKAMUNA – 26. Karlsruher Museumsnacht02/08/2025, 18–24 UhrAm 2. August 2025 öffnen die Karlsruher Museen ihre Türen für eineNacht voller Kunst, Kultur und Entdeckungen: in der SGK mit vielfältigemProgramm in den Ausstellungen „gute aussichten – junge deutschefotografie 2023/2024“, „Lea Gocht. anhedonia II“ und „Update! DieSammlung neu sichten – Szenenwechsel 3“.? Weitere Informationen unter www.kamuna.de",https://kalender.karlsruhe.de/db/termine/ausstellungen/kamuna_26_karlsruher_museumsnacht
Hinter dem Roten Turm (per Rad) - Terra incognita zwischen Bannwaldallee u. Bahngleisen,2025-08-02T15:00:00,Straßenbahnhaltestelle Kühler Krug,76185 Karlsruhe (Weststadt),,,"Stadtführungen einmal anders - spannend, informativ und immer überraschend! Die Führungen von stattreisen Karlsruhe 
e.V. ermöglichen neue 
Einblicke in Geschichte und Architektur, in das Alltagsleben früherer Zeiten - und in verborgene Ecken und Winkel
der Stadt, die Einheimische und Gäste der Stadt gleichermaßen faszinieren.Anmeldung und Informationen zur Teilnahmegebühr auf der Website!",https://kalender.karlsruhe.de/db/termine/stadtleben/hinter_dem_roten_turm_per_rad_terra-4
Durlacher Seniorennachmittag,2025-08-02T14:00:00,Schlossgarten Durlach,"Schlossgarten Durlach,  Durlach",48.996263,8.4748438,Das Stadtamt Durlach und das Seniorenbüro der Stadt Karlsruhe laden Seniorinnen und Senioren herzlich zum diesjährigen Seniorennachmittag ein. Neben musikalischen Darbietungen werden Kaffee und Kuchen serviert. Bei schlechtem Wetter findet die Veranstaltung in der Festhalle Durlach statt.,https://kalender.karlsruhe.de/db/termine/stadtleben/durlacher_seniorennachmittag-1
Pettersson zeltet (ab 5),2025-08-02T14:00:00,marotte Theater,"Kaiserallee 11, 76133 Karlsruhe",49.0102313,8.3851507,"Der alte Pettersson will mit seinem Kater Findus angeln gehen. Auf seinem Dachboden hat Pettersson eine Flitzebogenwurfangel erfunden und will sie nun mit Findus am See ausprobieren.
Das Zelt nehmen sie auch gleich mit, um einen Ausflug in die Berge zu machen.
Aber aus der Zeltidylle wird nichts! Und das nur wegen der blöden Hühner, die partout auch ausprobieren wollen, wie das ist, in einem Zelt zu schlafen.Spiel: Thomas Hänsel
Regie: Jörg Brettschneider",https://kalender.karlsruhe.de/db/termine/theater/pettersson_zeltet_ab5n-12
Seniorennachmittag,2025-08-02T13:30:00,Schlossgarten Durlach,"Schlossgarten Durlach,  Durlach",48.996263,8.4748438,"Das
Stadtamt Durlach und das Seniorenbüro der Stadt Karlsruhe laden Seniorinnen und
Senioren herzlich zum diesjährigen Seniorennachmittag am2. August 2025, um 14:00 Uhr, in den Schlossgarten Durlachein. Neben
musikalischen Darbietungen werden Kaffee und Kuchen serviert. Bei schlechtem
Wetter findet die Veranstaltung in der Festhalle Durlach statt.Anmeldefrist: Donnerstag, 24. Juli 2025Ihre
Anmeldung richten Sie bitte per E-Mail oder telefonisch an:Stadtamt
Durlach, Sekretariat der Abteilung Jugend und Soziales,E-Mail:jus@durlach.karlsruhe.de,
Telefon: 0721/133-1917",https://kalender.karlsruhe.de/db/termine/stadtleben/seniorennachmittag-3
Aktwechsel – 35mm Workshop,2025-08-02T13:00:00,"Blauer Salon in der HfG Karlsruhe (EG, R012)","Lorenzstraße 15, 76135 Karlsruhe",49.0020695,8.3836683,"Vor rund einem Jahrzehnt hat die Digitalisierung die Kinolandschaft abrupt und
vollständig verändert. Innerhalb kurzer Zeit wurden Filme nicht mehr als Filmrollen in die
Kinos geliefert, sondern im damals neuen Standardformat DCP (Digital Cinema Package):
zunächst auf Festplatten und mittlerweile hauptsächlich als Download. Obwohl die
digitale Projektion viele Vorteile bietet, legt das Kino im Blauen Salon großen Wert
darauf, die Tradition der analogen Filmvorführung fortzuführen.Dass unser Publikum die Liebe zum Analogen zu schätzen weiß, ist uns nicht entgangen.
Der Vorführraum, der geheime Ort, wo das Licht herkommt, wurde schon öfter auf
Nachfrage geöffnet. Doch von nun an werden hier offene Türen eingerannt, kommt vorbei
zum Workshop und legt mit Hand an, wenn es heißt FILM AB!!!Der Workshop bietet folgende Inhalte:einen detaillierten Blick hinter die Kulissen der analogen Filmvorführungeine Einführung in die Geschichte der Filmvorführung und zur BestimmungverschiedenerFilmmaterialien, Bild- und Tonformate sowie deren unterschiedliche Handhabung.die Befundung des Filmmaterials und Vorbereitung für die Vorführungeigenhändiges Einlegen und Vorführen des analogen FilmmaterialsAnmeldungen per Mail:info@kinoimblauensalon.deSamstag, 5. Juli 2025, 13 - 17 Uhr
Samstag, 2. August 2025 , 13 -17 Uhr
Blauer Salon, Raum 012, HfG KarlsruheDas Kino im Blauen Salon ist das studentische Kino der HfG Karlsruhe. Die
Programmarbeit der Studierenden wurde im vergangenen Jahr von der Deutschen
Kinemathek mit dem 1. Preis in der Kategorie “Kino das zurückblickt” ausgezeichnet.Mehr zur Filmreihe im Sommersemester 2025:In diesem Sommer richtet sich der Fokus auf die Poesie, das liegt nahe, denn die
Nächte werden länger, der Horizont endlos und es liegt etwas in der Luft... doch was
hat das Kino mit Poesie zu tun?! Findet es heraus in der Filmreihe „Cinema Poetico“,
einer Welt multipler Erzählstränge, mäandernder Perspektiven, visueller Umwege
und alldem, was zwischen den Zeilen liegt. Die Reihe präsentiert eine
handverlesene Auswahl von Klassikern und versteckten Perlen, die die stillen
Abzweigungen des Kinos bilden.Zudem gibt es nächtliche Exkurse mit den „Midnight Movies“, ein kuratiertes
Vorprogramm aus experimentellen Kurzfilmen, Specials, Gäste und als Highlight des
Kino-Jahres natürlich das Open Air Kino vor der HfG unter dem Motto “Freiheit im
Wandel”.Veranstaltungen im Sommersemester:11.04. Solaris (1972)21.04. The Night of the Hunter (1955)05.05. News from Home (1976)19.05. Tokyo Monogatari (1953)23.05. 12 Angry Men (1957)24.05. Touki Bouki (1973)25.05. Orlando (1992)29.05. Die allseitig reduzierte Persönlichkeit – Redupers (1978)
30.05. Kult Sneak31.05. Der Letzte Mann (1924) - Stummfilm mit Live-Musik01.06. Pippi außer Rand und Band (1970)04.06. The Archiveology of Cinema (in Anwesenheit des Regisseurs)
13.06. Audition (1999)27.06. Chihiros Reise ins Zauberland (2001)05.07. Aktwechsel - 35mm Workshop07.07. L’Eclisse (1962)18.07. Die Simpsons – Der Film (2007)
21.07. Sicilia! (1999)02.08. Aktwechsel - 35mm WorkshopMehr Infos unter www.kinoimblauensalon.de",https://kalender.karlsruhe.de/db/termine/aktwechsel_35mm_workshop-3
Pettersson zeltet (ab 5),2025-08-02T11:00:00,marotte Theater,"Kaiserallee 11, 76133 Karlsruhe",49.0102313,8.3851507,"Der alte Pettersson will mit seinem Kater Findus angeln gehen. Auf seinem Dachboden hat Pettersson eine Flitzebogenwurfangel erfunden und will sie nun mit Findus am See ausprobieren.
Das Zelt nehmen sie auch gleich mit, um einen Ausflug in die Berge zu machen.
Aber aus der Zeltidylle wird nichts! Und das nur wegen der blöden Hühner, die partout auch ausprobieren wollen, wie das ist, in einem Zelt zu schlafen.Spiel: Thomas Hänsel
Regie: Jörg Brettschneider",https://kalender.karlsruhe.de/db/termine/theater/pettersson_zeltet_ab5n-11
Heimatstadt Karlsruhe Stadtführung,2025-08-02T11:00:00,Tourist-Information am Marktplatz,"Kaiserstraße 72-74, 76133 Karlsruhe",49.0097995,8.4041251,"Trotz seinen gerade einmal 300 Jahren blickt Karlsruhe auf eine bewegte Vergangenheit zurück. Als barocke Planstadt ein Novum seiner Zeit, hat sich die Stadt diesen Pioniergeist bis heute erhalten. Unterwegs mit unseren Stadtführern erfahren Sie alles über die Entstehung Karlsruhes und den Werdegang der Stadt zu einem wichtigen Kultur- und Innovationsstandort. Gespickt mit witzigen Anekdoten und den persönlichen Geheimtipps unserer besten Stadtkenner wird jede Führung ein besonderes Erlebnis.",https://kalender.karlsruhe.de/db/termine/stadtleben/heimatstadt_karlsruhe_stadtfuhrung-345
Camera Acting Workshop für Kids und Jugendliche von 10 - 18 Jahren,2025-08-03T10:00:00,"Imagine, Schauspielschule für Kinder und Jugendliche","Ettlinger Straße5, 76133 Karlsruhe",,,"In unseren Camera Acting-Workshops könnt Ihr zwei Tage lang mit unserem Schauspielcoach vor der Kamera trainieren und erfahrt alles über die Tricks im Filmstudio. Mit viel Spaß lernt könnt ihr alles über das Spiel vor der Kamera, Markierungen und die verschiedenen Kameraeinstellungen. Ganz nebenbei bekommt ihr mit, wie man den Text richtig spricht und sich natürlich und frei vor der Kamera bewegt. Eure Spielszenen werden professionell aufgenommen und jeder erhält die geschnitten Szenen.Die Szenen lassen sich auch gut für Euer Showreel verwenden!",https://kalender.karlsruhe.de/db/termine/theater/camera_acting_workshop_fur_kids_und-3
Freies Tanzen Karlsruhe,2025-08-03T21:00:00,"Altes Stadion, KIT Campus Süd","Engesserstraße 17, 76131 Karlsruhe",49.011175,8.4146076,barfuss oder mit Tanzschuhen auf Parkettboden in der grossen Sporthalleimmer 2 DJ:Janes von zur Zeit 12 Aktivenkeine Anmeldung erforderlichkommt einfach zwischen 21-23 Uhr vorbeimit der Bitte um Geld-Einwurf in die am DJ Pult stehende Spendendose entsprechend eurer Wertschätzung,https://kalender.karlsruhe.de/db/termine/theater/freies_tanzen_karlsruhe-78
Internationaler Orgelsommer Karlsruhe,2025-08-03T20:30:00,Ev. Stadtkirche Karlsruhe,"Marktplatz, 76133 Karlsruhe",49.0089483,8.4038789,"4. Konzert mit Suzanne Z'Graggen, LuzernWerke von Bach, Pärt, SchumannDer Internationale Orgelsommer Karlsruhe – an sechs Sonntagen im Juli und August – ist seit Jahren ein Forum für herausragende Organistinnen und Organisten aus aller Welt. Die beiden hervorragenden Orgeln der Stadtkirche ermöglichen eine adäquate Umsetzung nahezu aller Stilbereiche.Vor jedem Orgelkonzert gibt es in der Talk-Runde „Das Blaue Sofa“ (19.30–20.00 Uhr) die Möglichkeit, mit dem Organisten des Abends ins Gespräch zu kommen und zugleich eine Einführung in das Konzertprogramm zu erhalten.Kartenvorverkauf:> www.tickets-stadtkirche.de> Musikhaus Schlaile, Kaiserstr. 175, Karlsruhe> Touristinformation Karlsruhe, Marktplatz> Buchhandlung Mächtlinger, Pfinztalstr. 36, Durlach",https://kalender.karlsruhe.de/db/termine/musik/internationaler_orgelsommer_karlsruhe-20
FABER,2025-08-03T20:00:00,Kulturzentrum Tollhaus,"Alter Schlachthof 35, 76131 Karlsruhe",49.0044252,8.4317094,"Seit seiner ersten EP ""Alles Gute"" geht der Schweizer Songwriter Faber durch die Decke. Er schreibt pointierte Texte, die mit zum klügsten und polarisierendsten gehören, was es aktuell zu hören gibt. Das führt Faber zu ausverkauften Tourneen und Headliner Slots auf geschmackssicheren Festivals – der Künstler wird von Kritik und Fans gleichermaßen gefeiert. Nach der Debut-EP erscheinen die Alben ""Sei ein Faber im Wind"" (2017) und ""I fucking love my life"" (2019) sowie das Livealbum-Album ""Orpheum"", das besonders unterstreicht, wie mitreissend, elegant und unverkopft anspruchsvoll Faber-Konzerte sind. Dabei singt Faber, der eigentlich Julian Vincenzo Pollina heißt, bisweilen auch italienisch, französisch oder schweizerdeutsch. 2024 erschien Fabers viertes Studioalbum Addio, das vermehrt elektronische Elemente, Chöre und orientalische Anleihen aufweist. Begleitet wird Faber von einer achtköpfigen Band mit Bläsern und Streichern.",https://kalender.karlsruhe.de/db/termine/musik/faber-1
Durlacher Kultursommer 2025,2025-08-03T19:00:00,Schlossgarten und Innenstadt,Schloßbezirk 10,49.0132247,8.4057615,"Adin Hassa liest aus seinem dritten und letzten Band aus dem Zyklus: „Eine Kindheit in Dorlach 1956“. Der Liedermacher, Geschichtenerzähler und ehemaliger Fernsehredakteur philosophiert über „s Ruddelgugge“, über „Ochs am Berg“, aber auch über Kulturdenkmäler und Kinos.",https://kalender.karlsruhe.de/db/termine/stadtleben/durlacher_kultursommer2025n-10
„gute aussichten – junge deutsche fotografie 2023/2024“,2025-08-03T15:15:00,Städtische Galerie Karlsruhe,"Lorenzstraße 27, 76135 Karlsruhe",49.0003576,8.3834933,"15/02 bis 10/08/2025Die Ausstellung „gute aussichten – junge deutsche fotografie2023/2024“ spannt einen weiten Bogen von KI-basierter Bildgenerierungüber das Ineinandergreifen von Realität und Virtuellem zu Zeitenvon Sozialen Medien bis hin zu labyrinthischen Beziehungsgeflechtenzwischen Politik, Landschaft und Biografien. Neben tradierten Themen,die sich im aktualisierten Gewand präsentieren, wie beispielsweise dieSelbstbefragung von Künstler*innen, sind es speziell die medialallgegenwärtigen Themen unserer Zeit, die von den sieben jungenKunstschaffenden aufgenommen und in ihren Konfliktpotenzialendemonstrativ vor Augen geführt werden.Die Kooperation mit „gute aussichten“, dem 2004 gegründeten Ausstellungsprojektzur Förderung junger Fotograf*innen in Deutschland,präsentiert in seiner zwanzigsten Edition erstmals auch in der SGK dievon einer Fachjury prämierten Projekte.Künstler*innen: Béla Avi Beinhold, Massimiliano Corteselli, Lea Greub,Matthias Grund, Lia Meret Lehmkuhl, Denisa Poteca, Maya Vieth",https://kalender.karlsruhe.de/db/termine/ausstellungen/gute_aussichten_junge_deutsche_fotografie20232024n-31
"Bunker, Mühlen, Wehre - Daxlanden und die Alb",2025-08-03T14:00:00,"Vor dem Bistro ""Dabb Nei""","Eckenerstraße 35, 76185 Karlsruhe",49.0014777,8.3454511,"Stadtführungen einmal anders - spannend, informativ und immer überraschend! Die Führungen von stattreisen Karlsruhe 
e.V. ermöglichen neue 
Einblicke in Geschichte und Architektur, in das Alltagsleben früherer Zeiten - und in verborgene Ecken und Winkel
der Stadt, die Einheimische und Gäste der Stadt gleichermaßen faszinieren.Anmeldung und Informationen zur Teilnahmegebühr auf der Website!",https://kalender.karlsruhe.de/db/termine/stadtleben/bunker_muhlen_wehre_daxlanden_und_die_alb-10
Durlacher Kultursommer 2025,2025-08-03T14:00:00,Schlossgarten Durlach,"Schlossgarten Durlach,  Durlach",48.996263,8.4748438,"Emotion, Groove und Leidenschaft – dafür steht Funkwerk. Die Band performt auserlesene Songs oder deren besondere, groovige Interpretationen, wie z. B. Incognito, Shaka Khan, Al Jarreau oder Electro Deluxe. Catalina Drive ist eine Formation mit erfahrenen Musikern aus dem Rhein-Neckar-Delta und Karlsruhe, die mit viel Phantasie und Spielfreude interpretieren.",https://kalender.karlsruhe.de/db/termine/stadtleben/durlacher_kultursommer2025n-9
"Furzipups, der Knatterdrache (ab 3)",2025-08-03T14:00:00,Waldzentrum Karlsruhe,"Linkenheimer Allee 10, 76131 Karlsruhe",49.0304857,8.4067057,"nach dem bekannten Kinderbuch von Kai LüftnerDer kleine Drache Furzipups, der zur Gattung der Knatterdrachen gehört, führt kein einfaches Leben. 
Im Gegensatz zu seinen Artgenossen gelingt ihm das Feuerspucken einfach überhaupt nicht. 
Dabei ist es sogar Pflicht für einen richtigen Drachen, dass er bei Gefahr Feuer spuckt. 
So sehr er es auch versucht, über ein paar kleine Rauchwölkchen kommt er nicht hinaus. Stattdessen kommt bei ihm immer nur ein dicker Pups..Spiel: Sebastian Kreutz   Regie: Thomas Hänsel",https://kalender.karlsruhe.de/db/termine/theater/furzipups_der_knatterdrache_ab3n-48
Offene Pforte 2025,2025-08-03T14:00:00,Private Gärten und Höfe der Offenen Pforte,,,,"Ein die ganze Vegetationszeit über blühender Hausgarten von 210 Quadratmetern, der vom Wohn- und Esszimmer aus gut im Blick liegt. Von hier aus ist auch die mittlerweile große Feige zu sehen, die eine üppige Ernte bringt. In verschiedene sonnige und schattige Staudenbereiche aufgeteilt, wird der Garten von einer Hainbuchenhecke eingefasst. Hinter dem Carport gibt es einen Nutzgarten mit Gemüse und Kräuterhochbeet. Rosen, Hortensien und Dahlien sind mit einer Vielzahl blühender Stauden und Gräsern gemischt und erzeugen ein buntes, lebhaftes Bild. Den Ursprung allen Lebens, das Element Wasser, bringen ein Quellstein und ein Hausbrunnen in den Garten.Wo?Heideweg 14 a, Stadtteil: Neureut-HeideWann?Sonntag, 3. August von 14 bis 18 UhrWer?Karin und Lothar Heß",https://kalender.karlsruhe.de/db/termine/stadtleben/offene_pforte2025n-23
Auf den Spuren der Karlsruher Fußballgeschichte,2025-08-03T14:00:00,City Tour durch Karlsruhe,,,,"Diese ganz besondere Stadtführung per Rad beginnt am Carl-Friedrich-Denkmal zwischen Marktplatz und Schloß.Die ca. 2 -stündige Fahrradtour dreht sich ganz um das Thema Fußball in Karlsruhe von der Geschichte bis in die Gegenwart.Wildparkstadion, Engländerplatz sowie das ehemalige KFV Stadion an der Herzstrasse werden angefahren.Die  Teilnehmern dieser interessanten Fahrradtour erfahren viel über die ehemaligen Fußballspieler Gottfried Fuchs, Julius Hirsch, Walther Bensemann und anderen bekanntenFußballspieler, die zu der Entwicklung des Fußballs in Karlsruhe viel beigetragen haben.Auch die Dauerausstellung ""Ein Stadion schreibt Geschichte"" im angrenzenden Altersheim ""Karlsruher Weg"" ist Bestandteil der Fahrradtour.Auch für Gruppen ist diese Führung nach Absprache mit dem Veranstalter jederzeit möglich.Anmeldung erforderlich unter: Marc.Fischer@boservice.org oder Telefon: 0721/91679888 mobil: 01702935072Preise:Erwachsene: Euro 15,00Kinder und Jugendliche 6-14 Jahre: freiInternet: www.stadtfuehrungen-karlsruhe.de",https://kalender.karlsruhe.de/db/termine/stadtleben/auf_den_spuren_der_karlsruher_fuballgeschichte-26
"""Tag der offenen Tür"" im Badischen Schulmuseum Karlsruhe",2025-08-03T13:00:00,"Badisches Schulmuseum Karlsruhe, Waldenserschule Palmbach","Henri-Arnaud-Straße 7, 76228 Kalsruhe - Palmbach",,,"Zum einem""Tag der offenen Tür""lädt das Badische Schulmuseum in die ehemalige Waldenserschule in den Stadtteil Palmbach ein.Betreten Sie eine Welt, in der Schiefertafel, Fibel, Feder und Tintenfass einst treue Begleiter im Unterricht waren - heute wirken sie im Zeitalter von Laptops, Handys und Co. wie Relikte aus einer anderen Zeit. Er erwartet Sie ein historisches Klassenzimmer aus früherer Zeit und ein Klassenzimmer aus den 50er Jahren sowie eine liebevoll eingerichtete Lehrerwohnung ""anno 1890"" im Dachgeschoss. Darüber hinaus Exponate zu den Themen Schule und Religion.Ein historisches Highlight ist dasSchulwandbild ""Palmbacher Märchenwelt""von 1929, erschaffen vom bekannten deutschen Maler Hans Fischer-Schuppach.Gerne begrüßen wir Sie bei Kaffee und Kuchen im Schulmuseum.Für Besuchergruppen und Schulklassen vereinbaren wir gerne Termine für einen historischen Schulunterricht bei Fräulein Lehrerin.Bei einem Besuch in Palmbach können Sie außerdem den örtlichen Waldenserweg erkunden. Siehe www.waldenserweg.de",https://kalender.karlsruhe.de/db/termine/stadtleben/tag_der_offenen_tur_im_badischen_schulmuseum_karlsruhe-2
Wasserspiele,2025-08-03T13:00:00,Naturschutzzentrum Karlsruhe-Rappenwört,"Hermann-Schneider-Allee 47, 76189 Karlsruhe",48.9961878,8.3035929,"Heute heißt es wieder „Wasser marsch“ an unserem 
Wasser-Experimentierfeld. Es sind alle willkommen, die gerne im und mit 
Wasser spielen. Der Wassererlebnis-Nachmittag wird von einer 
pädagogischen Fachkraft betreut, die den kleinen und großen Bastlern 
gerne mit Rat und Tat zur Seite steht.Leitung:Gudrun Löffler, NaturpädagoginTeilnahmegebühr:4,00 € / PersonAnmeldung bis10.07.2025 erforderlich.",https://kalender.karlsruhe.de/db/termine/stadtleben/wasserspiele-16
Karlsruhe - Fußballhauptstadt Deutschlands?,2025-08-03T11:00:00,Schlossplatz - Karl-Friedrich-Denkmal,"Schlossplatz, 76133 Karlsruhe",49.0122214,8.40416,"Stadtführungen einmal anders - spannend, informativ und immer überraschend! Die Führungen von stattreisen Karlsruhe 
e.V. ermöglichen neue 
Einblicke in Geschichte und Architektur, in das Alltagsleben früherer Zeiten - und in verborgene Ecken und Winkel
der Stadt, die Einheimische und Gäste der Stadt gleichermaßen faszinieren.Anmeldung und Informationen zur Teilnahmegebühr auf der Website!",https://kalender.karlsruhe.de/db/termine/stadtleben/karlsruhe_fuballhauptstadt_deutschlands-6
"Furzipups, der Knatterdrache (ab 3)",2025-08-03T11:00:00,Waldzentrum Karlsruhe,"Linkenheimer Allee 10, 76131 Karlsruhe",49.0304857,8.4067057,"nach dem bekannten Kinderbuch von Kai LüftnerDer kleine Drache Furzipups, der zur Gattung der Knatterdrachen gehört, führt kein einfaches Leben. 
Im Gegensatz zu seinen Artgenossen gelingt ihm das Feuerspucken einfach überhaupt nicht. 
Dabei ist es sogar Pflicht für einen richtigen Drachen, dass er bei Gefahr Feuer spuckt. 
So sehr er es auch versucht, über ein paar kleine Rauchwölkchen kommt er nicht hinaus. Stattdessen kommt bei ihm immer nur ein dicker Pups..Spiel: Sebastian Kreutz   Regie: Thomas Hänsel",https://kalender.karlsruhe.de/db/termine/theater/furzipups_der_knatterdrache_ab3n-47
Kostümführung,2025-08-03T11:00:00,Durlach,Durlach Innenstadt,,,"Als Erfinderin dieses Rundgangs schlüpfe ich gerne selbst in die von mir geschöpften Rolle der „Weißen Frau vom Turmberg“, Durlachs hauseigener Sagen- und Legendenfigur. Dabei könnt ihr Zeugen werden der schaurigen Überlieferungen vergangener Zeiten auf meinem Streifzug rings um den Durlacher Turmberg, sowie des Volksglaubens, der tief im Bewusstsein der Bevölkerung verwurzelt ist. Auf spannende Weise könnt ihr bei dieser Führung alle wichtigen historischen Begebenheiten über die Besiedlung des Turmbergs und seiner ersten Bewohner, der geologischen Besonderheit des Turmbergs, des Turmbergbähnles und seiner Gastronomieentwicklung, über die Durlacher Schützen und einiger gruseligen Geschichten rund um die ""Weiße Frau vom Turmberg"" selbst erhalten.Treffpunkt:Turmbergterrasse neben der Bergstation der ehemaligen Turmbergbahn.Dauer: 2 StundenEmpfehlung:Wetterfeste Kleidung und gutes Schuhwerk für das unebene Terrain rund um den Turmberg.Wichtig: Für diese Führung ist eine verbindliche Voranmeldung erforderlich unter:Telefon: 0721 9483404 oder per Email: kulturmanagement@email.dePreis pro Gast: 18,00 €, ermäßigt 14 (bitte möglichst passend bereit halten)Mindestteilnehmerzahl: 3 Gäste, maximal 25 Gäste. Es gilt die Reihenfolge der Anmeldung.Gruppentermine können gerne in Absprache vereinbart werden.Ihre Daten dienen nur der Anmeldeübersicht oder für eventuelle unvorhergesehene wichtige Informationen. Alle aufgenommenen Daten werden unmittelbar nach Beendigung der bezahlten Führung wieder gelöscht.Die Führung findet bei (fast) jedem Wetter statt und wird nur aufgrund von außergewöhnlichen Ereignissen abgesagt.Es gelten meine Datenschutz- und AGB-Bestimmungen, die auf Wunsch zugesandt werden. Änderungen bleiben vorbehalten.",https://kalender.karlsruhe.de/db/termine/stadtleben/kostumfuhrung-35
Heimatstadt Karlsruhe Stadtführung,2025-08-03T11:00:00,Tourist-Information am Marktplatz,"Kaiserstraße 72-74, 76133 Karlsruhe",49.0097995,8.4041251,"Trotz seinen gerade einmal 300 Jahren blickt Karlsruhe auf eine bewegte Vergangenheit zurück. Als barocke Planstadt ein Novum seiner Zeit, hat sich die Stadt diesen Pioniergeist bis heute erhalten. Unterwegs mit unseren Stadtführern erfahren Sie alles über die Entstehung Karlsruhes und den Werdegang der Stadt zu einem wichtigen Kultur- und Innovationsstandort. Gespickt mit witzigen Anekdoten und den persönlichen Geheimtipps unserer besten Stadtkenner wird jede Führung ein besonderes Erlebnis.",https://kalender.karlsruhe.de/db/termine/stadtleben/heimatstadt_karlsruhe_stadtfuhrung-346
Eine von mehreren Sternwanderungen nach Waldbronn,2025-08-03T08:00:00,Haltestelle Durlach-Turmberg,,,,"Streckenverlauf: Durlach - Hohenwettersbach - Palmbach - WaldbronnReine Wanderzeit: 3,5 Stunden, Treff mit anderen Wandergruppen ab 12 Uhr in WaldbronnKörperliche Anforderung:MittelKilometer Wegstrecke:11Höhenmeter:210 auf, 90 abÖPNV: D-Ticket oder KVV Tageskarte 4 Waben",https://kalender.karlsruhe.de/db/termine/sportveranstaltung/eine_von_mehreren_sternwanderungen_nach_waldbronn
Heimatstadt Karlsruhe Stadtführung,2025-08-04T14:00:00,Tourist-Information am Marktplatz,"Kaiserstraße 72-74, 76133 Karlsruhe",49.0097995,8.4041251,"Trotz seinen gerade einmal 300 Jahren blickt Karlsruhe auf eine bewegte Vergangenheit zurück. Als barocke Planstadt ein Novum seiner Zeit, hat sich die Stadt diesen Pioniergeist bis heute erhalten. Unterwegs mit unseren Stadtführern erfahren Sie alles über die Entstehung Karlsruhes und den Werdegang der Stadt zu einem wichtigen Kultur- und Innovationsstandort. Gespickt mit witzigen Anekdoten und den persönlichen Geheimtipps unserer besten Stadtkenner wird jede Führung ein besonderes Erlebnis.",https://kalender.karlsruhe.de/db/termine/stadtleben/heimatstadt_karlsruhe_stadtfuhrung-285
Theaterworkshop:Ferien in Fantasia!,2025-08-08T09:00:00,"Imagine, Schauspielschule für Kinder und Jugendliche","Ettlinger Straße5, 76133 Karlsruhe",,,"5 Tage Ferienspaß beim Theaterspielen!Wohin fahrt ihr in den Ferien? Auf den Mond? Auf eine Pirateninsel? Alles ist möglich!In unserem Theaterworkshop machen wir eine Reise ins Reich der Fantasie. Ihr könnt alles machen, überall hinfahren und alles sein, was ihr wollt. Ihr müsst es nur erfinden. Gemeinsam erobern wir die Bretter, die die Welt bedeuten und zeigen am Ende, was wir dort erlebt haben.Der Theaterkurs soll vor allem die Lust am Spiel, den Mut und das Selbstvertrauen wecken, sich in verschiedenen Rollen selbst zu entdecken.Ladet Eure Freunde und Familie zur Abschlussaufführung ein!",https://kalender.karlsruhe.de/db/termine/theater/theaterworkshopferien_in_fantasia-9
Ferien im Hallenbau – Workshop und Open Space in Kooperation mit ZKM und Kunsthalle Karlsruhe,2025-08-08T09:00:00,Städtische Galerie Karlsruhe,"Lorenzstraße 27, 76135 Karlsruhe",49.0003576,8.3834933,"Ihr habt Lust, in den Ferien gemeinsam mit anderen kreativ zu werden? Dann kommt zu uns in den Hallenbau! Eine Woche lang könnt ihr euch in unseren Workshops künstlerisch austoben und dabei gleich drei Museen kennenlernen! Die Staatliche Kunsthalle, die Städtische Galerie und das ZKM freuen sich auf jede Menge Kunstspaß mit euch!In unserem Vormittagsprogramm seid ihr Teil einer festen Gruppe, in der ihr euch frei mit unterschiedlichen Medien und Techniken ausprobieren könnt.Termin: 04/08 - 08.08.2025, 9-13 UhrKosten: 80 € (mit Karlsruher Kinderpass 26,70 €)Anmeldung und weitere Infos unter: workshops@zkm.de",https://kalender.karlsruhe.de/db/termine/ausstellungen/ferien_im_hallenbau_workshop_und_open
Rundgang Areal Alter Schlachthof Karlsruhe,2025-08-03T14:00:00,Alte Fleischmarkthalle - Schlachthofgelände,"Durlacher Allee 62, 76131 Karlsruhe",49.0052381,8.4366958,"Alter Schlachthof – KreativparkEin spannendes Areal, eine spannende Führung!Weshalb ist der Kreativpark Alter Schlachthof so besonders?Kaldaunenwäsche, rote Roben des Bundesverfassungsgerichts, Schlosslichtspiele, Planetarium...Was haben alle diese Dinge mit dem Areal des Alten Schlachthofs zu tun?Neugierig?Erfahren Sie bei unserer Tour wie alles begann, nämlich als Schlachthof, bis hin zum heutigen Kreativpark der sich noch immer weiterentwickelt und interessante Nachbarn wie z. B. das Schloss Gottesaue hat.Erleben Sie die besondere Atmosphäre auf diesem 7ha großen Areal bei einer ca. 1,5-stündigen Führung mit vielen Erzählungen bei dem Sie unter vielem anderen auch erfahren weshalb es dort spukt ...Mehr wird aber noch nicht verraten.Auch andere Termine sind auf Anfrage jederzeit möglich.Wer anschließend einkehren möchte findet ebenfalls zahlreiche Möglichkeiten, gerne geben wir auch hierzu Tipps.Start des Rundgangs direkt an der Durlacher Allee,  Kreuzung Tullastrasse, an den großen Buchstaben "" Alter Schlachthof "".Mindestteilnehmer: 6 PersonenUm Anmeldung wird gebetenPreis: 10,- Euro pro PersonTermine und weitere Infos: 0721 91679888 oder 01702935072http://stadtfuehrungen-karlsruhe.de",https://kalender.karlsruhe.de/db/termine/stadtleben/rundgang_areal_alter_schlachthof_karlsruhe-270
Rundgang Areal Alter Schlachthof Karlsruhe,2025-07-27T14:00:00,Alte Fleischmarkthalle - Schlachthofgelände,"Durlacher Allee 62, 76131 Karlsruhe",49.0052381,8.4366958,"Alter Schlachthof – KreativparkEin spannendes Areal, eine spannende Führung!Weshalb ist der Kreativpark Alter Schlachthof so besonders?Kaldaunenwäsche, rote Roben des Bundesverfassungsgerichts, Schlosslichtspiele, Planetarium...Was haben alle diese Dinge mit dem Areal des Alten Schlachthofs zu tun?Neugierig?Erfahren Sie bei unserer Tour wie alles begann, nämlich als Schlachthof, bis hin zum heutigen Kreativpark der sich noch immer weiterentwickelt und interessante Nachbarn wie z. B. das Schloss Gottesaue hat.Erleben Sie die besondere Atmosphäre auf diesem 7ha großen Areal bei einer ca. 1,5-stündigen Führung mit vielen Erzählungen bei dem Sie unter vielem anderen auch erfahren weshalb es dort spukt ...Mehr wird aber noch nicht verraten.Auch andere Termine sind auf Anfrage jederzeit möglich.Wer anschließend einkehren möchte findet ebenfalls zahlreiche Möglichkeiten, gerne geben wir auch hierzu Tipps.Start des Rundgangs direkt an der Durlacher Allee,  Kreuzung Tullastrasse, an den großen Buchstaben "" Alter Schlachthof "".Mindestteilnehmer: 6 PersonenUm Anmeldung wird gebetenPreis: 10,- Euro pro PersonTermine und weitere Infos: 0721 91679888 oder 01702935072http://stadtfuehrungen-karlsruhe.de",https://kalender.karlsruhe.de/db/termine/stadtleben/rundgang_areal_alter_schlachthof_karlsruhe-268
Walking Gruppe in de Waldstadt - Wir bringen sie in Bewegung,2025-07-25T18:00:00,Mitmach-Laden Waldstadt,"Königsberger Straße 37, 76139 Karlsruhe",49.0318631,8.4394017,"Das BewegungsCafe Karlsruhe möchte eine Walking-Gruppe in der Waldstadt aufbauen. Gesucht werden Menschen, die sich gerne gemeinsam an der frischen Luft bewegen möchten – ganz ohne Leistungsdruck.

Treffpunkt soll der MitmachLaden in der Königsberger Straße 37 sein. 

Bei Interesse einfach melden – wir bringen die Gruppe zusammen.",https://kalender.karlsruhe.de/db/termine/sportveranstaltung/walking_gruppe_in_de_waldstadt_wir_bringen
That's what She says,2025-07-23T18:00:00,KIT-Fakultät für Architektur,"Englerstraße 7, 76131 Karlsruhe",49.0111461,8.4106476,"Architekturstudierende sind überwiegend weiblich. Doch dort, wo 
entschieden, geforscht, gelehrt und geleitet wird, sind Architektinnen 
nach wie vor unterrepräsentiert.Zeit, das auch innerhalb des KITs zu ändern!In einem offenen Talkformat im Gartenhof des Architekturgebäudes 
bringen wir Architektinnen, Forscherinnen und Professorinnen auf die 
Bühne und laden alle Mitglieder der Fakultät ein, zuzuhören und sich 
auszutauschen.Es geht um Wege, Umwege und Widerstände – und um das, was SIE zu 
sagen hat. Ein Format für alle, die nicht unterbrechen oder erklären, 
sondern zuhören, Austausch suchen und Role Models finden wollen.mit:Prof.‘in Dr. Anna-Maria MeisterProf.’in Johanna Meyer-GrohbrüggeFrancesca TorzoDr. Katharina Voigt+Irene Gazillo & Hannah Knoop",https://kalender.karlsruhe.de/db/termine/architektur/thats_what_she_says
Information zur Neugestaltung des Kleinkinderspielplatzes im Zoologischen Stadtgarten,2025-07-22T15:30:00,Zoologischer Stadtgarten,"Festplatz 7, 76137 Karlsruhe",49.0017172,8.4000128,"Das Gartenbauamt lädt alle interessierten Kinder, Eltern und Anwohner*innen zu
einer Infoveranstaltung in den Zoologischen Stadtgarten ein. Der
Kleinkinderspielplatz soll erneuert werden. Dabei werden die ersten Ideen
vorgestellt und gemeinsam besprochen. Treffpunkt ist der Zentralspielplatz im
Stadtgarten.",https://kalender.karlsruhe.de/db/termine/stadtleben/information_zur_neugestaltung_des_kleinkinderspielplatz
Bücherblitz im Turmbergbad -- ENTFÄLLT --,2025-07-22T14:00:00,Durlach,Durlach Innenstadt,,,"Wir sind mit unserem Lastenfahrrad ""Bücherblitz"" im Turmbergbad Durlach und sorgen mit einer bunten Medienauswahl für Unterhaltung zwischendurch. An einzelnen Terminen bieten wir auch Vorlesen und andere Aktionen an. Kommt vorbei!  -- ENTFÄLLT --Zielgruppe:alle InteressiertenOrt:Turmbergbad Durlach, Alte Weingartener Str. 40, 76227 KarlsruheFoto: AdobeStock - zamuruev",https://kalender.karlsruhe.de/db/termine/literatur/bucherblitz_im_turmbergbad_entfallt_-3
KOLINGA,2025-08-05T20:30:00,Kulturzentrum Tollhaus,"Alter Schlachthof 35, 76131 Karlsruhe",49.0044252,8.4317094,"Für einen Mix aus Pop, Soul, Jazz, Hip-Hop, Folk, Rock und kongolesischem Rumba stehen Kolinga, die ursprünglich als Duo von Rébecca M’Boungou und Arnaud Estor gegründet wurden und sich mittlerweile zu einem Sextett entwickelt haben. Kolinga bedeutet verbinden oder auch lieben auf Lingala, der Hauptsprache der Demokratischen Republik Kongo. Rébecca M’Boungou hat kongolesische Wurzeln und ist aufgewachsen im Südwesten Frankreichs. Das Leben zwischen zwei Kulturen prägt ihre emotionale Musik, die sinnlich, virtuos und elegant ist und direkt in die Beine geht. Das 2022 erschienene Album „Legacy“ erzählt von Rébeccas Geschichte, ihrem familiären, persönlichen und spirituellen Erbe und von polyphoner Identität, von Erinnerungen an die Geschichte und der entwurzelten Gegenwart. Dabei ist die Musik voll betörender Virtuosität, mitreißender Grooves Grooves und farbenreicher Instrumentierung, über der die seidene Stimme von Frontfrau Rébecca M’Boungou wunderbar zum Tragen kommt.",https://kalender.karlsruhe.de/db/termine/musik/kolinga
Checkpoint Karlsruhe | 05.08.2025,2025-08-05T18:30:00,AIDS-Hilfe Karlsruhe e.V. - Zentrum für sexuelle Gesundheit,"Sophienstraße 102, 76135 Karlsruhe",49.0080257,8.3825952,"Jeden Dienstagabend von 18:30 - 20:00 Uhr können Sie sich in unserem Checkpoint auf HIVund andere sexuell übertragbare Infektionen (STI)testen lassen.Testung nur mit telefonischer Anmeldung unter 0721 / 35 48 16 0Hinweis: Bei Symptomen (z.B. Juckreiz, Ausfluss) bitte direkt in ärztliche Behandlung begeben. Wir sind KEINE ärztliche Einrichtung!Der Zugang ist barrierefrei!ZeSIA Karlsruhe | Sophienstraße 102, 76135 KarlsruheWeitere Infos unter: www.zesia-ka.de",https://kalender.karlsruhe.de/db/termine/checkpoint_karlsruhe05082025n
Erklärfilme und Comictutorials leicht gemacht,2025-08-05T17:00:00,Badische Landesbibliothek,"Erbprinzenstraße 15, 76133 Karlsruhe",49.0077978,8.3988823,"Kurze Videos im
Comicstil und Erklärfilme lockern jedes Referat auf. Aber wie gestalte ich sie
so, dass ich meine Zuschauer fessle und die Inhalte gut vermittle? Wir
erarbeiten Grundwissen zum Storytelling und testen eine
Videoerstellungssoftware in der freien Version.Anmeldung erforderlich bis zum 1.8.2025Veranstaltungsort: Seminarraum in der Lernwerkstatt",https://kalender.karlsruhe.de/db/termine/literatur/erklarfilme_und_comictutorials_leicht_gemacht-3
Experimente (5–7 Jahre): Licht,2025-08-05T15:30:00,Staatliches Museum für Naturkunde Karlsruhe,"Erbprinzenstraße 13, 76133 Karlsruhe",49.0069855,8.4001442,Naturwissenschaftliche Experimente für KinderUnsere Experimentekurse für 5- bis 7-Jährige – hier können Kinder verschiedene Themen aus den Naturwissenschaften spielerisch erforschen.Nach acht besuchten Kursen erhalten die Kinder ein Diplom.Mit freundlicher Unterstützung der Jugendstiftung der Sparkasse Karlsruhe.Dauer: ¾ StundeKosten inkl. Eintritt und MaterialAnmeldung online ab 18. Juni möglich,https://kalender.karlsruhe.de/db/termine/ausstellungen/experimente_57_jahre_licht-1
Experimente (5–7 Jahre): Licht,2025-08-05T14:30:00,Staatliches Museum für Naturkunde Karlsruhe,"Erbprinzenstraße 13, 76133 Karlsruhe",49.0069855,8.4001442,Naturwissenschaftliche Experimente für KinderUnsere Experimentekurse für 5- bis 7-Jährige – hier können Kinder verschiedene Themen aus den Naturwissenschaften spielerisch erforschen.Nach acht besuchten Kursen erhalten die Kinder ein Diplom.Mit freundlicher Unterstützung der Jugendstiftung der Sparkasse Karlsruhe.Dauer: ¾ StundeKosten inkl. Eintritt und MaterialAnmeldung online ab 18. Juni möglich,https://kalender.karlsruhe.de/db/termine/ausstellungen/experimente_57_jahre_licht
Ferienprogramm (8–10 Jahre): Wandertag der Tiere,2025-08-05T10:00:00,Staatliches Museum für Naturkunde Karlsruhe,"Erbprinzenstraße 13, 76133 Karlsruhe",49.0069855,8.4001442,Ferienprogramm für 8- bis 10-JährigeDauer: 3 Std.Anmeldung online ab 18. Juni möglich,https://kalender.karlsruhe.de/db/termine/ausstellungen/ferienprogramm_810_jahre_wandertag_der_tiere
Sprechstunde: Einfach digital!,2025-08-05T10:00:00,Stadtbibliothek Karlsruhe - Stadtbibliothek im Neuen Ständehaus,"Ständehausstraße 2, 76133 Karlsruhe",49.0089211,8.4003588,"Sie haben Fragen zu Ihrem Smartphone oder einer App? Ihr Tablet 
bereitet Ihnen Kopfzerbrechen? Das neue Update will einfach nicht 
funktionieren? In eineroffenen Sprechstunde jeden Dienstaghilft ein*e 
Mitarbeiter*in der Stadtbibliothek bei Problemenrund um Ihre digitalen 
Endgeräte(Smartphone, Tablet oder Laptop) und deren Nutzung.Bei Fragen zu unserer 
Online-Bibliothek ""Onleihe"" oder der Nutzung von E-Book-Readern besuchen
 Sie bitte unsere Onleihe-Sprechstunde jeden Mittwoch und Donnerstag.Zielgruppe:alle Menschen mit Fragen rund ums SmartphoneAnmeldung:ohne AnmeldungEintritt:kostenfreiOrt:Stadtbibliothek im Neuen Ständehaus, Infotheke im 1. OG",https://kalender.karlsruhe.de/db/termine/literatur/sprechstunde_einfach_digital-30
Dein Naturtagebuch,2025-08-05T09:30:00,Naturschutzzentrum Karlsruhe-Rappenwört,"Hermann-Schneider-Allee 47, 76189 Karlsruhe",48.9961878,8.3035929,"Erlebe die Natur mit allen Sinnen und lege dir dein persönliches Naturtagebuch an.Gemeinsam erkunden wir die Natur auf kreative Weise und folgen unserer Neugierde. Unsere Entdeckungen halten wir mit Stift und Papier fest. Dabei wirst du lernen, wie du dir dein eigenes Naturtagebuch (oder: Nature Journal) anlegen kannst. Die Natur steckt voller spannender Details, die darauf warten von dir entdeckt zu werden.Hinweis: Es geht nicht darum perfekte Zeichnungen anzufertigen. Im Vordergrund stehen die eigenen Beobachtungen und Wahrnehmungen, welche einen Weg ins Naturtagebuch finden sollen.Gerne kannst Du deine eigenen Stifte mitbringen und denke an wetterangepasste Kleidung und ein Vesper.Leitung:Lia RumpfKostenbeitrag:49 € + 3 € Materialkosten pro Kind für 2 TageAnmeldung mit Vorabüberweisung der Teilnehmegebühr bis 30.07.25 erforderlich.",https://kalender.karlsruhe.de/db/termine/stadtleben/dein_naturtagebuch-1
Stadtführung Karlsruhe,2025-08-04T17:00:00,City Tour durch Karlsruhe,,,,"Plant ihr, Karlsruhe ein wenig näher kennenzulernen? Die lebendige ehemalige Landeshauptstadt von Baden, wartet darauf, von euch entdeckt zu werden. Bei Stadtführungen in Karlsruhe könnt ihr Kultur, Sehenswürdigkeiten und Geschichte hautnah erleben. Eine geführte Tour bietet euch die Möglichkeit, die Schönheit und Vielfalt von Karlsruhe zu entdecken und euch begeistern zu lassen.Auch andere zusätzliche Termine sind jederzeit nach Rücksprache mit dem Veranstalter möglich.Treffpunkt: Direkt vor dem Rathaus der Stadt KarlsruhePreise:Erwachsene: Euro 10,00Kinder und Jugendliche 6-14 Jahre: freiInfoTel.: 0721/91679888 oder mobil 0170/2935072Internet: www.stadtfuehrungen-karlsruhe.deAnmeldung erforderlichMindestteilnehmerzahl: 6 Personen",https://kalender.karlsruhe.de/db/termine/stadtleben/stadtfuhrung_karlsruhe-191
"MVK Bigband ""Soul Latin Swing""",2025-08-03T11:00:00,Kaninchen- und Geflügelzuchtverein,"Kurzheckweg 21 (Litzelau), 76187 Karlsruhe",,,MVK Bigband spielt im Rahmen des Hähnchenfestes in Knielingen. Eintritt frei.,https://kalender.karlsruhe.de/db/termine/musik/mvk_bigband_soul_latin_swing
„Asymmetrie“. Kunstcamp Karlsruhe und Nancy 2025,,GEDOK Künstlerinnenforum,"Markgrafenstraße 14, 76131 Karlsruhe",49.0078673,8.4104912,"Teilnehmerinnen aus Karlsruhe: Silvia
 Asshoff-Graeter, Elsa Hagelskamp, Zhanna Khelemska (Janett), Bronislava
 von Podewils, Meggi Rochell, Olena
    YemchenkoTeilnehmerinnen aus Nancy: Jeannie Brie, Estelle Chrétien, Julie Freichel, Aurélie PertusotUm den künstlerischen Austausch 
zwischen den Partnerstädten zu verstärken, waren interessierte 
Künstlerinnen aus Nancy eingeladen, zusammen mit Künstlerinnen aus
    Karlsruhe an einem fünftägigen Kunstcamp mit anschließender 
vierwöchiger Ausstellung teilzunehmen. Ziel ist es, durch die intensive 
Arbeit im Kunstcamp zum Thema „Asymmetrie“ den Dialog zwischen
    Künstlerinnen aus den Partnerstädten Karlsruhe und Nancy mit ihren 
unterschiedlichen Arbeitsweisen und Techniken anzuregen bzw. zu 
vertiefen und so die Basis für eine nachhaltige Vernetzung zu
    schaffen.Eröffnung am Sonntag, 03.08.2025, 11 Uhr in Anwesenheit von Künstlerinnen",https://kalender.karlsruhe.de/db/termine/ausstellungen/asymmetrie_kunstcamp_karlsruhe_und_nancy2025n-1
TURNS: KAMUNA Special mit den Hertzlab-Residents,2025-08-02T21:00:00,Zentrum für Kunst und Medien (ZKM),"Lorenzstraße 19, 76135 Karlsruhe",49.0012852,8.3836005,"Erlebe Klangkunst hautnah in der Karlsruher Museumsnacht! Die ZKM-Residents laden zu einer Performance ein, die unter die Haut geht.Die Performance ist Teil der ZKM-SerieTURNS: SOUNDING OUT HEALTH– ein lebendiges Labor für die Zukunft von Klang und Gesundheit. Jeder der thematischen Zyklen von »TURNS« –SOUNDING CYCLES(Februar–April 2025),SOUNDING OUT HEALTH(Mai–August 2025) undSOUNDING OUT CONNECTION(September–Dezember 2025) – ist ein inhaltlicher Impuls, der transformative Perspektiven auf Sound eröffnet.",https://kalender.karlsruhe.de/db/termine/musik/turns_kamuna_special_mit_den_hertzlab_residents
Schaurig schön,2025-08-02T20:00:00,"Evang. Lukaskirche, Hagenstraße 7",,,,"""Schaurig schön""Verwunschene Schlösser, schaurige Gespenster, tragisch und glücklich Liebende – Tauchen Sie mit uns ein in die Welt der Königskinder, Wassernixen und Poltergeister. Balladen und Gesänge für Chor a cappella werden mit rezitierend vorgetragenen Gedichten spannungsreich in Beziehung gesetzt.Die Gedichte von brennender Liebe und Eifersucht, von Übersinnlichem, Abenteuer und Gefahr, aber auch Rettung, Erlösung und Happy End inspirierten viele Komponist*innen bis in die Gegenwart. Sei es Friedrich Silchers legendärer ""Barbarossa"", Josephine Langs ätherisch schönes ""Brautlied"", Jaakko Mäntyjärvis für Chor bearbeitetes Beethoven-Fragment ""Erlkönig"", Hugo Distlers spukhafter ""Feuerreiter"" oder Robert Schumanns ""Wassermann"", in dem gar ""die Jungfern von Tübingen Tanz"" halten – beim mitreißend musizierenden Chor Ensemble Horizons sind sie alle bestens aufgehoben.Für die Rezitation sorgt die Theater- und Filmschauspielerin Mechthild Großmann, unter anderem bekannt für ihre Rolle als ARD-""Tatort""-Staatsanwältin Wilhelmine Klemm.Ensemble HorizonsMechthild Großmann, RezitationMatthias Klosinski, LeitungTickets erhalten Sie im Vorverkauf in unserem Ticketshop:https://events.vereinsticket.de/ensemble-horizons/vt-ensemblehorizons/4611613Weitere Informationen finden Sie auf unserer Website:https://www.ensemble-horizons.de/",https://kalender.karlsruhe.de/db/termine/musik/schaurig_schon
Klanginstallation »Petal Steps«,2025-08-02T19:00:00,Zentrum für Kunst und Medien (ZKM),"Lorenzstraße 19, 76135 Karlsruhe",49.0012852,8.3836005,"Petal Steps möchte die vergängliche Schönheit blühender Blumen einfangen, um die kleinsten Dinge zu würdigen – egal, wie komplex oder einfach sie erscheinen mögen. In unserem Alltag, in dem wir uns durch Unsicherheiten und Veränderungen navigieren, können wir die kleinen Momente feiern, die hin und wieder geschehen. Wir können uns bewusst machen, dass das Jetzt ein weiterer Moment ist, der durch die kleinen Schritte, die wir gemacht haben, und die Blütenblätter, die wir auf unserem Weg gesammelt haben, möglich wurde.",https://kalender.karlsruhe.de/db/termine/musik/klanginstallation_petal_steps
KAMUNA 2025,2025-08-02T18:00:00,Zentrum für Kunst und Medien (ZKM),"Lorenzstraße 19, 76135 Karlsruhe",49.0012852,8.3836005,"Wir feiern das Museum als Ort von Wissenschaft und Vielfalt. Herzlich willkommen zur 26. Karlsruher Museumsnacht im ZKM!Unter dem Motto„Wissen schafft Vielfalt“öffnet das ZKM zur diesjährigen KAMUNA seine Türen mit einem ebenso vielfältigen wie spannenden Programm – ganz im Sinne des gemeinsamen Denkens und Forschens, das auch die enge Kooperation mit der diesjährigen Gastinstitution, dem KIT, prägt, die im ZKM ihre Ausstellung200 Jahre KIT. 100 Objekte. Teile des Ganzenzeigt. Ein besonderes Highlight ist der interaktive MIC-Trainer: ein realistisches Simulationssystem für minimal-invasive Eingriffe.Im KI-Workshop„Erfinde dich neu – als Actionfigur!“ entstehen mithilfe generativer KI persönliche Fantasiefiguren. Eine Preview auf Benjamin Jantzens Beitrag zu den Schlosslichtspielen – „le taxi pour l’avenir heureux“ – visualisiert die 17 Nachhaltigkeitsziele der UN mit KI-gestützten Bildern ist ebenfalls zu sehen.Ergänzt wird das Programm durch exklusive Führungen, musikalische Beiträge der Reihe TURNS: SOUNDING OUT HEALTH, die Klanginstallation„Petal“ Steps (2025) von Rochelle Tham sowie Einblicke in die künstlerische Forschung des ZKM | Hertzlab – bei kühlen Getränken in der Marsbar. Vielfalt garantiert!",https://kalender.karlsruhe.de/db/termine/ausstellungen/kamuna2025n
Bit für Bit: Die Restaurierung digitaler Kunstwerke,2025-07-31T17:00:00,Zentrum für Kunst und Medien (ZKM),"Lorenzstraße 19, 76135 Karlsruhe",49.0012852,8.3836005,"Die Veranstaltung »Bit für Bit: Die Restaurierung digitaler Kunstwerke« widmet sich den besonderen Herausforderungen bei der Bewahrung digitaler Kunstwerke und zeigt, wie das ZKM mit seiner einzigartigen Expertise dafür sorgt, dass diese fragilen Werke auch für kommende Generationen erhalten bleiben.Digitale Kunst ist aus der Gegenwart nicht mehr wegzudenken – doch ihre Bewahrung stellt Museen vor enorme Herausforderungen. Hardware altert rasant, Datenträger sind anfällig für ""Bitfäule"" und Softwarestandards ändern sich in atemberaubendem Tempo. Was heute noch problemlos läuft, kann morgen schon nicht mehr lesbar sein. Das ZKM hat über Jahrzehnte eine besondere Kompetenz in der Restaurierung digitaler Kunst aufgebaut und gewährt nun einen seltenen Blick hinter die Kulissen dieser normalerweise verborgenen Arbeit.Die Digitalkunst-Restaurator:innen Morgan Stricot und Matthieu Vlaminck werden gemeinsam mit Sarah Donata Schneider (Sammlungsreferentin) und Margit Rosen (Leiterin Abteilung Wissen) in Impulsvorträgen und Gesprächen ihre faszinierende Praxis vorstellen. Sie berichten aus dem Labor für digitale Restaurierung und erläutern innovative Strategien zur Erhaltung digitaler Kunstwerke.Die Veranstaltung findet im Rahmen der Projektpartnerschaft des ZKM mit der Wüstenrot Stiftung zur Restaurierung von Medienkunst statt und begleitet die aktuelle Ausstellung »The Story That Never Ends«.",https://kalender.karlsruhe.de/db/termine/ausstellungen/bit_fur_bit_die_restaurierung_digitaler_kunstwerke
200 Jahre KIT: Der Wasserstoffbulli aus dem Kernforschungszentrum,2025-07-30T18:00:00,Zentrum für Kunst und Medien (ZKM),"Lorenzstraße 19, 76135 Karlsruhe",49.0012852,8.3836005,"Der Wasserstoffbulli aus dem Kernforschungszentrum – eine frühe Studie zu einem alternativen Antriebskonzept für den Individualverkehr. Ein Vortrag von Prof. Dr. Kurt Möser im Rahmen der Ausstellung »200 Jahre KIT | 100 Objekte«.Als der Volkswagen Transporter am Kernforschungszentrum mit Wasserstoffantrieb fuhr, hatte die Autoindustrie diesen Energieträger für Individualfahrzeuge gerade erst in den Blick genommen.Warum es am Zentrum zu dieser Entwicklung kommen konnte, wird hier vor dem Hintergrund der automobilhistorischen Entwicklungen wie auch mit Blick auf die Situation am Kernforschungszentrum erläutert.Prof. Dr. Kurt Möserist Technikhistoriker, Autor und pensionierter außerplanmäßiger Professor für Geschichte am KIT.",https://kalender.karlsruhe.de/db/termine/ausstellungen/200_jahre_kit_der_wasserstoffbulli_aus
Windkraft,2025-07-28T18:30:00,FächerResidenz,"Rhode-Island-Allee 4, 76149 Karlsruhe",49.0202207,8.386806,,https://kalender.karlsruhe.de/db/termine/musik/windkraft
Stadtführung Karlsruhe,2025-07-28T17:00:00,City Tour durch Karlsruhe,,,,"Plant ihr, Karlsruhe ein wenig näher kennenzulernen? Die lebendige ehemalige Landeshauptstadt von Baden, wartet darauf, von euch entdeckt zu werden. Bei Stadtführungen in Karlsruhe könnt ihr Kultur, Sehenswürdigkeiten und Geschichte hautnah erleben. Eine geführte Tour bietet euch die Möglichkeit, die Schönheit und Vielfalt von Karlsruhe zu entdecken und euch begeistern zu lassen.Auch andere zusätzliche Termine sind jederzeit nach Rücksprache mit dem Veranstalter möglich.Treffpunkt: Direkt vor dem Rathaus der Stadt KarlsruhePreise:Erwachsene: Euro 10,00Kinder und Jugendliche 6-14 Jahre: freiInfoTel.: 0721/91679888 oder mobil 0170/2935072Internet: www.stadtfuehrungen-karlsruhe.deAnmeldung erforderlichMindestteilnehmerzahl: 6 Personen",https://kalender.karlsruhe.de/db/termine/stadtleben/stadtfuhrung_karlsruhe-190
Stadtrundfahrt mit der Tram Linie 2,2025-07-28T14:00:00,City Tour durch Karlsruhe,,,,"Entdecke Karlsruhe abseits der Touristenpfade mit der Straßenbahnlinie 2! Erlebe historische Orte, coole Architektur und Anekdoten - es geht es um Dinge, die man sonst nicht sieht und es gibt spannende Geschichten zu hören, die in keinem Reiseführer stehen. Diese Tour zeigt dir die Fächerstadt aus einer neuen Perspektive.Dauer der Rundfahrt ca. 2 Stunden.Auch Extrafahrten für Gruppen sind jederzeit auf Anfrage möglich.Preise:Erwachsene: Euro 15,00Ein gültiges Ticket von der KVV wird vorausgesetzt.Kinder und Jugendliche 6-14 Jahre: freiInfoTel.: 0721/91679888 oder mobil unter 0170/2935072Um Anmeldung wird gebeten, Mindestteilnehmerzahl: 6 PersonenInternet: www.stadtfuehrungen-karlsruhe.de",https://kalender.karlsruhe.de/db/termine/stadtleben/stadtrundfahrt_mit_der_tram_linie2n-83
„Asymmetrie“. Kunstcamp Karlsruhe und Nancy 2025,,Fleischmarkthalle,"Durlacher Allee 62, 76131 Karlsruhe",49.0052381,8.4366958,"Teilnehmerinnen aus Karlsruhe: Silvia
 Asshoff-Graeter, Elsa Hagelskamp, Zhanna Khelemska (Janett), Bronislava
 von Podewils, Meggi Rochell, Olena
    YemchenkoTeilnehmerinnen aus Nancy: Jeannie Brie, Estelle Chrétien, Julie Freichel, Aurélie PertusotBesuchszeiten: Dienstag – Freitag täglich 15 – 17 UhrAbschlussfest und -präsentation mit Gesprächsrunde am Freitag, 01.08.2025, 16 UhrUnter dem Motto „Asymmetrie“ kommen 
Künstlerinnen aus der Partnerstadt Nancy und von der GEDOK Karlsruhe zu 
einem Kunstcamp in der Fleischmarkthalle zusammen.
    Interessierte können das Kunstcamp von Dienstag bis Freitag täglich 
von 15 bis 17 Uhr besuchen; es endet mit Abschlussfest und -präsentation
 am Freitag, 01.08.2025.Um den künstlerischen Austausch 
zwischen den Partnerstädten zu verstärken, waren interessierte 
Künstlerinnen aus Nancy eingeladen, zusammen mit Künstlerinnen aus
    Karlsruhe an einem fünftägigen Kunstcamp mit anschließender 
vierwöchiger Ausstellung teilzunehmen. Ziel ist es, durch die intensive 
Arbeit im Kunstcamp zum Thema „Asymmetrie“ den Dialog zwischen
    Künstlerinnen aus den Partnerstädten Karlsruhe und Nancy mit ihren 
unterschiedlichen Arbeitsweisen und Techniken anzuregen bzw. zu 
vertiefen und so die Basis für eine nachhaltige Vernetzung zu
    schaffen.",https://kalender.karlsruhe.de/db/termine/ausstellungen/asymmetrie_kunstcamp_karlsruhe_und_nancy2025n
Ein Sternbild für Flappi,2025-07-27T15:00:00,PLANET KA Planetarium Karlsruhe,"Alter Schlachthof 4, 76131 Karlsruhe",49.0039151,8.4304661,"Kinder- & Familienprogramm:""Ein Sternbild für Flappi""für Kinder ab 4 Jahren und die ganze FamilieFlappi ist anders als die meisten Fledermäuse. Das bekommt sie schon in ihrer Familie zu hören. Es fängt damit an, dass sie nicht wie “anständige Fledermäuse” über Kopf hängend schläft, sondern aufrecht…Vielleicht bringt sie das dazu, dass sie nachts die “Glühwürmchen” am Himmel entdeckt, die aber so weit entfernt sind, dass man sie nicht fangen kann. Ob sie wohl schmecken? – Dass sie “Sterne” heißen, und keine Glühwürmchen sind, erfährt sie von Skybat, der Himmelsfledermaus, die extra vom Mond herabkommt, um der kleinen Flappi auf die Sprünge zu helfen und ihr schon mal ein paar der wichtigsten Sternbilder beizubringen.Ein Sternbild Fledermaus ist jedoch nicht darunter. Es sind bislang alles nur Sternbilder der Menschen.Also macht sie sich selbst auf die Suche durch die Nacht...Ein Plädoyer für Eigensinn und Fantasie.Dauer: gut 1 Stunde. Empfohlen ab 4 Jahren.Einlass: ab ca. 30 Min. vor Beginn.Bitte beachten: Kein Nacheinlass! Bitte seien Sie pünktlich vor Ort.Ungenutzte Tickets verfallen ersatzlos.",https://kalender.karlsruhe.de/db/termine/literatur/ein_sternbild_fur_flappi-19
Eva-Maria Lopez: Phyto-Travellers,2025-10-26T11:00:00,Zentrum für Kunst und Medien (ZKM),"Lorenzstraße 19, 76135 Karlsruhe",49.0012852,8.3836005,"Als Christoph Kolumbus 1492 von seiner Reise in die „Neue Welt“ zurückkehrte, brachte er zahlreiche Pflanzen mit nach Europa – darunter Mais, Tomaten und Kartoffeln. Pflanzen, die seit dieser Zeit aus anderen Regionen der Welt bei uns eingeführt wurden, bezeichnet man als Neophyten – „neue Pflanzen“.Zunächst handelte es sich vor allem um Nutzpflanzen, die im Zuge der Kolonialisierung gezielt verbreitet wurden, um sie weltweit gewinnbringend anzubauen. Später kamen Zierpflanzen hinzu, die von Forschern und sogenannten Pflanzenjäger:innen gesammelt und importiert wurden, meist auf Grund ihrer Schönheit oder Exotik. In unseren Gärten erzählen Beispiele wie Rhododendron, Kirschlorbeer oder Bambus nicht nur von globaler Pflanzenmigration, sondern spiegeln auch modische Strömungen und Ideale unterschiedlicher Epochen der Gartengestaltung wider. Und sie erzählen mitunter von den ökologischen Problemen, die Neophyten im Zeitalter des Klimawandels und globalisierten Warenverkehrs mit sich bringen. Man nennt sie dann invasive Arten.Mit der Reise über die Kontinente haben viele Pflanzen auch ihre Namen verloren – sie wurden durch ihre sogenannten Entdecker:innen im Westen neu benannt.Phyto-Travellers, das für ZKM | Kubus Subraum neu konzipierte Projekt der in Paris und Karlsruhe lebenden KünstlerinEva-Maria Lopez, stellt diesen Aspekt der kulturellen Aneignung und Domestizierung von Pflanzen aus anderen Weltregionen und Kulturkreisen in den Mittelpunkt. Lopez‘ Installation besteht aus jenen zugereisten und neu benannten Zierpflanzen, die inzwischen so tief in unseren Gärten verwurzelt sind, dass sie meist als einheimisch wahrgenommen werden und das vertraute Landschaftsbild wie selbstverständlich mitprägen. Die Künstlerin reproduziert mit ihrer Arbeit im Maßstab 2:3 die Grundform der „Niña“ – eines der beiden Schiffe aus Kolumbus‘ Flotte, die die ersten „neuen Pflanzen“ nach Europa mitbrachten. Aufgesockelt auf Transportpaletten entsteht so ein Innenraumgarten aus Neophyten, der das botanische Erbe einer globalisierten Pflanzenwelt aufruft. Zugleich istPhyto-Travellersein lebendiges Archiv, dass die enge Verwobenheit von Natur- und Kulturgeschichte mit leichter und klarer Geste zur Darstellung bringt.",https://kalender.karlsruhe.de/db/termine/ausstellungen/eva_maria_lopez_phyto_travellers
Assembling Grounds. Praktiken der Koexistenz,2026-05-31T10:00:00,Zentrum für Kunst und Medien (ZKM),"Lorenzstraße 19, 76135 Karlsruhe",49.0012852,8.3836005,"Wie kann man den zahlreichen Krisen unserer Zeit als Gesellschaft begegnen? Und welche aktive Rolle kann die Kunst dabei spielen? Wie muss sich unsere Gesellschaft auf systemischer Ebene verändern, damit die Erde auf längere Sicht bewohnbar bleibt?Die Ausstellung »Fellow Travellers. Kunst als Werkzeug, die Welt zu verändern« fungiert als Katalysator für diese Fragen: Als Ort des Möglichen bietet sie eine Plattform für künstlerische Projekte, die beispielhaft den Nutzen der Kunst für die Gesellschaft demonstrieren.Im Juli 2025 eröffnet im Rahmen von »Fellow Travellers« das neue Ausstellungskapitel »Assembling Grounds. Praktiken der Koexistenz«. Dieses entwickelte sich in Indien und Sri Lanka auf Basis der ZKM-Reiseausstellung »Critical Zones. In Search of a Common Ground« (2022–24). Auf ihrer Reise brachte diese Ausstellung verschiedenste Orte, lokale Gemeinschaften und Ideen aus unterschiedlichen Kontexten zusammen. Künstler:innen, die durch lokale Netzwerke an dem Ausstellungsprojekt mitwirkten, wurden nun eingeladen, im Rahmen von »Assembling Grounds« auf die Fragestellungen von »Fellow Travellers« einzugehen.",https://kalender.karlsruhe.de/db/termine/ausstellungen/assembling_grounds_praktiken_der_koexistenz
Eröffnung: Assembling Grounds & Phyto-Travellers,2025-07-25T19:30:00,Zentrum für Kunst und Medien (ZKM),"Lorenzstraße 19, 76135 Karlsruhe",49.0012852,8.3836005,"Wie muss sich unsere Gesellschaft auf systemischer Ebene verändern, damit die Erde auf längere Sicht bewohnbar bleibt? Wie kann mit den traditionellen Vorstellungen von Kunst gebrochen werden, um ihre soziale Wirkung zu verstärken und neue Allianzen zwischen Kunst, Wissenschaft und Gesellschaft zu stiften?Die Ausstellung »Fellow Travellers. Kunst als Werkzeug, die Welt zu verändern« fungiert als Katalysator für diese Fragen: Als Ort des Möglichen bietet sie eine Plattform für künstlerische Projekte, die beispielhaft den Nutzen der Kunst für die Gesellschaft demonstrieren. In verschiedene Kapitel gegliedert versammelt »Fellow Travellers«Projekte dieser Art, um sie in Dialog zu bringen und einen Austausch zu ermöglichen.Im Juli 2025 eröffnet im Rahmen von »Fellow Travellers« das neue Ausstellungskapitel »Assembling Grounds. Praktiken der Koexistenz«. Dieses entwickelte sich in Indien und Sri Lanka auf Basis der ZKM-Reiseausstellung »Critical Zones. In Search of a Common Ground« (2022–24). Auf ihrer Reise brachte diese Ausstellung verschiedenste Orte, lokale Gemeinschaften und Ideen aus unterschiedlichen Kontexten zusammen. Künstler:innen, die durch lokale Netzwerke an dem Ausstellungsprojekt mitwirkten, wurden nun eingeladen, im Rahmen von »Assembling Grounds« auf die Fragestellungen von »Fellow Travellers« einzugehen.Mit »Phyto-Travellers« wird außerdem eine Installation der KünstlerinEva-Maria Lopezeröffnet, die für den ZKM | Kubus Subraum neu konzipiert wurde. Die Arbeit widmet sich der Migrationsgeschichte sogenannter Neophyten: Pflanzen, die im Zuge kolonialer Expansion und botanischer Erkundung aus anderen Weltregionen eingeführt und kulturell angeeignet wurden. So entsteht ein raumgreifender Garten, der zugleich als lebendiges Archiv die enge Verwobenheit von Natur- und Kulturgeschichte sichtbar macht.Passend zu »Assembling Grounds« findet an diesem Tag auch die Eröffnung der India Summer Days stattindiasummerdays.de",https://kalender.karlsruhe.de/db/termine/ausstellungen/eroffnung_assembling_grounds_phyto_travellers-1
Eröffnungswochenende: Assembling Grounds,2025-07-26T16:00:00,Zentrum für Kunst und Medien (ZKM),"Lorenzstraße 19, 76135 Karlsruhe",49.0012852,8.3836005,"Welche Rolle spielen die Werkzeuge der Kunst und des globalen sowie lokalen kulturellen Wissens? Wie können Verbindungen trotz aller Unterschiede und Spaltungen geschaffen werden? Dazu widmen wir uns auch den Fragen, Anregungen und Begegnungen, die auf der ZKM-Reiseausstellung »Critical Zones. In Search of a Common Ground« durch Südasien (2022–2024) basiert.Außerdem führen Stéphane Verlet-Bottéro, Oliver-Selim Boualam und Kollaborateur:innen mit einer performativen Veranstaltung auf der Katzenwedelwiese des ZKM ihr dort angesiedeltes Langzeitprojekt fort. Im Dialog mit eingeladenen lokalen und internationalen Künstler:innen wird die Wiese als Ort multipler Wissenssysteme, kollektiven Austauschs und nachhaltiger Kunstproduktion erneut aktiviert.",https://kalender.karlsruhe.de/db/termine/ausstellungen/eroffnungswochenende_assembling_grounds
Sommerliches Ensemblekonzert,2025-07-23T20:00:00,"Badisches KONServatorium, Musikschule der Stadt Karlsruhe","Kaiserallee 12c, 76133 Karlsruhe",49.0112484,8.3773667,Eintritt frei.,https://kalender.karlsruhe.de/db/termine/musik/sommerliches_ensemblekonzert
Sommerkonzert: vhs-Chor,2025-07-23T17:30:00,"VHS Karlsruhe, Ulrich-Bernays-Saal","Kaiserallee 12e, 76133 Karlsruhe",49.0112872,8.3759401,"Der vhs-Chor lädt Sie zu einer musikalischen Weltreise ein. Freuen Sie sich auf ein abwechslungsreiches Programm mit Liedern aus aller Welt – von mitreißender Gospelmusik über rhythmische Klänge aus Afrika bis hin zu bekannten Rock- und Pop-Songs aus verschiedenen Jahrzehnten.Lassen Sie sich von der Vielfalt der Musikstile begeistern, genießen Sie die Atmosphäre – und entdecken Sie vielleicht sogar Ihre eigene Stimme im Chor. Wir freuen uns auf Sie!Eintritt frei - um eine Spende wird gebeten",https://kalender.karlsruhe.de/db/termine/musik/sommerkonzert_vhs_chor
Niklas Goldbach. Drift,,Sammlungspräsentation der Staatlichen Kunsthalle Karlsruhe im ZKM,"Lorenzstraße 19, 76135 Karlsruhe",49.0012852,8.3836005,"Den Transformationsprozess der Kunsthalle Karlsruhe begleiten von 2025 an Jahr um Jahr Künstler*innen, die sich in ihren Arbeiten mit dem Museum auf ganz individuelle Weise auseinandersetzen. Die Ergebnisse ihrer Reflexionen werden jeweils in kleinen Ausstellungen präsentiert und von einer Schriftenreihe begleitet.Den Anfang dieses Projekts einer fortlaufenden Beschäftigung mit der Kunsthalle, ihrer Geschichte, Gegenwart und Zukunft machen in diesem Jahr der Berliner Künstler Niklas Goldbach mit seinen Fotografien unter dem Titel ""Drift"" und der Büchner-Preis-Träger Arnold Stadler.Goldbach hat die Kunsthallen-Räume ein letztes Mal vor der Schlüsselübergabe fotografiert, als die Sammlung schon umgezogen war. Transportkisten und wenige Relikte erinnern an Werke und einstige Präsentationen, Spuren erster Untersuchungen der Bausubstanz werden sichtbar. Zum projektierten Band steuert der Schriftsteller Arnold Stadler, der nicht nur ein mit zahlreichen Auszeichnungen geehrter Romancier ist, sondern auch ein Kenner der Kunst und der Karlsruher Kunsthalle, einen Text bei.Bild: Ausstellungsansicht Niklas Goldbach. Drift, © VG Bild-Kunst, Bonn 2025, Foto: Staatliche Kunsthalle Karlsruhe",https://kalender.karlsruhe.de/db/termine/ausstellungen/niklas_goldbach_drift
Motherhood. Annegret Soltau,,Sammlungspräsentation der Staatlichen Kunsthalle Karlsruhe im ZKM,"Lorenzstraße 19, 76135 Karlsruhe",49.0012852,8.3836005,"Annegret Soltau hat mit ihrem Schaffen die feministische Kunst in Deutschland entscheidend geprägt. Ausgehend von Annegret 
Soltaus Ausbildung in der Grafik verlagerte sie in den 1970er Jahren 
ihren Fokus auf die Body Art – eine Kunstform, in der der Körper sowohl 
Medium als auch Objekt der künstlerischen Auseinandersetzung ist. Damit 
gehört sie zu den Pionierinnen dieser Ausdrucksform in Deutschland, die 
sich mit den Macht- und Genderdiskursen der Frauen- und 
Bürgerrechtsbewegung kritisch auseinandersetzte. Themen wie Gewalt und 
Verletzlichkeit, die Darstellung des (weiblichen) Körpers, 
Schwangerschaft, Familie und die Suche nach den eigenen Wurzeln prägen 
ihr künstlerisches Schaffen.Soltau setzt diese Inhalte intermedial in Performances, Fotografien 
und Videoarbeiten um. Die Staatliche Kunsthalle hat kürzlich ein 
umfangreiches Konvolut ihrer Werke erworben und präsentiert daraus 
Vintage-Prints, Fotovernähungen und Filme.Bild: Ausstellungsimpression Annegret Soltau © VG Bild-Kunst, Bonn 2025, Foto: Staatliche Kunsthalle Karlsruhe",https://kalender.karlsruhe.de/db/termine/ausstellungen/motherhood_annegret_soltau
Magie der Aquatinta. Druckgrafiken des Ehepaars Prestel,,Sammlungspräsentation der Staatlichen Kunsthalle Karlsruhe im ZKM,"Lorenzstraße 19, 76135 Karlsruhe",49.0012852,8.3836005,"Maria Katharina und Johann Gottlieb Prestel setzten mit ihrem 
außergewöhnlichen künstlerischen Können Maßstäbe in der Grafik des 18. 
Jahrhunderts.Die Studioausstellung präsentiert Werke in der nach ihnen benanntenPrestelmanier,
 einer innovativen Kombination verschiedener druckgrafischer Techniken 
unter Einsatz der Aquatinta-Technik. Mit ihr schuf das Künstler-Ehepaar 
Reproduktionen von Zeichnungen berühmter Künstler wie Raffael, 
Michelangelo oder Rubens, die in ihrer Anmutung den Originalen in nichts
 nachstehen. Rund 50 Jahre vor Entwicklung der Fotografie sind diese 
Werke eindrucksvolle Zeugnisse einer faszinierenden Mediengeschichte.Erstmals kommt in einer Ausstellung der Kunsthalle Karlsruhe ein 
Augmented-Reality-Tool zum Einsatz, mit dem ausgewählte Werke aus demSchmidtschen Kabinett– einem Mappenwerk der Prestels, das auf dem Höhepunkt ihres 
künstlerischen Schaffens entstand – interaktiv entdeckt werden können.Bild: Maria Katharina Prestel, Landschaft mit Reiter, 1779-82, © Staatliche Kunsthalle Karlsruhe",https://kalender.karlsruhe.de/db/termine/ausstellungen/magie_der_aquatinta_druckgrafiken_des_ehepaars_prestel
ROBERTO FONSECA,2025-08-06T20:30:00,Kulturzentrum Tollhaus,"Alter Schlachthof 35, 76131 Karlsruhe",49.0044252,8.4317094,"Er ist einer der großen kubanischen Jazzpianisten unserer Zeit. Mit seinem einzigartigen Mix aus kubanischen Rhythmen, afrikanischer Tradition und modernem Jazz entfacht Roberto Fonseca ein musikalisches Feuerwerk, das seine Zuhörer in eine ekstatische Atmosphäre versetzt. Mit La Gran Diversión (Das große Vergnügen) entführt der Pianist, der für den großen Ruben Gonzalez 2003 als Mitglied des Buena Vista Social Club nachrückte ins Kuba der 1930er Jahre, als die kubanische Musik die Körper der Menschen erfasste, um ihren unwiderstehlich sinnlichen Swing zu erzeugen. In eine Zeit, in der die Musik dem Publikum diente, um zu unvergleichlich intensiven Erlebnissen zu gelangen. „Zu den Rhythmen des Jazz und der neu entdeckten kubanischen Musik tanzten wir fieberhaft bis zum Morgengrauen in den rund einem Dutzend Tanzlokalen des Viertels“, schrieb der Schriftsteller Alejo Carpentier in seinen Erinnerungen an die Cabane Cubaine, die damals das berühmteste Kabarett von Paris war. Denn das goldene Zeitalter der kubanischen Musik schwappte bis nach Europa über und wurde zum weltweiten Phänomen. Mit seinem achtköpfigen Orchester verspricht Roberto Fonseca eine Welt voll überbordender musikalischer Vielfalt, eine Welt voller Geheimnis und Magie der Rhythmen und Melodien und des umfassenden Genusses.",https://kalender.karlsruhe.de/db/termine/musik/roberto_fonseca
WOLFMOTHER,2025-08-06T20:00:00,Substage Karlsruhe e.V.,"Durlacher Allee 62 , 76131 Karlsruhe",49.0052381,8.4366958,"Stoner Rock und Selbsthilfe – Die Rückkehr von WolfmotherEin verschwitzter Club irgendwo in Sydney, Anfang der 2000er. Drei Typen mit langen Haaren, röhrenden Gitarren und einem Schlagzeug, das klingt, als würde John Bonham persönlich auferstehen – das ist die Geburtsstunde von Wolfmother, einer Band, die sich ohne jede Scheu an die großen Vorbilder wagt: Led Zeppelin, Black Sabbath, Deep Purple. Klassischer Rock mit psychedelischem Einschlag, schwer wie Lava und dabei doch so mühelos gespielt, als wäre es das Natürlichste der Welt. Was 2003 mit einer selbstbetitelten Debüt-EP begann, entwickelte sich rasend schnell zu einem internationalen Phänomen. Das erste Album – ebenfalls „Wolfmother“ genannt – entstand in Los Angeles mit Produzentenlegende Dave Sardy, der sonst für Marilyn Manson oder Oasis arbeitete. Es landete auf Platz 3 der australischen Charts, holte fünfmal Platin und katapultierte die Band auf die Bühnen der Welt. Der Song „Woman“ gewann 2006 sogar einen Grammy – der heilige Gral des Rock-Biz. „Love Train“ wurde zum Soundtrack eines Apple-Werbespots, „Joker & the Thief“ tauchte in Filmen, Serien und Werbungen auf, als wolle der Song selbst ein Rockstar sein. Doch der Höhenflug blieb nicht ohne Turbulenzen. Besetzungswechsel, kreative Differenzen, eine temporäre Auflösung. Sänger und Gitarrist Andrew Stockdale war zeitweise das einzige verbleibende Originalmitglied. Und dann kam 2020. Pandemie. Lockdown. Keine Konzerte. Keine Fans. Kein Lärm. Nur Stockdale – allein mit seinen Gedanken, einem Laptop, ein paar Instrumenten und viel Zeit. In dieser Stille entstand „Rock Out“, ein Album, das klingt, als würde ein Marshall-Amp den Existenzialismus vertonen. Songs wie „Humble“ und „Feelin Love“ sind gleichzeitig rau, verspielt und voller Wucht. Es ist eine selbstgemachte Rock-Platte, aufgenommen mit einem 19-jährigen Nachwuchsproduzenten im Wohnzimmer, unterbrochen vom Schulabholservice. Ein Spagat zwischen Homestudio und Weltkarriere. DIY mit Grammy-Vergangenheit. Und am Ende? Ein Soundtrack für die imaginäre Stadiontour von 1982, die nie stattfand – aber unbedingt hätte stattfinden sollen. Jetzt ist es wieder so weit: Wolfmother kehren zurück auf die Bühne. Im August sind sie live in Deutschland zu erleben – fünf Konzerte, fünf Gelegenheiten, sich von einem Riff durch die Brust bohren zu lassen. Wer wissen will, wie sich der Sound von Vergangenheit, Wahnsinn und Wohnzimmer-Rebellion anhört, sollte sich diese Shows nicht entgehen lassen. Der Rock lebt – und Wolfmother sind der Beweis.Einlass: 19:00 UhrAltersfreigabe: ab 16 Jahren",https://kalender.karlsruhe.de/db/termine/musik/wolfmother
Europas Weg zu den Sternen,2025-08-06T19:00:00,PLANET KA Planetarium Karlsruhe,"Alter Schlachthof 4, 76131 Karlsruhe",49.0039151,8.4304661,"Europas Weg zu den Sternen nimmt die Zuschauer mit auf eine epische Reise hinter die Kulissen des leistungsstärksten bodenbasierten Observatoriums der Welt und gibt Einblicke in die wissenschaftliche Arbeit, in die Geschichte, die Technik und die Menschen dahinter.Erfahren Sie mehr über die Europäische Südsternwarte in einer Geschichte von Neugier auf den Kosmos, von Mut und Ausdauer; eine Geschichte über die Beobachtung eines Universums der Rätsel und Geheimnisse und über Entwurf, Bau und Betrieb der leistungsstärksten erdgebundenen Teleskope der Welt. Aktuell im Bau ist das ELT, das Extremely Large Telescope, das bald eine neuerliche Revolution der Himmelsbeobachtung darstellen wird.Der Film beschäftigt sich mit den grundlegenden Aspekten eines astronomischen Observatoriums und gibt zugleich einen Überblick über das Feld der Astronomie: beginnend mit der Standortuntersuchung, um den besten Platz für die Himmelsbeobachtung zu finden, bis hin zum Bau der Teleskope und deren Einsatz, wenn Astronomen die Mysterien des Universums aufdecken.Dauer der Veranstaltung: ca. 60 MinutenEmpfohlen ab 10 JahrenEinlass: ab 30 Min. vor Beginn.Bitte beachten: Kein Nacheinlass möglich!Ungenutzte Tickets verfallen ersatzlos.Weitere Termine, Programme und Angebote auf der Website: planet-ka.de",https://kalender.karlsruhe.de/db/termine/wirtschaft/europas_weg_zu_den_sternen-7
Sightjogging-Sportlich unterwegs durch Karlsruhe,2025-08-06T18:00:00,City Tour durch Karlsruhe,,,,"Joggst du gerne?Wie wäre es dann einmal, wenn du deine Laufroute ein wenig veränderst und in einer Gruppe Gleichgesinnter vertraute und unbekannte Ecken von Karlsruhe erläufst?Erlebe eine unvergessliche Joggingtour und statt Musik auf den Ohren gibt es bei dieser Tour einiges Amüsantes, Interessantes, Anekdoten und Fakten über die Fächerstadt Karlsruhe zu erfahren.Die ca. 1,5-stündige Joggingtour durch Karlsruhe beginnt direkt auf dem Marktplatz in Karlsruhe an der Pyramide.Preise:Erwachsene: Euro 10,00InfoTel.: 0721/91679888 oder mobil 0179/2935072Internet: www.stadtfuehrungen-karlsruhe.deAnmeldung erforderlichMindestteilnehmerzahl: 6 PersonenAuch andere Termine sind jederzeit möglichBuchbar auch exklusiv als Gruppenevent",https://kalender.karlsruhe.de/db/termine/sportveranstaltung/sightjogging_sportlich_unterwegs_durch_karlsruhe-17
Dinosaurier - die Geschichte des Überlebens,2025-08-06T17:00:00,PLANET KA Planetarium Karlsruhe,"Alter Schlachthof 4, 76131 Karlsruhe",49.0039151,8.4304661,"Wie fast alle Kinder ist Celeste von Dinosauriern fasziniert. Gerade bereitet sie für ihre Klasse einen Vortrag darüber vor, wie die Dinosaurier ausgestorben sind. Da stellt „Mond“, eine weise und magische Figur, eine verlockende Frage: „Was wäre, wenn ich dir sagen würde, dass es noch Dinosaurier unter uns gibt?“Celeste begibt sich mit „Mond“ auf eine Reise durch die Zeit. Dabei erleben sie ein aufregendes Abenteuer, bei dem sie die Erde sehen, wie sie in der fernen Vergangenheit war.Welche faszinierenden Veränderungen machten diese Tiere im Laufe der Jahrmillionen durch? Wie entwickelten sie sich zu riesigen Kreaturen und erschreckenden Raubtieren? Was geschah an dem Tag, an dem ein katastrophaler Einschlag eines Asteroiden ein Massenaussterben auf der Erde verursachte?Doch es ist noch nicht alles verloren. Celeste wird den Schlüssel zum Überleben der Dinosaurier entdecken...Produziert von Render AreaZur Einleitung präsentieren wir live den aktuellen Sternenhimmel über Karlsruhe.Dauer ca. 60 MinutenFür Kinder ab 7 JahrenEinlass ab ca. 30 Min. vor Beginn.Bitte beachten: Kein Nacheinlass!Ungenutzte Tickets verfallen ersatzlos.",https://kalender.karlsruhe.de/db/termine/wirtschaft/dinosaurier_die_geschichte_des_uberlebens-13
Offene Bibliotheksführung,2025-08-06T17:00:00,Stadtbibliothek Karlsruhe - Stadtbibliothek im Neuen Ständehaus,"Ständehausstraße 2, 76133 Karlsruhe",49.0089211,8.4003588,"Was erwartet Sie?Bei einem Rundgang durch die Zentralbibliothek im Neuen Ständehaus lernen Sie unsere Medienabteilungen sowie Arbeits- und Leseplätze kennen. Wir erläutern unsere Sortierung sowie unseren Online-Bibliothekskatalog, damit Sie Ihre gewünschten Medien ganz einfach finden. Darüber hinaus erhalten Sie Informationen über alle Möglichkeiten, die Sie mit unserem Bibliotheksausweis - auch in unseren Stadtteilbibliotheken - haben (inkl. digitaler Angebote, Blick in Ihr Online-Benutzerkonto, Computernutzung uvm.). Wir freuen uns auf Sie!Zielgruppe:Für Neukund*innen und alle InteressiertenAnmeldung:ohne AnmeldungEintritt:kostenfreiOrt:Stadtbibliothek im Neuen Ständehaus, Infotheke im EGBild: Boris Burghardt",https://kalender.karlsruhe.de/db/termine/literatur/offene_bibliotheksfuhrung-22
GO West - Albspaziergang + Weststadt.,2025-08-06T16:00:00,Karlsruhe Hauptbahnhof - Südausgang,,,,"Lust auf Entspannung und Bewegung nach Feierabend oder einfach mal auf frische Luft? Dann kommt mit und taucht ein in eine Naturidylle mitten in der Großstadt! Ob als Besucher oder Einheimischer – diese Tour zeigt euch Karlsruhe von einer ganz neuen, naturnahen Seite. Vom Hauptbahnhof starten wir unsere Tour und spazieren entlang der Alb durch die wunderschöne Günther-Klotz-Anlage. Hier laden Spazier- und Radwege, grüne Wiesen und schattige Parks zum Verweilen und Entspannen ein. Weiter geht es ins charmante Mühlburg, wo wir durch die Sophienstraße mit ihren prächtigen Gründerzeit-Häusern bis zum lebendigen Gutenbergplatz schlendern – einem beliebten Treffpunkt mit Cafés, Terrassen und kleinen Restaurants. Und als Highlight lassen wir die Tour gemütlich bei einem gemeinsamen Abschiedsgetränk ausklingen.Dauer:2 Stunden, ca. 6,5 kmPreis:11 € pro PersonTreffpunkt:Südausgang Karlsruhe Hauptbahnhof",https://kalender.karlsruhe.de/db/termine/stadtleben/go_west_albspaziergang_weststadt-2
VORLESEZEIT in der Kinder- & Jugendbibliothek,2025-08-06T16:00:00,Stadtbibliothek Karlsruhe - Kinder- und Jugendbibliothek Karlsruhe im Prinz-Max-Palais,"Prinz-Max-Palais, Karlstraße 10, 76133 Karlsruhe",49.0111857,8.3947581,"""Lies mir doch was vor!""  - Diesen Wunsch vieler Kinder wollen wir gerne erfüllen und bieten für Kinder von 3 bis 5 Jahren an jedem Mittwochnachmit­tag jeweils um 16 Uhr eine Vorleserunde an.Zielgruppe:von 3 bis 5 JahrenAnmeldung:ohne AnmeldungEintritt:kostenfreiOrt:Kinder- und JugendbibliothekIllustration: AdobeStock - GoodStudio",https://kalender.karlsruhe.de/db/termine/literatur/vorlesezeit_in_der_kinder_jugendbibliothek-19
Ein Sternbild für Flappi,2025-08-06T15:00:00,PLANET KA Planetarium Karlsruhe,"Alter Schlachthof 4, 76131 Karlsruhe",49.0039151,8.4304661,"Kinder- & Familienprogramm:""Ein Sternbild für Flappi""für Kinder ab 4 Jahren und die ganze FamilieFlappi ist anders als die meisten Fledermäuse. Das bekommt sie schon in ihrer Familie zu hören. Es fängt damit an, dass sie nicht wie “anständige Fledermäuse” über Kopf hängend schläft, sondern aufrecht…Vielleicht bringt sie das dazu, dass sie nachts die “Glühwürmchen” am Himmel entdeckt, die aber so weit entfernt sind, dass man sie nicht fangen kann. Ob sie wohl schmecken? – Dass sie “Sterne” heißen, und keine Glühwürmchen sind, erfährt sie von Skybat, der Himmelsfledermaus, die extra vom Mond herabkommt, um der kleinen Flappi auf die Sprünge zu helfen und ihr schon mal ein paar der wichtigsten Sternbilder beizubringen.Ein Sternbild Fledermaus ist jedoch nicht darunter. Es sind bislang alles nur Sternbilder der Menschen.Also macht sie sich selbst auf die Suche durch die Nacht...Ein Plädoyer für Eigensinn und Fantasie.Dauer: gut 1 Stunde. Empfohlen ab 4 Jahren.Einlass: ab ca. 30 Min. vor Beginn.Bitte beachten: Kein Nacheinlass! Bitte seien Sie pünktlich vor Ort.Ungenutzte Tickets verfallen ersatzlos.",https://kalender.karlsruhe.de/db/termine/literatur/ein_sternbild_fur_flappi-21
Teichkino am Waldklassenzimmer,2025-08-06T14:30:00,Waldklassenzimmer,Kanalweg,49.0308152,8.3885978,"Welche Darsteller finden wir aktuell im Teichkino? Gibt esKaulquappen von Frosch und Kröte? SindLibellenlarvenauf der Jagd? Und ist etwa der gefräßige Gelbrandkäfer unterwegs?Referentin:Heike Rösgen, Diplom Biologin, M. Sc. Umwelt und Bildung und zertifizierte WaldpädagoginAnmeldungbis 1. AugustKostenlose Veranstaltung - wir freuen uns über eine Spende!",https://kalender.karlsruhe.de/db/termine/stadtleben/teichkino_am_waldklassenzimmer-2
Stadtrundfahrt mit der Tram Linie 2,2025-08-06T14:00:00,City Tour durch Karlsruhe,,,,"Entdecke Karlsruhe abseits der Touristenpfade mit der Straßenbahnlinie 2! Erlebe historische Orte, coole Architektur und Anekdoten - es geht es um Dinge, die man sonst nicht sieht und es gibt spannende Geschichten zu hören, die in keinem Reiseführer stehen. Diese Tour zeigt dir die Fächerstadt aus einer neuen Perspektive.Dauer der Rundfahrt ca. 2 Stunden.Auch Extrafahrten für Gruppen sind jederzeit auf Anfrage möglich.Preise:Erwachsene: Euro 15,00Ein gültiges Ticket von der KVV wird vorausgesetzt.Kinder und Jugendliche 6-14 Jahre: freiInfoTel.: 0721/91679888 oder mobil unter 0170/2935072Um Anmeldung wird gebeten, Mindestteilnehmerzahl: 6 PersonenInternet: www.stadtfuehrungen-karlsruhe.de",https://kalender.karlsruhe.de/db/termine/stadtleben/stadtrundfahrt_mit_der_tram_linie2n-84
Ferien-Entdeckertag am Waldklassenzimmer,2025-08-06T14:00:00,Waldklassenzimmer,Kanalweg,49.0308152,8.3885978,"Heute sindWaldklassenzimmer und das dazugehörende Gelände geöffnet, ohne dass wir ein spezielles Programm anbieten. Familien können heute entdecken, staunen und frei spielen. Die Nutzung des Geländes erfolgt auf eigene Gefahr und unter Wahrung der Aufsichtspflicht.Ohne Anmeldung-kostenlose Veranstaltung!",https://kalender.karlsruhe.de/db/termine/stadtleben/ferien_entdeckertag_am_waldklassenzimmer-26
Mittwochswanderung,2025-08-06T10:35:00,Albtalbahnhof Abfahrtstreffpunkt,,,,Immer wieder mittwochs treffen sich die Senioren um in fröhlicher Runde zu wandern.Wegverlauf: Entenstall - GrünbachtalReine Wanderzeit: 2 StundenKörperliche Anforderung:LeichtEinkehr: Ulis SchlemmertreffWichtig: Anmeldung über die Wanderführerin Elvira Kullmann unterelvira.kullmann@kabelbw.de,https://kalender.karlsruhe.de/db/termine/sportveranstaltung/mittwochswanderung
Ferienprogramm (6–7 Jahre): Wandertag der Tiere,2025-08-06T10:00:00,Staatliches Museum für Naturkunde Karlsruhe,"Erbprinzenstraße 13, 76133 Karlsruhe",49.0069855,8.4001442,Ferienprogramm für 6- bis 7-JährigeDauer: 3 Std.Anmeldung online ab 18. Juni möglich,https://kalender.karlsruhe.de/db/termine/ausstellungen/ferienprogramm_67_jahre_wandertag_der_tiere
Große Stadt für kleine Leute - der Kinderstadtrundgang,2025-08-06T10:00:00,Tourist-Information am Marktplatz,"Kaiserstraße 72-74, 76133 Karlsruhe",49.0097995,8.4041251,"Spazieren gehen ist doch laaaaaangweilig! Wer Kinder zwischen vier und 14 Jahren hat, dürfte diesen Satz schon mal gehört haben. Unser Kinderstadtrundgang aber, der ist garantiert ein Spaß. Warum? Weil wir die Karlsruher Geschichte in ein spannendes Quiz verpackt haben: Unterwegs mit unserer Gästeführerin entdeckt der Nachwuchs die ""geheimen Winkel"" seiner Heimat und hört spannende Stories, in die sich Karlsruhes Vergangenheit amüsant versteckt hat. Bonus: Am Ende des Rundgangs gibt es für alle Kinder eine kleine Überraschung!Dauer:1,5 StundenTreffpunkt:Tourist-Information am MarktplatzTeilnehmer:min. 6, max. 25 PersonenPreis:7,00 € pro PersonHinweis:Anmeldung bis 1 Tag vor der Führung. Kinder nur in Begleitung eines Erwachsenen. Bitte bei Tourist-Information Karlsruhe anmelden, da die Teilnehmerzahl begrenzt ist. Es gelten die AGB der KTG.",https://kalender.karlsruhe.de/db/termine/stadtleben/groe_stadt_fur_kleine_leute_der_kinderstadtrundgang-14
Onleihe Sprechstunde,2025-08-06T10:00:00,Stadtbibliothek Karlsruhe - Stadtbibliothek im Neuen Ständehaus,"Ständehausstraße 2, 76133 Karlsruhe",49.0089211,8.4003588,"Die kostenlose Sprech­stunde richtet sich an alle Inter­es­sier­ten mitindivi­du­el­len Fragen rund um die digitale Bibliothek ""Onleihe"". Fachleute der Stadt­bi­blio­thek beant­wor­ten Fragen und zeigen die Handhabung an entspre­chen­den Lesege­rä­ten (E-Book-Reader oder Tablets). Es dürfen gerne eigene Geräte mitge­bracht werden. Eine Anmeldung ist nicht erfor­der­lich.Zielgruppe:Onleihe Nutzer*innenAnmeldung:ohne AnmeldungEintritt:kostenfreiOrt:Stadtbibliothek im Neuen Ständehaus, Infotheke im 2. OG",https://kalender.karlsruhe.de/db/termine/literatur/onleihe_sprechstunde-138
Ab in den Wald,2025-08-08T09:00:00,Naturschutzzentrum Karlsruhe-Rappenwört,"Hermann-Schneider-Allee 47, 76189 Karlsruhe",48.9961878,8.3035929,"Wie macht man Feuer ohne Feuerzeug und Streichhölzer? Wo kann man unterschlüpfen und sich vor Kälte, Wärme und Nässe schützen? Welche Pflanzen sind essbar? Wie knüpft man ein Survival-Armband?Wir gehen auf Tour durch den Rappenwörter Wald und schauen, wo es uns gefällt. Wir bauen Hütten, schnitzen oder werkeln mit Naturmaterialien. Wir entdecken wilde Tiere und spielen tolle Spiele. Bist Du dabei?Bitte bringt genügend zu vespern und zu trinken mit.Leitung: Elke Müller, WaldpädagoginKostenbeitrag:70 € + 4 € Materialkosten pro Kind für alle TageAnmeldung mit Vorabüberweisung der Teilnahmegebühr bis 01.08.2025 erforderlich.",https://kalender.karlsruhe.de/db/termine/stadtleben/ab_in_den_wald-3
Phantom des Universums,2025-08-03T19:00:00,PLANET KA Planetarium Karlsruhe,"Alter Schlachthof 4, 76131 Karlsruhe",49.0039151,8.4304661,"Die Dunkle Materie ist allgegenwärtig im Universum. Sie ist häufiger als die normale Materie der Sterne und Planeten, aber dennoch unsichtbar. Dass es sie geben muss, zeigen verschiedene astronomische Beobachtungen. Forscher fahnden nach diesem „Phantom des Universums“ mit aufwändigen Experimenten. Begeben Sie sich mit uns auf Spurensuche!Die Show erzählt die Geschichte von der Erforschung der Dunklen Materie, vom Urknall bis zu ihrem indirekten Nachweis im 21. Jahrhundert. Der Film zeigt die ersten Hinweise auf die Existenz der Dunklen Materie in den 1930er Jahren aus der Perspektive von Fritz Zwicky, jenem Wissenschaftler, der den Begriff „Dunkle Materie“ prägte. Er entführt die Zuschauer in die Tiefen einer ehemaligen Goldmine in South Dakota, zum empfindlichsten Dunkle-Materie-Detektor der Welt. Von dort geht es zum Large Hadron Collider, dem weltweit größten und leistungsstärksten Teilchenbeschleuniger am CERN in der Schweiz, wo ein internationales Wissenschaftler-Team zusammenarbeitet, um den Bestandteilen der Dunklen Materie auf die Spur zu kommen. Noch konnte die Dunkle Materie nicht direkt beobachtet werden, doch ihre Existenz wird heute in der Kosmologie kaum noch in Frage gestellt.Produktionsleitung CERN, Berkeley Lab, u.a.Dauer der gesamten Veranstaltung: ca. 60 MinutenEinlass: ab ca. 30 Min. vor Beginn.Bitte beachten: Kein Nacheinlass möglich!Ungenutzte Tickets verfallen ersatzlos.",https://kalender.karlsruhe.de/db/termine/wirtschaft/phantom_des_universums-17
Zeitreise - Vom Urknall zum Menschen,2025-08-03T17:00:00,PLANET KA Planetarium Karlsruhe,"Alter Schlachthof 4, 76131 Karlsruhe",49.0039151,8.4304661,"Wie war das mit dem Urknall? Woher kommen die Sterne und Planeten? Was hat sich auf der Erde abgespielt?Auf einer Zeitreise vom Beginn des Universums bis heute werden Sie Zeuge von der Geburt der ersten Sterne und der Entstehung der Milchstraße. Sie erleben gewaltige Sternexplosionen, katastrophale Kometeneinschläge auf der Ur-Erde und die Entwicklung des Lebens.Um die dabei auftretenden unvorstellbar großen Zeiträume besser zu begreifen, denken wir uns die kosmische Geschichte auf die Länge eines Jahres verkürzt. Das Universum wäre demnach am 1. Januar entstanden und ein Tag entspräche 40 Millionen Jahren in der Wirklichkeit. Das Aussterben der Dinosaurier vor 65 Millionen „realen“ Jahren fiele auf den 30. Dezember des kosmischen Jahres und unsere heutige Zeit, in der wir das Weltall mit Teleskopen erforschen, auf den 31. Dezember kurz vor Mitternacht. Kommen Sie mit auf eine Reise durch rund 14 Milliarden Jahre Weltgeschichte!Eine Produktion zehn deutscher Planetarien, unter anderem des Planetariums Mannheim, und unter Federführung des LWL-Planetariums MünsterDauer der Veranstaltung: ca. 75 MinutenFür Erwachsene und Kinder ab 10 JahrenEinlass: ab ca. 30 Min. vor Beginn.Bitte beachten: Kein Nacheinlass möglich! Bitte seien Sie pünktlich.Ungenutzte Tickets verfallen ersatzlos.",https://kalender.karlsruhe.de/db/termine/wirtschaft/zeitreise_vom_urknall_zum_menschen-12
Ein Sternbild für Flappi,2025-08-03T15:00:00,PLANET KA Planetarium Karlsruhe,"Alter Schlachthof 4, 76131 Karlsruhe",49.0039151,8.4304661,"Kinder- & Familienprogramm:""Ein Sternbild für Flappi""für Kinder ab 4 Jahren und die ganze FamilieFlappi ist anders als die meisten Fledermäuse. Das bekommt sie schon in ihrer Familie zu hören. Es fängt damit an, dass sie nicht wie “anständige Fledermäuse” über Kopf hängend schläft, sondern aufrecht…Vielleicht bringt sie das dazu, dass sie nachts die “Glühwürmchen” am Himmel entdeckt, die aber so weit entfernt sind, dass man sie nicht fangen kann. Ob sie wohl schmecken? – Dass sie “Sterne” heißen, und keine Glühwürmchen sind, erfährt sie von Skybat, der Himmelsfledermaus, die extra vom Mond herabkommt, um der kleinen Flappi auf die Sprünge zu helfen und ihr schon mal ein paar der wichtigsten Sternbilder beizubringen.Ein Sternbild Fledermaus ist jedoch nicht darunter. Es sind bislang alles nur Sternbilder der Menschen.Also macht sie sich selbst auf die Suche durch die Nacht...Ein Plädoyer für Eigensinn und Fantasie.Dauer: gut 1 Stunde. Empfohlen ab 4 Jahren.Einlass: ab ca. 30 Min. vor Beginn.Bitte beachten: Kein Nacheinlass! Bitte seien Sie pünktlich vor Ort.Ungenutzte Tickets verfallen ersatzlos.",https://kalender.karlsruhe.de/db/termine/literatur/ein_sternbild_fur_flappi-20
Lars - der kleine Eisbär,2025-08-03T13:30:00,PLANET KA Planetarium Karlsruhe,"Alter Schlachthof 4, 76131 Karlsruhe",49.0039151,8.4304661,"Lars - der kleine EisbärIn dem spannenden Abenteuer „Kleiner Eisbär in der Walbucht“ von Hans de Beer rettet der kleine Eisbär Lars die Wale vor den Walfängern und aus einer großen Not, in die sie durch das Abschmelzen eines Gletschers geraten sind.Anschließend erfahrt ihr, wie die Eisbären wirklich leben und was ihre Heimat bedroht.Dauer: ca. 1 Stunde. Empfohlen für Kinder von 4 bis 7 Jahren.Einlass: ab 25 Min. vor Beginn.Bitte beachten: Kein Nacheinlass! Bitte seien Sie pünktlich vor Ort.Ungenutzte Tickets verfallen ersatzlos.",https://kalender.karlsruhe.de/db/termine/literatur/lars_der_kleine_eisbar-15
Aurora - Wunder des Nordlichts,2025-08-02T16:30:00,PLANET KA Planetarium Karlsruhe,"Alter Schlachthof 4, 76131 Karlsruhe",49.0039151,8.4304661,"Das Polarlicht gehört zu den wunderbarsten Naturerscheinungen, die man erleben kann: als Nordlicht („Aurora Borealis“) im hohen Norden und als Südlicht („Aurora Australis“) im tiefen Süden.Dem koreanischen Astrophotographen Kwon O Chul gelang es weltweit zum ersten Mal, diese Leuchterscheinung in ihren vielen Facetten aufzunehmen. In Echtzeit und 4K-Auflösung offenbart die ultra-hochempfindliche Kameratechnik die Schönheit und Vielfalt des Polarlichts – ein grandioser Tanz der Formen und Farben im „Rundum-Format“ an der Sternenkuppel des Planetariums!Originalaufnahmen von Bord der Internationalen Raumstation ISS und naturgetreue Computer-Visualisierungen bringen uns Legenden und die wissenschaftliche Untersuchung der Polarlichter näher.Eine Produktion von Kwon O ChulZur Einleitung präsentieren wir live den aktuellen Sternenhimmel über Karlsruhe.Dauer ca. 60 MinutenFür Erwachsene und Kinder ab 10 JahreEinlass: ab ca. 30 Min. vor Beginn.Bitte beachten: Kein Nacheinlass!Ungenutzte Tickets verfallen ersatzlos.",https://kalender.karlsruhe.de/db/termine/wirtschaft/aurora_wunder_des_nordlichts-8
Dinosaurier - die Geschichte des Überlebens,2025-08-02T15:00:00,PLANET KA Planetarium Karlsruhe,"Alter Schlachthof 4, 76131 Karlsruhe",49.0039151,8.4304661,"Wie fast alle Kinder ist Celeste von Dinosauriern fasziniert. Gerade bereitet sie für ihre Klasse einen Vortrag darüber vor, wie die Dinosaurier ausgestorben sind. Da stellt „Mond“, eine weise und magische Figur, eine verlockende Frage: „Was wäre, wenn ich dir sagen würde, dass es noch Dinosaurier unter uns gibt?“Celeste begibt sich mit „Mond“ auf eine Reise durch die Zeit. Dabei erleben sie ein aufregendes Abenteuer, bei dem sie die Erde sehen, wie sie in der fernen Vergangenheit war.Welche faszinierenden Veränderungen machten diese Tiere im Laufe der Jahrmillionen durch? Wie entwickelten sie sich zu riesigen Kreaturen und erschreckenden Raubtieren? Was geschah an dem Tag, an dem ein katastrophaler Einschlag eines Asteroiden ein Massenaussterben auf der Erde verursachte?Doch es ist noch nicht alles verloren. Celeste wird den Schlüssel zum Überleben der Dinosaurier entdecken...Produziert von Render AreaZur Einleitung präsentieren wir live den aktuellen Sternenhimmel über Karlsruhe.Dauer ca. 60 MinutenFür Kinder ab 7 JahrenEinlass ab ca. 30 Min. vor Beginn.Bitte beachten: Kein Nacheinlass!Ungenutzte Tickets verfallen ersatzlos.",https://kalender.karlsruhe.de/db/termine/wirtschaft/dinosaurier_die_geschichte_des_uberlebens-12
Der Regenbogenfisch,2025-08-02T13:30:00,PLANET KA Planetarium Karlsruhe,"Alter Schlachthof 4, 76131 Karlsruhe",49.0039151,8.4304661,"Im Kinder- & Familienprogramm:Der Regenbogenfisch und seine FreundeDer Regenbogenfisch ist der schönste Fisch im weiten Ozean. Sein Schuppenkleid schimmert in allen Farben des Regenbogens: Rot, Orange, Gelb, Grün, Blau, Indigo und Violett. Eines Tages verliert er seine Glitzerschuppe. Um sie wiederzufinden, taucht ab in das tiefe Meer. Dort findet er neue Freunde, die ihm helfen, seine Glitzerschuppe wiederzubekommen.Wir laden Euch ein, gemeinsam mit dem Regenbogenfisch in die Tiefsee zu tauchen. Dabei lernt ihr, wie die Farben im Regenbogen entstehen, und wie man die Fische sogar am Sternhimmel findet..Eine Kuppelproduktion nach den Büchern von Marcus Pfister, erschienen im NordSüd-Verlag.Nach den Büchern „Der Regenbogenfisch stiftet Frieden“ und „Der Regenbogenfisch entdeckt die Tiefsee“, erschienen im NordSüd-Verlag.Dauer: ca. 1 Stunde.Empfohlen für Kinder ab 4 Jahren.Einlass ab ca. 30 Minuten vor BeginnBitte beachten: Kein Nacheinlass! Bitte seien Sie pünktlich vor Ort.Ungenutzte Tickets verfallen ersatzlos.",https://kalender.karlsruhe.de/db/termine/literatur/der_regenbogenfisch-19
Zeitreise - Vom Urknall zum Menschen,2025-08-01T21:00:00,PLANET KA Planetarium Karlsruhe,"Alter Schlachthof 4, 76131 Karlsruhe",49.0039151,8.4304661,"Wie war das mit dem Urknall? Woher kommen die Sterne und Planeten? Was hat sich auf der Erde abgespielt?Auf einer Zeitreise vom Beginn des Universums bis heute werden Sie Zeuge von der Geburt der ersten Sterne und der Entstehung der Milchstraße. Sie erleben gewaltige Sternexplosionen, katastrophale Kometeneinschläge auf der Ur-Erde und die Entwicklung des Lebens.Um die dabei auftretenden unvorstellbar großen Zeiträume besser zu begreifen, denken wir uns die kosmische Geschichte auf die Länge eines Jahres verkürzt. Das Universum wäre demnach am 1. Januar entstanden und ein Tag entspräche 40 Millionen Jahren in der Wirklichkeit. Das Aussterben der Dinosaurier vor 65 Millionen „realen“ Jahren fiele auf den 30. Dezember des kosmischen Jahres und unsere heutige Zeit, in der wir das Weltall mit Teleskopen erforschen, auf den 31. Dezember kurz vor Mitternacht. Kommen Sie mit auf eine Reise durch rund 14 Milliarden Jahre Weltgeschichte!Eine Produktion zehn deutscher Planetarien, unter anderem des Planetariums Mannheim, und unter Federführung des LWL-Planetariums MünsterDauer der Veranstaltung: ca. 75 MinutenFür Erwachsene und Kinder ab 10 JahrenEinlass: ab ca. 30 Min. vor Beginn.Bitte beachten: Kein Nacheinlass möglich! Bitte seien Sie pünktlich.Ungenutzte Tickets verfallen ersatzlos.",https://kalender.karlsruhe.de/db/termine/wirtschaft/zeitreise_vom_urknall_zum_menschen-11
Aurora - Wunder des Nordlichts,2025-08-01T19:00:00,PLANET KA Planetarium Karlsruhe,"Alter Schlachthof 4, 76131 Karlsruhe",49.0039151,8.4304661,"Das Polarlicht gehört zu den wunderbarsten Naturerscheinungen, die man erleben kann: als Nordlicht („Aurora Borealis“) im hohen Norden und als Südlicht („Aurora Australis“) im tiefen Süden.Dem koreanischen Astrophotographen Kwon O Chul gelang es weltweit zum ersten Mal, diese Leuchterscheinung in ihren vielen Facetten aufzunehmen. In Echtzeit und 4K-Auflösung offenbart die ultra-hochempfindliche Kameratechnik die Schönheit und Vielfalt des Polarlichts – ein grandioser Tanz der Formen und Farben im „Rundum-Format“ an der Sternenkuppel des Planetariums!Originalaufnahmen von Bord der Internationalen Raumstation ISS und naturgetreue Computer-Visualisierungen bringen uns Legenden und die wissenschaftliche Untersuchung der Polarlichter näher.Eine Produktion von Kwon O ChulZur Einleitung präsentieren wir live den aktuellen Sternenhimmel über Karlsruhe.Dauer ca. 60 MinutenFür Erwachsene und Kinder ab 10 JahreEinlass: ab ca. 30 Min. vor Beginn.Bitte beachten: Kein Nacheinlass!Ungenutzte Tickets verfallen ersatzlos.",https://kalender.karlsruhe.de/db/termine/wirtschaft/aurora_wunder_des_nordlichts-7
Dinosaurier - die Geschichte des Überlebens,2025-08-01T17:00:00,PLANET KA Planetarium Karlsruhe,"Alter Schlachthof 4, 76131 Karlsruhe",49.0039151,8.4304661,"Wie fast alle Kinder ist Celeste von Dinosauriern fasziniert. Gerade bereitet sie für ihre Klasse einen Vortrag darüber vor, wie die Dinosaurier ausgestorben sind. Da stellt „Mond“, eine weise und magische Figur, eine verlockende Frage: „Was wäre, wenn ich dir sagen würde, dass es noch Dinosaurier unter uns gibt?“Celeste begibt sich mit „Mond“ auf eine Reise durch die Zeit. Dabei erleben sie ein aufregendes Abenteuer, bei dem sie die Erde sehen, wie sie in der fernen Vergangenheit war.Welche faszinierenden Veränderungen machten diese Tiere im Laufe der Jahrmillionen durch? Wie entwickelten sie sich zu riesigen Kreaturen und erschreckenden Raubtieren? Was geschah an dem Tag, an dem ein katastrophaler Einschlag eines Asteroiden ein Massenaussterben auf der Erde verursachte?Doch es ist noch nicht alles verloren. Celeste wird den Schlüssel zum Überleben der Dinosaurier entdecken...Produziert von Render AreaZur Einleitung präsentieren wir live den aktuellen Sternenhimmel über Karlsruhe.Dauer ca. 60 MinutenFür Kinder ab 7 JahrenEinlass ab ca. 30 Min. vor Beginn.Bitte beachten: Kein Nacheinlass!Ungenutzte Tickets verfallen ersatzlos.",https://kalender.karlsruhe.de/db/termine/wirtschaft/dinosaurier_die_geschichte_des_uberlebens-11
Zeitreise - Vom Urknall zum Menschen,2025-07-31T19:00:00,PLANET KA Planetarium Karlsruhe,"Alter Schlachthof 4, 76131 Karlsruhe",49.0039151,8.4304661,"Wie war das mit dem Urknall? Woher kommen die Sterne und Planeten? Was hat sich auf der Erde abgespielt?Auf einer Zeitreise vom Beginn des Universums bis heute werden Sie Zeuge von der Geburt der ersten Sterne und der Entstehung der Milchstraße. Sie erleben gewaltige Sternexplosionen, katastrophale Kometeneinschläge auf der Ur-Erde und die Entwicklung des Lebens.Um die dabei auftretenden unvorstellbar großen Zeiträume besser zu begreifen, denken wir uns die kosmische Geschichte auf die Länge eines Jahres verkürzt. Das Universum wäre demnach am 1. Januar entstanden und ein Tag entspräche 40 Millionen Jahren in der Wirklichkeit. Das Aussterben der Dinosaurier vor 65 Millionen „realen“ Jahren fiele auf den 30. Dezember des kosmischen Jahres und unsere heutige Zeit, in der wir das Weltall mit Teleskopen erforschen, auf den 31. Dezember kurz vor Mitternacht. Kommen Sie mit auf eine Reise durch rund 14 Milliarden Jahre Weltgeschichte!Eine Produktion zehn deutscher Planetarien, unter anderem des Planetariums Mannheim, und unter Federführung des LWL-Planetariums MünsterDauer der Veranstaltung: ca. 75 MinutenFür Erwachsene und Kinder ab 10 JahrenEinlass: ab ca. 30 Min. vor Beginn.Bitte beachten: Kein Nacheinlass möglich! Bitte seien Sie pünktlich.Ungenutzte Tickets verfallen ersatzlos.",https://kalender.karlsruhe.de/db/termine/wirtschaft/zeitreise_vom_urknall_zum_menschen-10
Die SONNE - unser lebendiger Stern,2025-07-31T17:00:00,PLANET KA Planetarium Karlsruhe,"Alter Schlachthof 4, 76131 Karlsruhe",49.0039151,8.4304661,"Die SONNE - unser lebendiger SternDie Sonne scheint schon seit viereinhalb Milliarden Jahren auf unsere Erde und erwärmt sie inmitten eines unbarmherzig kalten Weltraums. Sie ist unser nächster Stern und das Kraftwerk unseres Planeten, die Quelle der Energie, die Wind und Wetter und alles Leben antreibt.Der Lauf der Sonnenscheibe über den Himmel - Tag für Tag, Monat für Monat - war für unzählige frühere Zivilisationen die einzige Möglichkeit, die Zeit zu messen.Die Sonne hat es in sich: Obwohl die Sonne ein typischer Zwergstern ist, verbraucht sie jede Sekunde 600 Millionen Tonnen Wasserstoff und ist 500 Mal so massiv wie alle Planeten zusammen.Entdecken Sie die Geheimnisse unseres Sterns in dieser Planetariumsshow und erleben Sie nie zuvor gesehene Bilder der gewaltigen Oberfläche der Sonne in einem beeindruckenden Fulldome-Format und lernen Sie den wichtigsten Stern Ihres Lebens besser kennen!Dauer der Veranstaltung: ca. 60 MinutenAb 10 JahrenEinlass: jeweils ab ca. 30 Min. vor Beginn.Bitte beachten: Kein Nacheinlass möglich!Ungenutzte Tickets verfallen ersatzlos.",https://kalender.karlsruhe.de/db/termine/wirtschaft/die_sonne_unser_lebendiger_stern-21
Dinosaurier - die Geschichte des Überlebens,2025-07-31T15:00:00,PLANET KA Planetarium Karlsruhe,"Alter Schlachthof 4, 76131 Karlsruhe",49.0039151,8.4304661,"Wie fast alle Kinder ist Celeste von Dinosauriern fasziniert. Gerade bereitet sie für ihre Klasse einen Vortrag darüber vor, wie die Dinosaurier ausgestorben sind. Da stellt „Mond“, eine weise und magische Figur, eine verlockende Frage: „Was wäre, wenn ich dir sagen würde, dass es noch Dinosaurier unter uns gibt?“Celeste begibt sich mit „Mond“ auf eine Reise durch die Zeit. Dabei erleben sie ein aufregendes Abenteuer, bei dem sie die Erde sehen, wie sie in der fernen Vergangenheit war.Welche faszinierenden Veränderungen machten diese Tiere im Laufe der Jahrmillionen durch? Wie entwickelten sie sich zu riesigen Kreaturen und erschreckenden Raubtieren? Was geschah an dem Tag, an dem ein katastrophaler Einschlag eines Asteroiden ein Massenaussterben auf der Erde verursachte?Doch es ist noch nicht alles verloren. Celeste wird den Schlüssel zum Überleben der Dinosaurier entdecken...Produziert von Render AreaZur Einleitung präsentieren wir live den aktuellen Sternenhimmel über Karlsruhe.Dauer ca. 60 MinutenFür Kinder ab 7 JahrenEinlass ab ca. 30 Min. vor Beginn.Bitte beachten: Kein Nacheinlass!Ungenutzte Tickets verfallen ersatzlos.",https://kalender.karlsruhe.de/db/termine/wirtschaft/dinosaurier_die_geschichte_des_uberlebens-10
Informationsveranstaltung zur invasiven Ameisenart Tapinoma magnum,2025-07-30T18:00:00,Rathaus am Marktplatz (Bürgersaal),Karl-Friedrich-Straße 10,49.0085962,8.4032425,"Die Stadtverwaltung lädt alle interessierten und betroffenen Bürgerinnen und Bürger zu einer Informationsveranstaltung zur invasiven Ameisenart Tapinoma magnum in den Bürgersaal des Rathauses am Marktplatz ein. Nach einer Begrüßung durch Bürgermeisterin Bettina Lisbach wird Diplom-Biologe Dr.Manfred Verhaagh, früherer Leiter der Insektenkunde und seit 2025 ehrenamtlicher Mitarbeiter des Naturkundemuseums Karlsruhe, über die neuesten wissenschaftlichen Erkenntnisse zur Biologie und Ausbreitung von Tapinoma magnum berichten. Er wird zudem Methoden zur Bekämpfung und Prävention vorstellen sowie über das Forschungsprojekt zur Tapinoma magnum berichten.Anschließend informiert die Stadtverwaltung über die rechtlichen Grundlagen sowie über geplante Maßnahmen gegen die Ameisenart. Im Anschluss haben die Anwesenden Gelegenheit, Fragen zu stellen und Anregungen einzubringen.Foto: Dr. Manfred Verhaagh",https://kalender.karlsruhe.de/db/termine/stadtleben/informationsveranstaltung_zur_invasiven
Vortrag: Unheimlicher Riffbewohner – die faszinierende Spurensuche nach dem Karlsruher Riesenwurm,2025-07-28T18:30:00,Staatliches Museum für Naturkunde Karlsruhe,"Erbprinzenstraße 13, 76133 Karlsruhe",49.0069855,8.4001442,"Montag, 28.7.2025, 18.30 Uhrvonapl. Prof. Dr. habil. Markus Böggemann (Universität Vechta)Eintritt freiDer Borstenwurm im Karlsruher Korallenriff hatte im April für Aufsehen gesorgt – nun kommt Markus Böggemann von der Universität Vechta ins Museum, um über die neuesten Erkenntnisse bei der Erforschung des heimlichen Untermieters zu berichten.Noch war nicht alles geklärt: Um welche Art könnte es sich handeln? Wie groß war das Tier ursprünglich? Wie viel vom Körper fehlt? Wovon hat es sich ernährt? Wieso ist es aufgetaucht? Und hat der „Kopf“ überlebt?Anhand diverser wissenschaftlicher Untersuchungsmethoden wird versucht, einen Teil dieser bisher ungelösten Fragen zu klären. Darüber hinaus gibt es einen Einblick in die faszinierende Welt der Polychaeten (Vielborster, eine Klasse der Ringelwürmer).Die Vorgeschichte:Schon geraume Zeit hatte Vivariums-Chef Johann Kirchhauser seltsame Fraßspuren an seinen Korallen beobachtet und nach dem Verursacher gesucht. Das über 240.000 Liter fassende Aquarium beherbergt das größte lebende Korallenriff Deutschlands. Ausgerechnet am ersten April wurde er fündig: Ein Riesen-Borstenwurm, der trotz seiner mutmaßlichen Körperlänge von stolzen 1,5 m jahrelang verborgen im Korallenriff gelebt hat. Kirchhauser hatte schon vermutet, dass es sich um einen gigantischen Verwandten der Regenwürmer handeln könnte: Nach den ersten Fraßspuren waren spinnenwebartige Gebilde aufgetaucht, die sich in der Nähe der angefressenen Koralle aufspannten. – Gespinströhren, die Borstenwürmern als Unterschlupf dienen und in die sie sich tagsüber zurückziehen.Mit dem Fund des Riesenwurms im Becken war der Fall jetzt klar. Proben des Tieres wurden zur Bestimmung an den Experten Böggemann geschickt, der nun über seine Ergebnisse berichtet.",https://kalender.karlsruhe.de/db/termine/ausstellungen/vortrag_unheimlicher_riffbewohner_die
Treffpunkt Hardtwaldzentrum,2025-07-28T15:00:00,Hardtwaldzentrum,"Kanalweg 40/42, 76149 Karlsruhe",49.0305562,8.3930973,"Zusammenhocken, Tee oder Kaffee trinken, miteinander plaudern, spielen oder stricken für nen guten Zweck: Der ""Treffpunkt Hardtwaldzentrum"" ist ein generationenübergreifendes Angebot für alle.Eine gute Gelegenheit, neue Menschen kennenzulernen oder bekannte Gesichter wieder zu treffen.Ort ist der Raum ""Offener Treff"" (Untergeschoss) im Hardtwaldzentrum (Kanalweg 40/42, 76149 Karlsruhe).Das Hardtwaldzentrum ist barrierefrei, der Haupteingang ist im Innenhof und über eine lange Metallrampe erreichbar (Nebeneingänge sind verschlossen).Das Angebot wird von der Stadt Karlsruhe gefördert und ist kostenfrei. Eine Anmeldung ist nicht erforderlich.",https://kalender.karlsruhe.de/db/termine/stadtleben/treffpunkt_hardtwaldzentrum-3
Klavierrezital,2025-07-25T12:15:00,Kleine Kirche Karlsruhe,"Kaiserstraße 131 nähe Marktplatz,  Karlsruhe",,,"Werke vonGeorg FriedrichHändel, FranzSchubert, FannyHenselund FranzLisztTomonori Murakami, KlavierProgrammGeorg FriedrichHändel(1685-1759)Chaconne G-Dur, HWV 435FranzLiszt(1811-1886)Réminiscences de Norma, S. 394(nach Vincenzo Bellini)FannyHensel(1805-1847)Vier Lieder für das Pianoforte, op. 6I. Andante espressivoII. Allegro vivaceIII. Andante cantabileIV. „Il saltarello romano“ Allegro moltoFranzSchubert(1797-1828)„Wanderer-Fantasie“ C-Dur, op. 15, D 760I. Allegro con fuoco ma non troppoII. AdagioIII. PrestoIV. Allegro",https://kalender.karlsruhe.de/db/termine/musik/klavierrezital-1
Aliens: Ferne Welten - fremdes Leben?,2025-08-07T21:00:00,PLANET KA Planetarium Karlsruhe,"Alter Schlachthof 4, 76131 Karlsruhe",49.0039151,8.4304661,"Wohl keine andere Frage, die wir über das Universum stellen können, beschäftigt uns so stark, und wohl keine Entdeckung hätte so große Bedeutung für unser Weltbild wie die außerirdischer Lebewesen. In den letzten Jahren haben wir unglaubliche Fortschritte gemacht. – und in unserer brandneuen Planetariumsshow sind Sie hautnah dabei!Begleiten Sie uns auf einer fantastischen Spurensuche im Kosmos. Vielleicht werden wir schon vor unserer Haustür, in unserem Sonnensystem, fündig? Landen Sie mit einer Raumsonde auf dem Mars, auf dem in ferner Vergangenheit womöglich einmal Leben entstand. Erforschen Sie den Jupitermond Europa, unter dessen dickem Eispanzer sich ein gewaltiger Ozean verbirgt!Stoßen Sie dann zu den Sternen vor, den Geschwistern der Sonne, und nehmen Sie teil an der aufregenden Jagd nach erdähnlichen Planeten! Die ersten Kandidaten für bewohnbare Planeten sind schon gefunden. Aber die fernen Welten sind fremdartig: Wie mag das Leben aussehen, das sich dort – vielleicht – entwickelt hat? Lassen wir unsere Fantasie spielen … und fragen wir uns, wie die Chancen stehen, jemals intelligente Außerirdische zu finden, mit denen wir Kontakt aufnehmen können!Eine Produktion der Planetarien Münster, Bochum, Kiel, Mannheim, Wolfsburg und Osnabrück.Empfohlen ab ca. 10 JahrenProgrammdauer ca. 60 MinutenEinlass: ab ca. 30 Min. vor BeginnBitte beachten: Kein Nacheinlass möglich!Ungenutzte Tickets verfallen ersatzlos.",https://kalender.karlsruhe.de/db/termine/wirtschaft/aliens_ferne_welten_fremdes_leben-13
BADI ASSAD & ANNA TRÉA,2025-08-07T20:30:00,Kulturzentrum Tollhaus,"Alter Schlachthof 35, 76131 Karlsruhe",49.0044252,8.4317094,"Das Duo Badi Assad & Anna Tréa ist das neueste Projekt der brasilianischen Musiklegende Badi Assad, das diesen Sommer mit den ersten Konzerten in Deutschland Weltpremiere feiert. Assad ist als Gitarristin, Sängerin, Body- and Mouthpercussionistin eine One Woman Band, die auf höchstem Niveau brasilianische Traditionen mit Jazz und experimenteller, genauso wie populärer Musik verbindet. Ihre eine Generation jüngere Landsfrau Anna Tréa, die aus São Paulo stammt und in Barcelona lebt, kombiniert Gitarre, Bass und Perkussion in einer ebenso sinnlichen und innovativen Weise und erfindet die Grenzen ihrer Instrumente neu und schafft überraschende  und aufregende Klanglandschaften. Auf einer Musikmesse hatten sich die beiden Künstlerinnen getroffen, sich verabredet und bei der ersten Studiosession schnell festgestellt, dass sie perfekt harmonieren. Über Generationen und alle Schubladen hinweg, völlig frei, mit unglaublicher Energie und Bühnenpräsenz – unverkennbar brasilianisch, musikalisch auf höchstem Niveau und immer vor Spielfreude strahlend, spielen die beiden Badis und Annas Stücke genauso wie brasilianische Meilensteine in neuen Versionen.",https://kalender.karlsruhe.de/db/termine/musik/badi_assad_anna_trea
Zeitreise - Vom Urknall zum Menschen,2025-08-07T19:00:00,PLANET KA Planetarium Karlsruhe,"Alter Schlachthof 4, 76131 Karlsruhe",49.0039151,8.4304661,"Wie war das mit dem Urknall? Woher kommen die Sterne und Planeten? Was hat sich auf der Erde abgespielt?Auf einer Zeitreise vom Beginn des Universums bis heute werden Sie Zeuge von der Geburt der ersten Sterne und der Entstehung der Milchstraße. Sie erleben gewaltige Sternexplosionen, katastrophale Kometeneinschläge auf der Ur-Erde und die Entwicklung des Lebens.Um die dabei auftretenden unvorstellbar großen Zeiträume besser zu begreifen, denken wir uns die kosmische Geschichte auf die Länge eines Jahres verkürzt. Das Universum wäre demnach am 1. Januar entstanden und ein Tag entspräche 40 Millionen Jahren in der Wirklichkeit. Das Aussterben der Dinosaurier vor 65 Millionen „realen“ Jahren fiele auf den 30. Dezember des kosmischen Jahres und unsere heutige Zeit, in der wir das Weltall mit Teleskopen erforschen, auf den 31. Dezember kurz vor Mitternacht. Kommen Sie mit auf eine Reise durch rund 14 Milliarden Jahre Weltgeschichte!Eine Produktion zehn deutscher Planetarien, unter anderem des Planetariums Mannheim, und unter Federführung des LWL-Planetariums MünsterDauer der Veranstaltung: ca. 75 MinutenFür Erwachsene und Kinder ab 10 JahrenEinlass: ab ca. 30 Min. vor Beginn.Bitte beachten: Kein Nacheinlass möglich! Bitte seien Sie pünktlich.Ungenutzte Tickets verfallen ersatzlos.",https://kalender.karlsruhe.de/db/termine/wirtschaft/zeitreise_vom_urknall_zum_menschen-13
Durlacher Kultursommer 2025,2025-08-07T19:00:00,"Durlach, Alter Friedhof",,,,"Irgendwas ist immer! Punkt. Dem ist nichts hinzuzufügen. Was auch? Wer kennt nicht all die großen Kleinigkeiten und kleinen Großartigkeiten, die unsere Lebens- und Alltagspläne durchkreuzen? Ansgar Hufnagel steht mit selbstironisch fluffig pointierter Manier auf der Bühne. Humorvoll, treffend...",https://kalender.karlsruhe.de/db/termine/stadtleben/durlacher_kultursommer2025n-11
Karaoke,2025-08-07T18:00:00,"Kaiserstraße 47, Kulturküche","Kaiserstraße 47, 76131 Karlsruhe",49.0090696,8.412492,"Lust auf einen Abend voller Musik und guter Laune? Dann komm zu Karaoke mit Patrick und zeig dein Talent – oder sing einfach aus Spaß mit! Egal ob Solo, Duett oder Gruppenauftritt – hier zählt nur der Spaß am Singen.Jeden 1. Donnerstag im MonatWir freuen uns auf euch!",https://kalender.karlsruhe.de/db/termine/musik/karaoke-2
Die SONNE - unser lebendiger Stern,2025-08-07T17:00:00,PLANET KA Planetarium Karlsruhe,"Alter Schlachthof 4, 76131 Karlsruhe",49.0039151,8.4304661,"Die SONNE - unser lebendiger SternDie Sonne scheint schon seit viereinhalb Milliarden Jahren auf unsere Erde und erwärmt sie inmitten eines unbarmherzig kalten Weltraums. Sie ist unser nächster Stern und das Kraftwerk unseres Planeten, die Quelle der Energie, die Wind und Wetter und alles Leben antreibt.Der Lauf der Sonnenscheibe über den Himmel - Tag für Tag, Monat für Monat - war für unzählige frühere Zivilisationen die einzige Möglichkeit, die Zeit zu messen.Die Sonne hat es in sich: Obwohl die Sonne ein typischer Zwergstern ist, verbraucht sie jede Sekunde 600 Millionen Tonnen Wasserstoff und ist 500 Mal so massiv wie alle Planeten zusammen.Entdecken Sie die Geheimnisse unseres Sterns in dieser Planetariumsshow und erleben Sie nie zuvor gesehene Bilder der gewaltigen Oberfläche der Sonne in einem beeindruckenden Fulldome-Format und lernen Sie den wichtigsten Stern Ihres Lebens besser kennen!Dauer der Veranstaltung: ca. 60 MinutenAb 10 JahrenEinlass: jeweils ab ca. 30 Min. vor Beginn.Bitte beachten: Kein Nacheinlass möglich!Ungenutzte Tickets verfallen ersatzlos.",https://kalender.karlsruhe.de/db/termine/wirtschaft/die_sonne_unser_lebendiger_stern-22
Onleihe Sprechstunde,2025-08-07T17:00:00,Stadtbibliothek Karlsruhe - Stadtbibliothek im Neuen Ständehaus,"Ständehausstraße 2, 76133 Karlsruhe",49.0089211,8.4003588,"Die kostenlose Sprech­stunde richtet sich an alle Inter­es­sier­ten mitindivi­du­el­len Fragen rund um die digitale Bibliothek ""Onleihe"". Fachleute der Stadt­bi­blio­thek beant­wor­ten Fragen und zeigen die Handhabung an entspre­chen­den Lesege­rä­ten (E-Book-Reader oder Tablets). Es dürfen gerne eigene Geräte mitge­bracht werden. Eine Anmeldung ist nicht erfor­der­lich.Zielgruppe:Onleihe Nutzer*innenAnmeldung:ohne AnmeldungEintritt:kostenfreiOrt:Stadtbibliothek im Neuen Ständehaus, Infotheke im 2. OG",https://kalender.karlsruhe.de/db/termine/literatur/onleihe_sprechstunde-89
Experimente (5–7 Jahre): Licht,2025-08-07T15:30:00,Staatliches Museum für Naturkunde Karlsruhe,"Erbprinzenstraße 13, 76133 Karlsruhe",49.0069855,8.4001442,Naturwissenschaftliche Experimente für KinderUnsere Experimentekurse für 5- bis 7-Jährige – hier können Kinder verschiedene Themen aus den Naturwissenschaften spielerisch erforschen.Nach acht besuchten Kursen erhalten die Kinder ein Diplom.Mit freundlicher Unterstützung der Jugendstiftung der Sparkasse Karlsruhe.Dauer: ¾ StundeKosten inkl. Eintritt und MaterialAnmeldung online ab 18. Juni möglich,https://kalender.karlsruhe.de/db/termine/ausstellungen/experimente_57_jahre_licht-3
Der Regenbogenfisch,2025-08-07T15:00:00,PLANET KA Planetarium Karlsruhe,"Alter Schlachthof 4, 76131 Karlsruhe",49.0039151,8.4304661,"Im Kinder- & Familienprogramm:Der Regenbogenfisch und seine FreundeDer Regenbogenfisch ist der schönste Fisch im weiten Ozean. Sein Schuppenkleid schimmert in allen Farben des Regenbogens: Rot, Orange, Gelb, Grün, Blau, Indigo und Violett. Eines Tages verliert er seine Glitzerschuppe. Um sie wiederzufinden, taucht ab in das tiefe Meer. Dort findet er neue Freunde, die ihm helfen, seine Glitzerschuppe wiederzubekommen.Wir laden Euch ein, gemeinsam mit dem Regenbogenfisch in die Tiefsee zu tauchen. Dabei lernt ihr, wie die Farben im Regenbogen entstehen, und wie man die Fische sogar am Sternhimmel findet..Eine Kuppelproduktion nach den Büchern von Marcus Pfister, erschienen im NordSüd-Verlag.Nach den Büchern „Der Regenbogenfisch stiftet Frieden“ und „Der Regenbogenfisch entdeckt die Tiefsee“, erschienen im NordSüd-Verlag.Dauer: ca. 1 Stunde.Empfohlen für Kinder ab 4 Jahren.Einlass ab ca. 30 Minuten vor BeginnBitte beachten: Kein Nacheinlass! Bitte seien Sie pünktlich vor Ort.Ungenutzte Tickets verfallen ersatzlos.",https://kalender.karlsruhe.de/db/termine/literatur/der_regenbogenfisch-20
Experimente (5–7 Jahre): Licht,2025-08-07T14:30:00,Staatliches Museum für Naturkunde Karlsruhe,"Erbprinzenstraße 13, 76133 Karlsruhe",49.0069855,8.4001442,Naturwissenschaftliche Experimente für KinderUnsere Experimentekurse für 5- bis 7-Jährige – hier können Kinder verschiedene Themen aus den Naturwissenschaften spielerisch erforschen.Nach acht besuchten Kursen erhalten die Kinder ein Diplom.Mit freundlicher Unterstützung der Jugendstiftung der Sparkasse Karlsruhe.Dauer: ¾ StundeKosten inkl. Eintritt und MaterialAnmeldung online ab 18. Juni möglich,https://kalender.karlsruhe.de/db/termine/ausstellungen/experimente_57_jahre_licht-2
Stadtführung Karlsruhe,2025-08-07T14:00:00,City Tour durch Karlsruhe,,,,"Plant ihr, Karlsruhe ein wenig näher kennenzulernen? Die lebendige ehemalige Landeshauptstadt von Baden, wartet darauf, von euch entdeckt zu werden. Bei Stadtführungen in Karlsruhe könnt ihr Kultur, Sehenswürdigkeiten und Geschichte hautnah erleben. Eine geführte Tour bietet euch die Möglichkeit, die Schönheit und Vielfalt von Karlsruhe zu entdecken und euch begeistern zu lassen.Auch andere zusätzliche Termine sind jederzeit nach Rücksprache mit dem Veranstalter möglich.Treffpunkt: Direkt vor dem Rathaus der Stadt KarlsruhePreise:Erwachsene: Euro 10,00Kinder und Jugendliche 6-14 Jahre: freiInfoTel.: 0721/91679888 oder mobil 0170/2935072Internet: www.stadtfuehrungen-karlsruhe.deAnmeldung erforderlichMindestteilnehmerzahl: 6 Personen",https://kalender.karlsruhe.de/db/termine/stadtleben/stadtfuhrung_karlsruhe-192
Heimatstadt Karlsruhe Stadtführung,2025-08-07T14:00:00,Tourist-Information am Marktplatz,"Kaiserstraße 72-74, 76133 Karlsruhe",49.0097995,8.4041251,"Trotz seinen gerade einmal 300 Jahren blickt Karlsruhe auf eine bewegte Vergangenheit zurück. Als barocke Planstadt ein Novum seiner Zeit, hat sich die Stadt diesen Pioniergeist bis heute erhalten. Unterwegs mit unseren Stadtführern erfahren Sie alles über die Entstehung Karlsruhes und den Werdegang der Stadt zu einem wichtigen Kultur- und Innovationsstandort. Gespickt mit witzigen Anekdoten und den persönlichen Geheimtipps unserer besten Stadtkenner wird jede Führung ein besonderes Erlebnis.",https://kalender.karlsruhe.de/db/termine/stadtleben/heimatstadt_karlsruhe_stadtfuhrung-298
Ferienprogramm (8–10 Jahre): Wandertag der Tiere,2025-08-07T10:00:00,Staatliches Museum für Naturkunde Karlsruhe,"Erbprinzenstraße 13, 76133 Karlsruhe",49.0069855,8.4001442,Ferienprogramm für 8- bis 10-JährigeDauer: 3 Std.Anmeldung online ab 18. Juni möglich,https://kalender.karlsruhe.de/db/termine/ausstellungen/ferienprogramm_810_jahre_wandertag_der_tiere-1
Museum erleben – Angebot für Menschen mit Demenz,2025-08-07T10:00:00,Staatliches Museum für Naturkunde Karlsruhe,"Erbprinzenstraße 13, 76133 Karlsruhe",49.0069855,8.4001442,in Kooperation mit dem Netzwerk Demenz der Stadt KarlsruheAnmeldung bis eine Woche vor dem Termn  im Seniorenbüro der Stadt Karlsruhe telefonisch unter (0721)133 5665 oder per E-Mail anvernetzung-dement@sjb.karlsruhe.deDauer: ca. 1 1/2 Std.Eintritt und Teilnahme frei,https://kalender.karlsruhe.de/db/termine/ausstellungen/museum_erleben_angebot_fur_menschen_mit_demenz-2
Museum erleben für Menschen mit Demenz und ihre Begleiter*innen,2025-08-07T10:00:00,Naturkundemuseum KA,"Erbprinzenstraße 13, 76133 Karlsruhe",49.0069855,8.4001442,"Ganz nach dem Motto „Gemeinsam eine gute Zeit verbringen“ laden wir Sie, Menschen mit Demenz und Ihre Angehörigen/Begleiter*innen ein, eine spannende und interessante Zeit im Naturkundemuseum Karlsruhe zu erleben. Wir wollen miteinander die Welt der Meeresbewohner erkunden und über Farben und Formen staunen. Brigit Grosshans, Demenzberaterin und Anna Ziegler, Gerontologin (FH) am Geriatrischen Zentrum Karlsruhe begleiten Sie. Den Eintritt ins Museum übernimmt das Netzwerk Demenz Karlsruhe.Bitte melden Sie sich beim Seniorenbüro der Stadt Karlsruhe an.Telefon:0721 133-5665oder E-Mail:vernetzung-demenz@sjb.karlsruhe.de",https://kalender.karlsruhe.de/db/termine/stadtleben/museum_erleben_fur_menschen_mit_demenz-1
Von der Erde zum Universum,2025-08-08T21:00:00,PLANET KA Planetarium Karlsruhe,"Alter Schlachthof 4, 76131 Karlsruhe",49.0039151,8.4304661,"Der Nachthimmel, wunderschön und mysteriös zugleich, stand schon zu Anbeginn der Menschheit im Mittelpunkt von Lagerfeuergeschichten und alten Mythen. Der Wunsch, das Universum zu verstehen, ist vielleicht das älteste gemeinsame intellektuelle Bestreben der Menschen. Doch erst vor Kurzem haben wir begonnen unseren Platz im Kosmos zu verstehen. In Von der Erde zum Universum laden wir Sie ein, an der Entdeckungsreise des Himmels teilzunehmen. Sie beginnt bei den Theorien der alten griechischen Astronomen und führt bis zu den riesigen Teleskopen der Gegenwart. Diese Reise durch Raum und Zeit zeigt uns mit faszinierenden Bildern und Soundeffekten das Universum, wie die Wissenschaft es uns seit Erfindung des Teleskops zugänglich gemacht hat.Regie führte der junge griechische Regisseur Theofanis N. Matsopoulos, der mitreißende Soundtrack stammt vom norwegischen Komponisten Johan B. Monell.Matsopoulos beschreibt den Film als „eine farbenprächtige und inspirierende Reise, deren Bilder beeindrucken und für sich selbst sprechen, da sie den Ehrgeiz der Menschheit widerspiegeln, der uns bei der Beobachtung und dem Verständnis des Universums so weit gebracht hat.“Die deutsche Version von Von der Erde zum Universum wurde vom Planetarium Hamburg produziert. Thomas W. Kraupe übersetzte das Skript und Regina Lemnitz ist die Sprecherin, aufgenommen am Primetime Studio in Hamburg.Dauer der Veranstaltung: ca. 60 MinutenGeeignet auch für Kinder ab ca. 10 Jahren und JugendlicheEinlass: ca. 30 Min. vor Beginn.Bitte beachten: Kein Nacheinlass möglich!Ungenutzte Tickets verfallen ersatzlos.",https://kalender.karlsruhe.de/db/termine/wirtschaft/von_der_erde_zum_universum-9
ŠUMA ČOVJEK,2025-08-08T20:30:00,Kulturzentrum Tollhaus,"Alter Schlachthof 35, 76131 Karlsruhe",49.0044252,8.4317094,"Mit einer exzentrische Mischung aus melancholischen Balladen, rhythmischen Balkan-Pop-Rock-Stücken, orientalischen Beats und furiosen Bläserklängen zerpflückt die transkulturelle schweizerisch-bosnisch-algerische Band die Klischees des klassischen Balkan-Pops. Mit herzergreifenden Texten in abwechslungsreichen Arrangements und Bläser-Beats berühren ihre Live Konzerte das Publikum emotional auf vielen Ebenen.Der Titelsong ihres aktuellen, dritten Studioalbums ""Ringišpil"" erinnert an die fröhlich, überdrehte und doch verträumte Musik aus bekannten Balkanfilmen. Der serbo-kroatische Refrain wird von einer hymnischen Melodielinie mit Streichern und Bläsern unterstützt. Dazu kommt der energiegeladene französische Sprechgesang, begleitet von stampfenden Polkabeats. Mit akrobatischen Luftsprüngen zwischen Französisch, Kroatisch und Arabisch werden Gesellschaftsthemen, aber auch persönliche Erfahrungen und Lebensfragen in den Muttersprachen der beiden Frontsänger Ivica Petrušić und Hafid Derbal aufgegriffen. Kaum jemand kann alles verstehen, aber das, was Šuma Čovjek live zaubert, bringt letztlich jede und jeden zum Tanzen.",https://kalender.karlsruhe.de/db/termine/musik/suma_covjek
Poetry Slam Kulturspätschicht,2025-08-08T20:00:00,Z10,"Zähringerstraße 10, 76131 Karlsruhe",49.0085922,8.4141338,"Ein letztes Mal Poetry-Slam im Sommer - wenn ihr den Lernstress vergessen wollt und euren Kopf mit wichtigen Dingen füllen wollt, kommt gerne vorbei! Wie immer auch mit offener Liste: Schreibt eine Mail an kultur@z10.info und ihr dürft mitslammen!",https://kalender.karlsruhe.de/db/termine/theater/poetry_slam_kulturspatschicht
Bats for adults,2025-08-08T20:00:00,Naturschutzzentrum Karlsruhe-Rappenwört,"Hermann-Schneider-Allee 47, 76189 Karlsruhe",48.9961878,8.3035929,"In den Rheinauen bei Karlsruhe leben 14 der 22 in Baden-Württemberg vorkommenden Fledermausarten. Die hervorragenden Flieger sind wahre Lebenskünstler und in dieser zeitweise überfluteten Landschaft zweifellos die erfolgreichsten Säugetiere. Während der frühnächtlichen Exkursion werden verschiedene Fledermausarten mit Detektoren geortet und beobachtet. Dazu gibt es viele Informationen über die faszinierenden Jäger der Nacht.Bitte Taschenlampe/Stirnleuchte, auentaugliche Schuhe, Mückenschutzmittel und – sofern vorhanden – Fledermausdetektor mitbringen.Referent:Harald Brünner (Dipl. Biologe)Kostenfreie VeranstaltungAnmeldung bis 05.08.25 erforderlich!",https://kalender.karlsruhe.de/db/termine/stadtleben/bats_for_adults
100 Jahre Ewigkeit,2025-08-08T19:00:00,PLANET KA Planetarium Karlsruhe,"Alter Schlachthof 4, 76131 Karlsruhe",49.0039151,8.4304661,"Kaum etwas hat die Zivilisationsgeschichte so bestimmt wie die Auseinandersetzung des Menschen mit dem Himmel. Davon zeugen megalithische Steinkreise ebenso wie die astronomischen Ursprünge der Wissenschaft im antiken Griechenland oder die technischen Verfahren der modernen Hochseenavigation. Selbst vorgeschichtliche Fundstätten erzählen von der bedeutenden Rolle des Himmels für die Menschen, sei es für den praktischen Lebensalltag oder als generationenübergreifender Speicher für mythologische Vorstellungswelten.Das Planetarium ist die moderne Repräsentation einer weit zurückreichenden Reihe von Orten und Erfindungen, die der Auseinandersetzung des Menschen mit dem gestirnten Himmel und des ihn umgebenden Kosmos dienten. Anlässlich des hundertjährigen Jubiläums der Erfindung des Projektionsplanetariums begeben wir uns auf eine große Reise, die Ihren Anfang in den frühen Kulturen der Menschheit nimmt und in etwa 35 Minuten entlang eines sich ständig wandelnden Bildes vom Himmel am Ende zum modernen Sterntheater führt.Zur Veranstaltung gehört auch das Live-Erlebnis des Himmels und das Weltalls, wie es nur unter der Kuppel des Sterntheaters möglich ist.Konzept, Text und Regie: Tobias WiethoffDauer ca. 50 Minuten. Empfohlen ab 10 Jahren.Einlass: ab ca. 25 Min. vor Beginn.Bitte beachten: Kein Nacheinlass möglich!Ungenutzte Tickets verfallen ersatzlos.",https://kalender.karlsruhe.de/db/termine/wirtschaft/100_jahre_ewigkeit-8
Durlacher Kultursommer 2025,2025-08-08T19:00:00,"Durlach, Alter Friedhof",,,,"Rock, der unter die Haut geht: Mal melodisch, mal heavy – immer mit kraftvollen Backing Vocals und sattem Sound. Echter Rock aus vier Jahrzehnten – zeitlos, energiegeladen und sexy! Von Alanis Morisette bis ZZ Top ist bei dieser Cover-Rock-Band aus Karlsruhe alles dabei, was Rang und Namen hat. Dynamisch arrangierte Covers lassen das Rockerherz höher schlagen.",https://kalender.karlsruhe.de/db/termine/stadtleben/durlacher_kultursommer2025n-12
Sightjogging-Sportlich unterwegs durch Karlsruhe,2025-08-08T18:00:00,City Tour durch Karlsruhe,,,,"Joggst du gerne?Wie wäre es dann einmal, wenn du deine Laufroute ein wenig veränderst und in einer Gruppe Gleichgesinnter vertraute und unbekannte Ecken von Karlsruhe erläufst?Erlebe eine unvergessliche Joggingtour und statt Musik auf den Ohren gibt es bei dieser Tour einiges Amüsantes, Interessantes, Anekdoten und Fakten über die Fächerstadt Karlsruhe zu erfahren.Die ca. 1,5-stündige Joggingtour durch Karlsruhe beginnt direkt auf dem Marktplatz in Karlsruhe an der Pyramide.Preise:Erwachsene: Euro 10,00InfoTel.: 0721/91679888 oder mobil 0179/2935072Internet: www.stadtfuehrungen-karlsruhe.deAnmeldung erforderlichMindestteilnehmerzahl: 6 PersonenAuch andere Termine sind jederzeit möglichBuchbar auch exklusiv als Gruppenevent",https://kalender.karlsruhe.de/db/termine/sportveranstaltung/sightjogging_sportlich_unterwegs_durch_karlsruhe-18
Aurora - Wunder des Nordlichts,2025-08-08T17:00:00,PLANET KA Planetarium Karlsruhe,"Alter Schlachthof 4, 76131 Karlsruhe",49.0039151,8.4304661,"Das Polarlicht gehört zu den wunderbarsten Naturerscheinungen, die man erleben kann: als Nordlicht („Aurora Borealis“) im hohen Norden und als Südlicht („Aurora Australis“) im tiefen Süden.Dem koreanischen Astrophotographen Kwon O Chul gelang es weltweit zum ersten Mal, diese Leuchterscheinung in ihren vielen Facetten aufzunehmen. In Echtzeit und 4K-Auflösung offenbart die ultra-hochempfindliche Kameratechnik die Schönheit und Vielfalt des Polarlichts – ein grandioser Tanz der Formen und Farben im „Rundum-Format“ an der Sternenkuppel des Planetariums!Originalaufnahmen von Bord der Internationalen Raumstation ISS und naturgetreue Computer-Visualisierungen bringen uns Legenden und die wissenschaftliche Untersuchung der Polarlichter näher.Eine Produktion von Kwon O ChulZur Einleitung präsentieren wir live den aktuellen Sternenhimmel über Karlsruhe.Dauer ca. 60 MinutenFür Erwachsene und Kinder ab 10 JahreEinlass: ab ca. 30 Min. vor Beginn.Bitte beachten: Kein Nacheinlass!Ungenutzte Tickets verfallen ersatzlos.",https://kalender.karlsruhe.de/db/termine/wirtschaft/aurora_wunder_des_nordlichts-9
Sanierungsführung – Das neue Staatstheater,2025-08-08T16:00:00,"Staatstheater, siehe Beschreibung",,,,,https://kalender.karlsruhe.de/db/termine/theater/sanierungsfuhrung_das_neue_staatstheater
Survival light – into the forest,2025-08-09T16:00:00,Waldklassenzimmer,Kanalweg,49.0308152,8.3885978,"""Baut euch einen Unterschlupf im Wald!“, so beginnt unser kleines Abenteuer. Aus Stöcken und anderen Materialien entsteht euer Nachtlager und beim Aufwachen könnt ihr die Waldtiere begrüßen. Am Abend sitzen wir gemütlich amselbst entfachten Lagerfeuer, essen Stockbrot und andere Leckereien! Auch frisch gesammelte Pflanzen werden wir unserem Mahl hinzufügen und es uns gut gehen lassen. Also lasst euch ein auf diesesAbenteuer im schönen Hardtwald!Referent:Oliver Bardon,  zertifizierter Wald- und Wildnispädagoge, erlebnispädagogischer TrainerAnmeldungbis 1. AugustKosten: 30 Euro/Teilnehmenden",https://kalender.karlsruhe.de/db/termine/stadtleben/survival_light_into_the_forest
„Update! Die Sammlung neu sichten – Szenenwechsel 3“,2025-08-08T16:00:00,Städtische Galerie Karlsruhe,"Lorenzstraße 27, 76135 Karlsruhe",49.0003576,8.3834933,,https://kalender.karlsruhe.de/db/termine/ausstellungen/update_die_sammlung_neu_sichten_szenenwechsel3n-5
VORLESEZEIT in Neureut,2025-08-08T16:00:00,Stadtbibliothek Karlsruhe - Stadtteilbibliothek Neureut,"Rubensstraße 21, 76149 Karlsruhe",49.0446178,8.3830479,In der Bibliothek wird jeden Freitag um 16 Uhr vorgelesen.Für Kinder ab 3 Jahren.Zielgruppe:ab 5 JahrenAnmeldung:unter Tel. 0721 7818976Eintritt:kostenfreiOrt: Stadtteilbibliothek NeureutIllustration: AdobeStock - GoodStudio,https://kalender.karlsruhe.de/db/termine/literatur/vorlesezeit_in_neureut-19
"Begleitete Selbsthilfegruppe für Menschen, die in jüngeren Jahren an Demenz erkrankt sind",2025-08-08T15:30:00,Praxis für Heilpädagogik,"Ludwig-Marum-Straße 23, 76185 Karlsruhe",49.0136539,8.3682292,"Die begleitete Selbsthilfegruppe für Menschen, die in jüngeren Jahren an Demenzerkrankt sind, bietet die Möglichkeit zum Kennenlernen von Menschen in ähnlicherLebenssituation, zu Austausch und zu Information. In geschützter Atmosphäre ist Raumsowohl für Nöte und Sorgen wie auch für Freude, Spaß und neue Pläne. Die Gruppewird von Birgit Großhans, Demenz-Beraterin und Mitglied im Netzwerk DemenzKarlsruhe, moderiert. Kommen Sie einfach vorbei!Die Gruppe findet einmal monatlich freitags von 15:30 bis 17 Uhr in derPraxis für Heilpädagogik, Ludwig-Marum-Straße 23, 76185 Karlsruhestatt.Interessierte können sich im Seniorenbüro der Stadt Karlsruhe über die Gruppe informieren.Telefon:0721 133-3821oder E-Mail:vernetzung-demenz@sjb.karlsruhe.de.",https://kalender.karlsruhe.de/db/termine/stadtleben/begleitete_selbsthilfegruppe_fur_menschen-7
Stadtführung für Senioren,2025-08-08T15:00:00,City Tour durch Karlsruhe,,,,"Die Firma BOService Karlsruhe bietet ab sofort jeden Freitag in Karlsruhe eine neue Stadtführung speziell für Senioren an:Diese  neue konzipierte Stadtführung kombiniert die Schwerpunkte unserer Stadtführungen mit den besonderen Ansprüchen von Seniorinnen und Senioren.Sie ist besonders geeignet für Ältere, die nicht mehr so schnell vorwärts kommen, aber trotzdem neugierig sind auf eine spannende und kurzweilige Stadtführung durch die Fächerstadt Karlsruhe.Bei dieser Stadtführung nehmen unsere Stadtführerinnen und Stadtführer besondere Rücksicht auf die Bedürfnisse der älteren Gäste. Während des Rundgangs gibt es immer wieder mal Sitzgelegenheiten  sowie die Möglichkeit für längere Verschnaufpausen.Die Führung  beginnt direkt auf dem Marktplatz in Karlsruhe an der Pyramide.Die Führung kann zu Fuß oder mit der Tram Linie 2 durchgeführt werden.Nach ca. 2  Stunden erreichen wir wieder unseren Ausgangspunkt Marktplatz Karlsruhe.Auch andere zusätzliche Termine sind jederzeit nach Rücksprache mit dem Veranstalter möglich.Preise:Erwachsene: Euro 10,00Begleitperson: freiInfoTel.: 0721/91679888Internet: www.stadtfuehrungen-karlsruhe.deAnmeldung erforerlich",https://kalender.karlsruhe.de/db/termine/stadtleben/stadtfuhrung_fur_senioren-37
Stadtführung Karlsruhe,2025-08-08T14:00:00,City Tour durch Karlsruhe,,,,"Plant ihr, Karlsruhe ein wenig näher kennenzulernen? Die lebendige ehemalige Landeshauptstadt von Baden, wartet darauf, von euch entdeckt zu werden. Bei Stadtführungen in Karlsruhe könnt ihr Kultur, Sehenswürdigkeiten und Geschichte hautnah erleben. Eine geführte Tour bietet euch die Möglichkeit, die Schönheit und Vielfalt von Karlsruhe zu entdecken und euch begeistern zu lassen.Auch andere zusätzliche Termine sind jederzeit nach Rücksprache mit dem Veranstalter möglich.Treffpunkt: Direkt vor dem Rathaus der Stadt KarlsruhePreise:Erwachsene: Euro 10,00Kinder und Jugendliche 6-14 Jahre: freiInfoTel.: 0721/91679888 oder mobil 0170/2935072Internet: www.stadtfuehrungen-karlsruhe.deAnmeldung erforderlichMindestteilnehmerzahl: 6 Personen",https://kalender.karlsruhe.de/db/termine/stadtleben/stadtfuhrung_karlsruhe-193
LESEKATER in der Kinder- & Jugendbibliothek,2025-08-08T10:30:00,Stadtbibliothek Karlsruhe - Kinder- und Jugendbibliothek Karlsruhe im Prinz-Max-Palais,"Prinz-Max-Palais, Karlstraße 10, 76133 Karlsruhe",49.0111857,8.3947581,"Habt ihr schon unseren neuen Lieblingskater kennengelernt? Es ist der Lesekater, er liebt Bilderbücher über alles – und lädt euch ein zur kuscheligen Krabbelgruppe rund um Sprache, Reime & Geschichten!Gemeinsam schnurren, lauschen, blättern, singen und spielen wir – ganz entspannt, ganz ohne Nebenwirkungen. Denn wer früh das Lesen lieben lernt, bekommt später keinen Kater, sondern nur noch mehr Leselust!Zielgruppe:von 0 bis 3 JahrenAnmeldung:jugendbibliothek@kultur.karlsruhe.deEintritt:kostenfreiOrt:Kinder- und JugendbibliothekIllustration: AdobeStock -GoodStudio",https://kalender.karlsruhe.de/db/termine/literatur/lesekater_in_der_kinder_jugendbibliothek
"Der Sturm, mein Lieblingswetter (Zum letzten Mal in der Spielzeit 24/25)",2025-07-26T18:30:00,"Badisches Staatstheater, Kleines Haus","Hermann-Levi-Platz 1, 76137 Karlsruhe",49.0049938,8.4048954,,https://kalender.karlsruhe.de/db/termine/theater/der_sturm_mein_lieblingswetter_zum_letzten-1
Phantom des Universums,2025-08-09T21:00:00,PLANET KA Planetarium Karlsruhe,"Alter Schlachthof 4, 76131 Karlsruhe",49.0039151,8.4304661,"Die Dunkle Materie ist allgegenwärtig im Universum. Sie ist häufiger als die normale Materie der Sterne und Planeten, aber dennoch unsichtbar. Dass es sie geben muss, zeigen verschiedene astronomische Beobachtungen. Forscher fahnden nach diesem „Phantom des Universums“ mit aufwändigen Experimenten. Begeben Sie sich mit uns auf Spurensuche!Die Show erzählt die Geschichte von der Erforschung der Dunklen Materie, vom Urknall bis zu ihrem indirekten Nachweis im 21. Jahrhundert. Der Film zeigt die ersten Hinweise auf die Existenz der Dunklen Materie in den 1930er Jahren aus der Perspektive von Fritz Zwicky, jenem Wissenschaftler, der den Begriff „Dunkle Materie“ prägte. Er entführt die Zuschauer in die Tiefen einer ehemaligen Goldmine in South Dakota, zum empfindlichsten Dunkle-Materie-Detektor der Welt. Von dort geht es zum Large Hadron Collider, dem weltweit größten und leistungsstärksten Teilchenbeschleuniger am CERN in der Schweiz, wo ein internationales Wissenschaftler-Team zusammenarbeitet, um den Bestandteilen der Dunklen Materie auf die Spur zu kommen. Noch konnte die Dunkle Materie nicht direkt beobachtet werden, doch ihre Existenz wird heute in der Kosmologie kaum noch in Frage gestellt.Produktionsleitung CERN, Berkeley Lab, u.a.Dauer der gesamten Veranstaltung: ca. 60 MinutenEinlass: ab ca. 30 Min. vor Beginn.Bitte beachten: Kein Nacheinlass möglich!Ungenutzte Tickets verfallen ersatzlos.",https://kalender.karlsruhe.de/db/termine/wirtschaft/phantom_des_universums-18
KADEBOSTANY,2025-08-09T20:30:00,Kulturzentrum Tollhaus,"Alter Schlachthof 35, 76131 Karlsruhe",49.0044252,8.4317094,"Phantastische Uniformen, skurrile Rituale, retrofuturistische Tänze – der Strippenzieher hinter dieser irren Pop-Inszenierung trägt Muskel-Shirt und Sonnenbrille – und hat ein verschmitztes Lächeln. Denn ganz so ernst nimmt sich Kadebostany, der selbsternannte Präsident der kleinen Republik Kadebostan nicht. Die sagenhafte Pop-Republik liegt nördlich von Italien, östlich der Schweiz und westlich von der Türkei, erklärt er. Kadebostany wird von den verschiedensten Talenten bevölkert, von Sängerinnen und Sängern, von Instrumentalsten und Visual Artists. Aber alle Fäden laufen in dem musikalischen Superhirn zusammen: Kadesbostany komponiert die Songs, er produziert sie und er entwickelt das visuelle Konzept und die spektakulären Liveshows. Kadebostany trat bei einer Vielzahl von Festivals auf und gab ausverkaufte Konzerte in fast allen großen, europäischen Städten. Kadebostany heißt mit bürgerlichem Namen Guillaume Kadebostany. Er ist mit den Hits “Castle in the Snow“, “Walking with a Ghost” und der neuen, Aufsehen erregenden Version von Beyoncés “Crazy in Love“ für den Trailer “50 Shades of Grey” bekannt geworden. “Walking with a Ghost“ wurde für eine internationale Playstation-Werbung verwendet, “Castle in the Snow“ hatte über 20 Millionen Plays auf Youtube und chartete in vielen Ländern auf #1. Vice attestierte Kadebostany nichts weniger als „Eine moderne Vision von Popmusik.“",https://kalender.karlsruhe.de/db/termine/musik/kadebostany
Zeitreise - Vom Urknall zum Menschen,2025-08-09T19:00:00,PLANET KA Planetarium Karlsruhe,"Alter Schlachthof 4, 76131 Karlsruhe",49.0039151,8.4304661,"Wie war das mit dem Urknall? Woher kommen die Sterne und Planeten? Was hat sich auf der Erde abgespielt?Auf einer Zeitreise vom Beginn des Universums bis heute werden Sie Zeuge von der Geburt der ersten Sterne und der Entstehung der Milchstraße. Sie erleben gewaltige Sternexplosionen, katastrophale Kometeneinschläge auf der Ur-Erde und die Entwicklung des Lebens.Um die dabei auftretenden unvorstellbar großen Zeiträume besser zu begreifen, denken wir uns die kosmische Geschichte auf die Länge eines Jahres verkürzt. Das Universum wäre demnach am 1. Januar entstanden und ein Tag entspräche 40 Millionen Jahren in der Wirklichkeit. Das Aussterben der Dinosaurier vor 65 Millionen „realen“ Jahren fiele auf den 30. Dezember des kosmischen Jahres und unsere heutige Zeit, in der wir das Weltall mit Teleskopen erforschen, auf den 31. Dezember kurz vor Mitternacht. Kommen Sie mit auf eine Reise durch rund 14 Milliarden Jahre Weltgeschichte!Eine Produktion zehn deutscher Planetarien, unter anderem des Planetariums Mannheim, und unter Federführung des LWL-Planetariums MünsterDauer der Veranstaltung: ca. 75 MinutenFür Erwachsene und Kinder ab 10 JahrenEinlass: ab ca. 30 Min. vor Beginn.Bitte beachten: Kein Nacheinlass möglich! Bitte seien Sie pünktlich.Ungenutzte Tickets verfallen ersatzlos.",https://kalender.karlsruhe.de/db/termine/wirtschaft/zeitreise_vom_urknall_zum_menschen-14
Durlacher Kultursommer 2025,2025-08-09T19:00:00,"Durlach, Alter Friedhof",,,,"The magical mystery tour is waiting to take you away: Als Tourguides stehen bereit: Fawn Arnold und Thomas Sluiter. Im Gepäck: eine Lizenz für schöne Träume, mehrstimmige Vocals, akustische Gitarrenklänge und eine musikalische Zeitreise durch 5 Jahrzehnte Pop, Rock und Musical. Bekannte und beliebte Songs, die unter die Haut gehen.",https://kalender.karlsruhe.de/db/termine/stadtleben/durlacher_kultursommer2025n-14
SUMMER CLOSING,2025-08-09T18:00:00,Minestrone (ex Substage Café),"Alter Schlachthof 19, 76131 Karlsruhe",49.0052774,8.429731,"Summer Closing 2025 - DJ Event mit Live Sets auf der Dachterasse der Minestrone. Kommt vorbei für Drinks, Snacks und Beats über den Dächern des Alten Schlachthofs. Los geht’s ab 18 Uhr. Der Eintritt ist frei.Einlass: 18:00 UhrAltersfreigabe: ab 16 Jahren",https://kalender.karlsruhe.de/db/termine/musik/summer_closing
Der Karlsruher Rheinhafen - über 100 Jahre Hafengeschichte,2025-08-09T16:00:00,"An der Endhaltestelle der Tram 5, Haltestelle ""Rheinhafen""",76187 Karlsruhe,49.0477267,8.3353338,"Stadtführungen einmal anders - spannend, informativ und immer überraschend! Die Führungen von stattreisen Karlsruhe 
e.V. ermöglichen neue 
Einblicke in Geschichte und Architektur, in das Alltagsleben früherer Zeiten - und in verborgene Ecken und Winkel
der Stadt, die Einheimische und Gäste der Stadt gleichermaßen faszinieren.Anmeldung und Informationen zur Teilnahmegebühr auf der Website!",https://kalender.karlsruhe.de/db/termine/stadtleben/der_karlsruher_rheinhafen_uber_100_jahre-9
Stadtführung Karlsruhe,2025-08-09T14:00:00,City Tour durch Karlsruhe,,,,"Plant ihr, Karlsruhe ein wenig näher kennenzulernen? Die lebendige ehemalige Landeshauptstadt von Baden, wartet darauf, von euch entdeckt zu werden. Bei Stadtführungen in Karlsruhe könnt ihr Kultur, Sehenswürdigkeiten und Geschichte hautnah erleben. Eine geführte Tour bietet euch die Möglichkeit, die Schönheit und Vielfalt von Karlsruhe zu entdecken und euch begeistern zu lassen.Auch andere zusätzliche Termine sind jederzeit nach Rücksprache mit dem Veranstalter möglich.Treffpunkt: Direkt vor dem Rathaus der Stadt KarlsruhePreise:Erwachsene: Euro 10,00Kinder und Jugendliche 6-14 Jahre: freiInfoTel.: 0721/91679888 oder mobil 0170/2935072Internet: www.stadtfuehrungen-karlsruhe.deAnmeldung erforderlichMindestteilnehmerzahl: 6 Personen",https://kalender.karlsruhe.de/db/termine/stadtleben/stadtfuhrung_karlsruhe-194
Stadtrundfahrt mit der Tram Linie 2,2025-08-09T14:00:00,City Tour durch Karlsruhe,,,,"Entdecke Karlsruhe abseits der Touristenpfade mit der Straßenbahnlinie 2! Erlebe historische Orte, coole Architektur und Anekdoten - es geht es um Dinge, die man sonst nicht sieht und es gibt spannende Geschichten zu hören, die in keinem Reiseführer stehen. Diese Tour zeigt dir die Fächerstadt aus einer neuen Perspektive.Dauer der Rundfahrt ca. 2 Stunden.Auch Extrafahrten für Gruppen sind jederzeit auf Anfrage möglich.Preise:Erwachsene: Euro 15,00Ein gültiges Ticket von der KVV wird vorausgesetzt.Kinder und Jugendliche 6-14 Jahre: freiInfoTel.: 0721/91679888 oder mobil unter 0170/2935072Um Anmeldung wird gebeten, Mindestteilnehmerzahl: 6 PersonenInternet: www.stadtfuehrungen-karlsruhe.de",https://kalender.karlsruhe.de/db/termine/stadtleben/stadtrundfahrt_mit_der_tram_linie2n-85
Rundgang Areal Alter Schlachthof Karlsruhe,2025-08-09T14:00:00,Alte Fleischmarkthalle - Schlachthofgelände,"Durlacher Allee 62, 76131 Karlsruhe",49.0052381,8.4366958,"Alter Schlachthof – KreativparkEin spannendes Areal, eine spannende Führung!Weshalb ist der Kreativpark Alter Schlachthof so besonders?Kaldaunenwäsche, rote Roben des Bundesverfassungsgerichts, Schlosslichtspiele, Planetarium...Was haben alle diese Dinge mit dem Areal des Alten Schlachthofs zu tun?Neugierig?Erfahren Sie bei unserer Tour wie alles begann, nämlich als Schlachthof, bis hin zum heutigen Kreativpark der sich noch immer weiterentwickelt und interessante Nachbarn wie z. B. das Schloss Gottesaue hat.Erleben Sie die besondere Atmosphäre auf diesem 7ha großen Areal bei einer ca. 1,5-stündigen Führung mit vielen Erzählungen bei dem Sie unter vielem anderen auch erfahren weshalb es dort spukt ...Mehr wird aber noch nicht verraten.Auch andere Termine sind auf Anfrage jederzeit möglich.Wer anschließend einkehren möchte findet ebenfalls zahlreiche Möglichkeiten, gerne geben wir auch hierzu Tipps.Start des Rundgangs direkt an der Durlacher Allee,  Kreuzung Tullastrasse, an den großen Buchstaben "" Alter Schlachthof "".Mindestteilnehmer: 6 PersonenUm Anmeldung wird gebetenPreis: 10,- Euro pro PersonTermine und weitere Infos: 0721 91679888 oder 01702935072http://stadtfuehrungen-karlsruhe.de",https://kalender.karlsruhe.de/db/termine/stadtleben/rundgang_areal_alter_schlachthof_karlsruhe-271
Durlacher Kultursommer 2025,2025-08-09T14:00:00,"Durlach, Alter Friedhof",,,,„Andrea Doria“ ist eine Band aus Karlsruhe. Das Repertoire setzt sich ausschließlich aus Liedern von Udo Lindenberg zusammen. Kein Lindenberg-Fan kommt an dieser Tribute-Band vorbei. Sowohl alte Hits als auch neue Stücke werden mit sehr viel Empathie und Liebe zelebriert.,https://kalender.karlsruhe.de/db/termine/stadtleben/durlacher_kultursommer2025n-13
Der kleine Eisbär (ab 3),2025-08-09T14:00:00,marotte Theater,"Kaiserallee 11, 76133 Karlsruhe",49.0102313,8.3851507,"Hoch oben im Norden, wo Schnee und Eis ewig sind, wohnt Lars, der kleine Eisbär. Lars kann schon auf dem Rücken seines Vaters reiten und mit einer Pfote Fische fangen. Nur schwimmen, das kann er noch nicht so gut.
Eines Tages passiert etwas Schreckliches. Lars treibt ganz allein auf einer Eisscholle hinaus aufs Meer. Und erlebt sein erstes großes Abenteuer.
Ein Stück für die ganz Kleinen.
Darüber, wie schön es ist, die Welt zu entdecken.
Und über das schönste Wort, wenn man genug gesehen hat:
Nach Hause...Spiel:Thomas Hänsel",https://kalender.karlsruhe.de/db/termine/theater/der_kleine_eisbar_ab3n-21
HERR JAN & SEINE SUPERBÄND,2025-08-09T14:00:00,Kulturzentrum Tollhaus,"Alter Schlachthof 35, 76131 Karlsruhe",49.0044252,8.4317094,"Im Kinderradio laufen seine Songs rauf und runter, er ist immer wieder im TV-Sender KiKa zu sehen und wurde wiederholt zum Jurysieger des deutschen Kinderliederpreises gekürt. Herr Jan, so nannten ihn die Kinder in seiner Zeit als Erlebnispädagoge - und so nennt er selbst nun sein Musikprojekt, das viele Genres und viele Gefühle vereint. Aus der Zartheit von Singer-Songwriter-Pop, der Entspanntheit von Reggae und der Ausgelassenheit von Hip-Hop entwickelt Herr Jan detailverliebte Kompositionen und mehrstimmige Melodien. Er kreiert musikalische Landschaften für gleichermaßen einladende, nachdenkliche wie stärkende Themen, die die meisten Familien sowohl aus dem Alltag als auch aus Gesprächen über die großen Fragen des Lebens kennen. Dem weiten Feld der Gefühle wird hierin ein besonderer Platz eingeräumt. Ein Herr-Jan-Konzert ist ein buntes Abenteuer für die ganze Familie.VVK-Preis: 10,00",https://kalender.karlsruhe.de/db/termine/musik/herr_jan_seine_superband
Großherzogliche Grabkapelle Karlsruhe,2025-08-09T13:45:00,Großherzoglich-Badischen Grabkapelle Karlsruhe,"Klosterweg 11, 76131 Karlsruhe",49.0199151,8.4211019,"„Die großherzogliche Grabkapelle und die Beziehungen des badischen Fürstenhauseszum europäischen Adel“, exclusive Führung für die Europa-Union in der Großherzoglich-Badischen Grabkapelle einschließlich Gruft durch Michael Börner, M.A..Dauer ca. 2 – 2 1/2 Std, eigene Anreise, begrenzte Teilnehmerzahl,Anmeldung bis 25. Juli 2025, Kostenbeteiligung € 9,-- bitte überweisenNäheres auf unserer Homepage",https://kalender.karlsruhe.de/db/termine/literatur/groherzogliche_grabkapelle_karlsruhe
Der Regenbogenfisch,2025-08-09T13:30:00,PLANET KA Planetarium Karlsruhe,"Alter Schlachthof 4, 76131 Karlsruhe",49.0039151,8.4304661,"Im Kinder- & Familienprogramm:Der Regenbogenfisch und seine FreundeDer Regenbogenfisch ist der schönste Fisch im weiten Ozean. Sein Schuppenkleid schimmert in allen Farben des Regenbogens: Rot, Orange, Gelb, Grün, Blau, Indigo und Violett. Eines Tages verliert er seine Glitzerschuppe. Um sie wiederzufinden, taucht ab in das tiefe Meer. Dort findet er neue Freunde, die ihm helfen, seine Glitzerschuppe wiederzubekommen.Wir laden Euch ein, gemeinsam mit dem Regenbogenfisch in die Tiefsee zu tauchen. Dabei lernt ihr, wie die Farben im Regenbogen entstehen, und wie man die Fische sogar am Sternhimmel findet..Eine Kuppelproduktion nach den Büchern von Marcus Pfister, erschienen im NordSüd-Verlag.Nach den Büchern „Der Regenbogenfisch stiftet Frieden“ und „Der Regenbogenfisch entdeckt die Tiefsee“, erschienen im NordSüd-Verlag.Dauer: ca. 1 Stunde.Empfohlen für Kinder ab 4 Jahren.Einlass ab ca. 30 Minuten vor BeginnBitte beachten: Kein Nacheinlass! Bitte seien Sie pünktlich vor Ort.Ungenutzte Tickets verfallen ersatzlos.",https://kalender.karlsruhe.de/db/termine/literatur/der_regenbogenfisch-21
Sanierungsführung – Das neue Staatstheater,2025-08-09T11:00:00,"Staatstheater, siehe Beschreibung",,,,,https://kalender.karlsruhe.de/db/termine/theater/sanierungsfuhrung_das_neue_staatstheater-1
Der kleine Eisbär (ab 3),2025-08-09T11:00:00,marotte Theater,"Kaiserallee 11, 76133 Karlsruhe",49.0102313,8.3851507,"Hoch oben im Norden, wo Schnee und Eis ewig sind, wohnt Lars, der kleine Eisbär. Lars kann schon auf dem Rücken seines Vaters reiten und mit einer Pfote Fische fangen. Nur schwimmen, das kann er noch nicht so gut.
Eines Tages passiert etwas Schreckliches. Lars treibt ganz allein auf einer Eisscholle hinaus aufs Meer. Und erlebt sein erstes großes Abenteuer.
Ein Stück für die ganz Kleinen.
Darüber, wie schön es ist, die Welt zu entdecken.
Und über das schönste Wort, wenn man genug gesehen hat:
Nach Hause...Spiel:Thomas Hänsel",https://kalender.karlsruhe.de/db/termine/theater/der_kleine_eisbar_ab3n-22
WORKSHOP: Lebendiges Pflanzenbild,2025-08-09T11:00:00,HWK Gärtnerei Grötzingen,"Am Viehweg 15, 76229 Karlsruhe",49.0237854,8.4931563,"In diesem Workshop baust du aus einem Rahmen ein kleines Beet, das nach der Bepflanzung aufgehängt oder gestellt werden kann. Wir arbeiten mit Erde und Moosen für die optimale spätere Versorgung der Pflanzen sowie mit Hasendraht, damit die eingefügten Grünpflanzen stabil im Bild sitzen.Kosten:79€ inklusive Rahmen (20x20cm), Erde, Pflanzen, Moos, Draht, usw.Anmeldung:maximal 8 TeilnehmerInnenAnmeldung per E-Mail an gaertnerei@hwk.com.Bitte geben Sie in der E-Mail Ihren Namen und Ihre Adresse an, damit wir die Rechnung erstellen können. Ihre Anmeldung gilt als bestätigt, sobald Sie den Rechnungsbetrag überwiesen haben.",https://kalender.karlsruhe.de/db/termine/workshop_lebendiges_pflanzenbild
Heimatstadt Karlsruhe Stadtführung,2025-08-09T11:00:00,Tourist-Information am Marktplatz,"Kaiserstraße 72-74, 76133 Karlsruhe",49.0097995,8.4041251,"Trotz seinen gerade einmal 300 Jahren blickt Karlsruhe auf eine bewegte Vergangenheit zurück. Als barocke Planstadt ein Novum seiner Zeit, hat sich die Stadt diesen Pioniergeist bis heute erhalten. Unterwegs mit unseren Stadtführern erfahren Sie alles über die Entstehung Karlsruhes und den Werdegang der Stadt zu einem wichtigen Kultur- und Innovationsstandort. Gespickt mit witzigen Anekdoten und den persönlichen Geheimtipps unserer besten Stadtkenner wird jede Führung ein besonderes Erlebnis.",https://kalender.karlsruhe.de/db/termine/stadtleben/heimatstadt_karlsruhe_stadtfuhrung-347
Kinder- und Jugendflohmarkt,2025-08-09T09:00:00,"Durlach, Karlsburg-Vorplatz",,,,"Das Stadtamt Durlach veranstaltet in Kooperation mit der Arbeitsgemeinschaft Durlacher und Auer Vereinen und dem Kinder- und Jugendhaus Durlach nach erfolgreichem Start im vorletzten Jahr einen Kinder- und Jugendflohmarkt am 9. August 2025, von 9 bis 14 Uhr, auf dem Karlsburg-Vorplatz.Teilnehmen dürfen Kinder- und Jugendliche bis maximal 17 Jahre.Es ist keine Voranmeldung notwendig.Die Vergabe der Standfläche beginnt ab 8:30 Uhr.Es wird keine Standgebühr erhoben.Bei Unwetter, Sturm oder Regen fällt die Veranstaltung aus.Für Auskünfte und Rückfragen steht das Stadtamt Durlach telefonisch unter: 0721/ 133 - 1937 zur Verfügung.",https://kalender.karlsruhe.de/db/termine/stadtleben/kinder_und_jugendflohmarkt-4
Science Camp Unsere Erde,,TRIANGEL Transfer | Kultur | Raum,"Kaiserstraße 93, 76133 Karlsruhe",49.0092217,8.4087317,"Wann? Vom 11. bis 14. August, starten wir täglich um 9 Uhr, der Tag endet um 17 Uhr.Für Jugendliche ab 11 Jahren.Kostenpflichtige Anmeldung: 150€ inkl. Verpflegung, Geländeexkursion, Versuchsmaterial und Eintritte.Falls die Kosten ein Hindernis für dich sind, gibt es die Möglichkeit einer finanziellen Unterstützung!Weitere Informationen zum Science Camp und zur Anmeldung findest du auf unserer Website!",https://kalender.karlsruhe.de/db/termine/wirtschaft/science_camp_unsere_erde
Aurora - Wunder des Nordlichts,2025-08-10T21:00:00,PLANET KA Planetarium Karlsruhe,"Alter Schlachthof 4, 76131 Karlsruhe",49.0039151,8.4304661,"Das Polarlicht gehört zu den wunderbarsten Naturerscheinungen, die man erleben kann: als Nordlicht („Aurora Borealis“) im hohen Norden und als Südlicht („Aurora Australis“) im tiefen Süden.Dem koreanischen Astrophotographen Kwon O Chul gelang es weltweit zum ersten Mal, diese Leuchterscheinung in ihren vielen Facetten aufzunehmen. In Echtzeit und 4K-Auflösung offenbart die ultra-hochempfindliche Kameratechnik die Schönheit und Vielfalt des Polarlichts – ein grandioser Tanz der Formen und Farben im „Rundum-Format“ an der Sternenkuppel des Planetariums!Originalaufnahmen von Bord der Internationalen Raumstation ISS und naturgetreue Computer-Visualisierungen bringen uns Legenden und die wissenschaftliche Untersuchung der Polarlichter näher.Eine Produktion von Kwon O ChulZur Einleitung präsentieren wir live den aktuellen Sternenhimmel über Karlsruhe.Dauer ca. 60 MinutenFür Erwachsene und Kinder ab 10 JahreEinlass: ab ca. 30 Min. vor Beginn.Bitte beachten: Kein Nacheinlass!Ungenutzte Tickets verfallen ersatzlos.",https://kalender.karlsruhe.de/db/termine/wirtschaft/aurora_wunder_des_nordlichts-10
Freies Tanzen Karlsruhe,2025-08-10T21:00:00,"Altes Stadion, KIT Campus Süd","Engesserstraße 17, 76131 Karlsruhe",49.011175,8.4146076,barfuss oder mit Tanzschuhen auf Parkettboden in der grossen Sporthalleimmer 2 DJ:Janes von zur Zeit 12 Aktivenkeine Anmeldung erforderlichkommt einfach zwischen 21-23 Uhr vorbeimit der Bitte um Geld-Einwurf in die am DJ Pult stehende Spendendose entsprechend eurer Wertschätzung,https://kalender.karlsruhe.de/db/termine/theater/freies_tanzen_karlsruhe-79
Internationaler Orgelsommer Karlsruhe,2025-08-10T20:30:00,Ev. Stadtkirche Karlsruhe,"Marktplatz, 76133 Karlsruhe",49.0089483,8.4038789,"4. Konzert mit Christian-Markus RaiserWerke von Bach, Karg-Elert, Mahler, Kalejs, Laukvik, HovlandDer Internationale Orgelsommer Karlsruhe – an sechs Sonntagen im Juli und August – ist seit Jahren ein Forum für herausragende Organistinnen und Organisten aus aller Welt. Die beiden hervorragenden Orgeln der Stadtkirche ermöglichen eine adäquate Umsetzung nahezu aller Stilbereiche.Vor jedem Orgelkonzert gibt es in der Talk-Runde „Das Blaue Sofa“ (19.30–20.00 Uhr) die Möglichkeit, mit dem Organisten des Abends ins Gespräch zu kommen und zugleich eine Einführung in das Konzertprogramm zu erhalten.Kartenvorverkauf:> www.tickets-stadtkirche.de> Musikhaus Schlaile, Kaiserstr. 175, Karlsruhe> Touristinformation Karlsruhe, Marktplatz> Buchhandlung Mächtlinger, Pfinztalstr. 36, Durlach",https://kalender.karlsruhe.de/db/termine/musik/internationaler_orgelsommer_karlsruhe-21
BONAPARTE,2025-08-10T20:30:00,Kulturzentrum Tollhaus,"Alter Schlachthof 35, 76131 Karlsruhe",49.0044252,8.4317094,"Im Frühjahr 2024 feierte der Schweizer Musiker Bonaparte nach vier Jahren sein Bühnen-Comeback mit einer ausverkauften Tour der Extreme. Laut oder leise, schwitzig oder besinnlich, pogo oder flöten. Auf der The Quiet & The Riot Tour hatten Fans die einmalige Möglichkeit, in zwei radikal unterschiedlichen Konzertformen die besinnliche oder die stürmische Seite Bonapartes zu erleben. Nach den magischen Nächten der „The Quiet“ Shows widmet sich Bonaparte 2025 nun noch einmal ausschließlich „The Quiet“. Introvertiert, entschleunigt und auf der Suche nach Urharmonien. Die ruhigen Bonaparte-Stücke bekommen einen neuen, eigenen Raum im Oeuvre des Künstlers. Beispielhaft steht sein meistgehörter Hit Melody X, der auch aus der Netflix-Serie Dark bekannt ist und in einer komplett neuen Fassung erklingt.",https://kalender.karlsruhe.de/db/termine/musik/bonaparte
DROWNING POOL,2025-08-10T20:00:00,Substage Karlsruhe e.V.,"Durlacher Allee 62 , 76131 Karlsruhe",49.0052381,8.4366958,"Drowning Pool, ein Name, der in die Partituren der modernen Rockgeschichte eingraviert ist, brüllen sich mit donnernder Energie und kompromissloser Kraft zurück ins Rampenlicht. Der unverwechselbare Sound der Band, ein Synonym für rohe Energie und kompromisslose Haltung, kehrt zurück, um das Publikum erneut zu fesseln. Drowning Pool sind für ihre Kulthymne „Bodies“ bekannt und brauchen keine Einführung. Diese bahnbrechende Single verhalf ihnen zu internationaler Anerkennung und hinterließ einen unauslöschlichen Eindruck in der NuMetal-Landschaft. Die unerbittliche Energie und der trotzige Geist des Songs fanden bei einer ganzen Generation Anklang und wurden zu einer Hymne für Mosher, Metalheads und Fans elektrisierender Live-Auftritte. Shouter Ryan McCombs spielte eine entscheidende Rolle in der Entwicklung der Band und schloss sich ihnen nach dem tragischen Verlust des beliebten Frontmanns Dave Williams an. Sein kraftvoller Gesang und seine charismatische Bühnenpräsenz hauchten Drowning Pool neues Leben ein und festigten ihren Status als NuMetal-Titanen. Songs wie „37 Stitches!, „Feel Like I Do“ und „Turn So Cold“ katapultierten sie in neue Höhen und sicherten ihnen einen Platz unter den Schwergewichten des Genres. Doch die Geschichte von Drowning Pool dreht sich nicht nur um Musik; sie ist ein Zeugnis dauerhafter Freundschaften und einer gemeinsamen Leidenschaft für ihr Handwerk. Ryans Rückkehr zur Band im Jahr 2023 nach zwölf Jahren Trennung markiert eine Wiedervereinigung verwandter Seelen, eine Rückkehr zu den Wurzeln ihrer musikalischen Reise. Ihr Weg war generell nicht ohne Herausforderungen. „Bodies“ wurde missverstanden und kontrovers diskutiert, der Text wurde aus dem Kontext gerissen. „Bodies“ bleibt dennoch eine zeitlose Hymne, nicht nur für Drowning Pool, sondern für die gesamte Metal-Kultur. Ihr Erbe lebt weiter und inspiriert neue Generationen von Fans. Die Rückkehr von Drowning Pool ist ein Beweis für die anhaltende Kraft ihrer Musik und eine Erinnerung daran, dass ihr kompromissloser Geist weiterhin weltweite Resonanz findet. Die Band erlebte 2023 ein triumphales Comeback, und mit der Ankündigung eines neuen Albums in diesem Jahr wird die fast 30-jährige Historie der Band kraftvoll fortgeschrieben. Drowning Pool haben ihre Gegenwart und Zukunft fest im Griff und haben keine Pläne, langsamerer oder bedächtiger zu werden!Einlass: 19:00 UhrAltersfreigabe: ab 16 Jahren",https://kalender.karlsruhe.de/db/termine/musik/drowning_pool
Von der Erde zum Universum,2025-08-10T19:00:00,PLANET KA Planetarium Karlsruhe,"Alter Schlachthof 4, 76131 Karlsruhe",49.0039151,8.4304661,"Der Nachthimmel, wunderschön und mysteriös zugleich, stand schon zu Anbeginn der Menschheit im Mittelpunkt von Lagerfeuergeschichten und alten Mythen. Der Wunsch, das Universum zu verstehen, ist vielleicht das älteste gemeinsame intellektuelle Bestreben der Menschen. Doch erst vor Kurzem haben wir begonnen unseren Platz im Kosmos zu verstehen. In Von der Erde zum Universum laden wir Sie ein, an der Entdeckungsreise des Himmels teilzunehmen. Sie beginnt bei den Theorien der alten griechischen Astronomen und führt bis zu den riesigen Teleskopen der Gegenwart. Diese Reise durch Raum und Zeit zeigt uns mit faszinierenden Bildern und Soundeffekten das Universum, wie die Wissenschaft es uns seit Erfindung des Teleskops zugänglich gemacht hat.Regie führte der junge griechische Regisseur Theofanis N. Matsopoulos, der mitreißende Soundtrack stammt vom norwegischen Komponisten Johan B. Monell.Matsopoulos beschreibt den Film als „eine farbenprächtige und inspirierende Reise, deren Bilder beeindrucken und für sich selbst sprechen, da sie den Ehrgeiz der Menschheit widerspiegeln, der uns bei der Beobachtung und dem Verständnis des Universums so weit gebracht hat.“Die deutsche Version von Von der Erde zum Universum wurde vom Planetarium Hamburg produziert. Thomas W. Kraupe übersetzte das Skript und Regina Lemnitz ist die Sprecherin, aufgenommen am Primetime Studio in Hamburg.Dauer der Veranstaltung: ca. 60 MinutenGeeignet auch für Kinder ab ca. 10 Jahren und JugendlicheEinlass: ca. 30 Min. vor Beginn.Bitte beachten: Kein Nacheinlass möglich!Ungenutzte Tickets verfallen ersatzlos.",https://kalender.karlsruhe.de/db/termine/wirtschaft/von_der_erde_zum_universum-10
Durlacher Kultursommer 2025,2025-08-10T19:00:00,"Durlach, Alter Friedhof",,,,"Mit Gedichten aus dem Buch „Der Liebe wegen“ nehmen Dichterin und Songwriterin Dunja Hofheinz und der Cellist Vasily Bystroff die Zuhörenden auf eine magische Reise. Die Gedichte, unterlegt mit Cello-Klängen, die die Worte symbiotisch unterstreichen, berühren und laden zum Träumen ein.",https://kalender.karlsruhe.de/db/termine/stadtleben/durlacher_kultursommer2025n-15
Die SONNE - unser lebendiger Stern,2025-08-10T17:00:00,PLANET KA Planetarium Karlsruhe,"Alter Schlachthof 4, 76131 Karlsruhe",49.0039151,8.4304661,"Die SONNE - unser lebendiger SternDie Sonne scheint schon seit viereinhalb Milliarden Jahren auf unsere Erde und erwärmt sie inmitten eines unbarmherzig kalten Weltraums. Sie ist unser nächster Stern und das Kraftwerk unseres Planeten, die Quelle der Energie, die Wind und Wetter und alles Leben antreibt.Der Lauf der Sonnenscheibe über den Himmel - Tag für Tag, Monat für Monat - war für unzählige frühere Zivilisationen die einzige Möglichkeit, die Zeit zu messen.Die Sonne hat es in sich: Obwohl die Sonne ein typischer Zwergstern ist, verbraucht sie jede Sekunde 600 Millionen Tonnen Wasserstoff und ist 500 Mal so massiv wie alle Planeten zusammen.Entdecken Sie die Geheimnisse unseres Sterns in dieser Planetariumsshow und erleben Sie nie zuvor gesehene Bilder der gewaltigen Oberfläche der Sonne in einem beeindruckenden Fulldome-Format und lernen Sie den wichtigsten Stern Ihres Lebens besser kennen!Dauer der Veranstaltung: ca. 60 MinutenAb 10 JahrenEinlass: jeweils ab ca. 30 Min. vor Beginn.Bitte beachten: Kein Nacheinlass möglich!Ungenutzte Tickets verfallen ersatzlos.",https://kalender.karlsruhe.de/db/termine/wirtschaft/die_sonne_unser_lebendiger_stern-23
Serenadenkonzert,2025-08-10T17:00:00,"Max-Reger-Institut, Innenhof","Pfinztalstraße 7 - Eingang Karlsburgstraße durch den Torbogen, 76227 Karlsruhe",,,"Werke für Flöte, Violine und Viola von Ludwig van Beethoven, Wolfgang Rihm und Max RegerJohannes Hustedt (Flöte), Egidius Streiff (Violine), Mariana Doughty (Viola)",https://kalender.karlsruhe.de/db/termine/musik/serenadenkonzert
Maria Himmelskönigin. Bilder zum Hochfest der Aufnahme Marias in den Himmel,2025-08-10T15:30:00,Zentrum für Kunst und Medien (ZKM) |  Kubus,"Lorenzstraße 19 , 76135 Karlsruhe",49.0012852,8.3836005,"Dipl. Theol. Tobias Licht (kath.)Die Vorstellung von der Krönung Marias zur Himmelskönigin ist im Mittelalter in der Bildenden Kunst, aber auch in Hymnen und Gebeten der Kirche weit verbreitet. Ein schönes Beispiel ist das Altarbild des Rohrdorfer Meisters aus der Johanniterkirche Rohrdorf (bei Nagold), das Maria bei der Krönung durch Vater, Sohn und Geist darstellt. Als Himmelskönigin konnte Maria angerufen und um Beistand gebeten werden. Bei der Vorstellung des Bildes werden neben der Erläuterung der einzelnen Bildelemente auch Geschichte und Hintergrund der Mariendarstellungen thematisiert.Seit 29. April 2024 finden die Führungen in der Ausstellung der Kunsthalle im ZKM statt. Treffpunkt ist jeweils die Infothek des ZKMKunst und Religion stehen in einem engen Zusammenhang. Über Jahrhunderte dominierten Gegenstände des christlichen Glaubens – biblische Geschichte und das Leben der Heiligen – die Kunst. Das wird an zahlreichen Werken der Alten Meister in der Karlsruher Kunsthalle deutlich. So ist es seit vielen Jahren eine gute Übung, durch die Reihe „Kunst und Kirche“ die wechselseitige Erschließung dieser Schätze zu erproben. In der Neuzeit hat die Kunst sich emanzipiert und schließlich in der Moderne ihre volle Autonomie gefunden. Religion und Kirche tun gut daran, auf die Wahrnehmung von Wirklichkeit zu achten, wie sie in den Werken der unterschiedlichsten Künstlerinnen und Künstler zum Ausdruck kommt. Diese Wahrnehmung einzuüben, mit den Augen gelebten Glaubens und in theologischer Reflexion aufzunehmen und so in einen Dialog zu kommen, das ist eine der Zielrichtungen dieser Veranstaltungsreihe.Verantwortlich:Dipl.-Theol. Tobias Licht (kath.)Pfr. i.R. Eckhart Marggraf (evang.)Pfr. PD Dr. Wolfgang Vögele (evang.)Gemeinsame Veranstaltung der Arbeitsgemeinschaftchristlicher Kirchen (ACK), Karlsruhe, des Bildungszentrums Karlsruhe (Bildungswerk der Erzdiözese Freiburg), der Evangelischen Erwachsenenbildung Karlsruhe und der Staatlichen Kunsthalle Karlsruhe.",https://kalender.karlsruhe.de/db/termine/ausstellungen/maria_himmelskonigin_bilder_zum_hochfest
„gute aussichten – junge deutsche fotografie 2023/2024“,2025-08-10T15:15:00,Städtische Galerie Karlsruhe,"Lorenzstraße 27, 76135 Karlsruhe",49.0003576,8.3834933,"15/02 bis 10/08/2025Die Ausstellung „gute aussichten – junge deutsche fotografie2023/2024“ spannt einen weiten Bogen von KI-basierter Bildgenerierungüber das Ineinandergreifen von Realität und Virtuellem zu Zeitenvon Sozialen Medien bis hin zu labyrinthischen Beziehungsgeflechtenzwischen Politik, Landschaft und Biografien. Neben tradierten Themen,die sich im aktualisierten Gewand präsentieren, wie beispielsweise dieSelbstbefragung von Künstler*innen, sind es speziell die medialallgegenwärtigen Themen unserer Zeit, die von den sieben jungenKunstschaffenden aufgenommen und in ihren Konfliktpotenzialendemonstrativ vor Augen geführt werden.Die Kooperation mit „gute aussichten“, dem 2004 gegründeten Ausstellungsprojektzur Förderung junger Fotograf*innen in Deutschland,präsentiert in seiner zwanzigsten Edition erstmals auch in der SGK dievon einer Fachjury prämierten Projekte.Künstler*innen: Béla Avi Beinhold, Massimiliano Corteselli, Lea Greub,Matthias Grund, Lia Meret Lehmkuhl, Denisa Poteca, Maya Vieth",https://kalender.karlsruhe.de/db/termine/ausstellungen/gute_aussichten_junge_deutsche_fotografie20232024n-32
"Brummi, Monza und Milano. Mopeds der Durlacher Firma Gritzner",2025-08-10T15:00:00,Pfinzgaumuseum Karlsburg Durlach,"Pfinztalstraße 9, 76227 Karlsruhe",48.9984759,8.4738226,"Bei der Führung mit Georg
Hertweck können Interessierte Spannendes über die Firmengeschichte, die Produktion und die Besonderheiten der
Durlacher Mopeds der 1950er- und 1960er-Jahre erfahren. Eine Anmeldung ist
nicht erforderlich, die Teilnahme an der Führung ist kostenlos bzw. im
Eintrittspreis inbegriffen.Abbildung:Werbefotografie für das Moped Brummi von Gritzner-Kayser, 1962.Stadtarchiv Karlsruhe 8/FA Gritzner 853",https://kalender.karlsruhe.de/db/termine/ausstellungen/brummi_monza_und_milano_mopeds_der_durlacher-3
Dinosaurier - die Geschichte des Überlebens,2025-08-10T15:00:00,PLANET KA Planetarium Karlsruhe,"Alter Schlachthof 4, 76131 Karlsruhe",49.0039151,8.4304661,"Wie fast alle Kinder ist Celeste von Dinosauriern fasziniert. Gerade bereitet sie für ihre Klasse einen Vortrag darüber vor, wie die Dinosaurier ausgestorben sind. Da stellt „Mond“, eine weise und magische Figur, eine verlockende Frage: „Was wäre, wenn ich dir sagen würde, dass es noch Dinosaurier unter uns gibt?“Celeste begibt sich mit „Mond“ auf eine Reise durch die Zeit. Dabei erleben sie ein aufregendes Abenteuer, bei dem sie die Erde sehen, wie sie in der fernen Vergangenheit war.Welche faszinierenden Veränderungen machten diese Tiere im Laufe der Jahrmillionen durch? Wie entwickelten sie sich zu riesigen Kreaturen und erschreckenden Raubtieren? Was geschah an dem Tag, an dem ein katastrophaler Einschlag eines Asteroiden ein Massenaussterben auf der Erde verursachte?Doch es ist noch nicht alles verloren. Celeste wird den Schlüssel zum Überleben der Dinosaurier entdecken...Produziert von Render AreaZur Einleitung präsentieren wir live den aktuellen Sternenhimmel über Karlsruhe.Dauer ca. 60 MinutenFür Kinder ab 7 JahrenEinlass ab ca. 30 Min. vor Beginn.Bitte beachten: Kein Nacheinlass!Ungenutzte Tickets verfallen ersatzlos.",https://kalender.karlsruhe.de/db/termine/wirtschaft/dinosaurier_die_geschichte_des_uberlebens-14
Exkursion: Das Leben eines Glücksbringers – verschiedene Marienkäferarten in Karlsruhe,2025-08-10T15:00:00,Staatliches Museum für Naturkunde Karlsruhe,"Erbprinzenstraße 13, 76133 Karlsruhe",49.0069855,8.4001442,"Exkursion für Familien und Erwachsene mit Tanja Kling M.Sc.Dauer: 1 ½ Std.Treffpunkt: Bootsverleih, Günter-Klotz-AnlageTeilnahme frei",https://kalender.karlsruhe.de/db/termine/ausstellungen/exkursion_das_leben_eines_glucksbringers
Stadtführung Karlsruhe,2025-08-10T14:00:00,City Tour durch Karlsruhe,,,,"Plant ihr, Karlsruhe ein wenig näher kennenzulernen? Die lebendige ehemalige Landeshauptstadt von Baden, wartet darauf, von euch entdeckt zu werden. Bei Stadtführungen in Karlsruhe könnt ihr Kultur, Sehenswürdigkeiten und Geschichte hautnah erleben. Eine geführte Tour bietet euch die Möglichkeit, die Schönheit und Vielfalt von Karlsruhe zu entdecken und euch begeistern zu lassen.Auch andere zusätzliche Termine sind jederzeit nach Rücksprache mit dem Veranstalter möglich.Treffpunkt: Direkt vor dem Rathaus der Stadt KarlsruhePreise:Erwachsene: Euro 10,00Kinder und Jugendliche 6-14 Jahre: freiInfoTel.: 0721/91679888 oder mobil 0170/2935072Internet: www.stadtfuehrungen-karlsruhe.deAnmeldung erforderlichMindestteilnehmerzahl: 6 Personen",https://kalender.karlsruhe.de/db/termine/stadtleben/stadtfuhrung_karlsruhe-195
Stadtrundfahrt mit der Tram Linie 2,2025-08-10T14:00:00,City Tour durch Karlsruhe,,,,"Entdecke Karlsruhe abseits der Touristenpfade mit der Straßenbahnlinie 2! Erlebe historische Orte, coole Architektur und Anekdoten - es geht es um Dinge, die man sonst nicht sieht und es gibt spannende Geschichten zu hören, die in keinem Reiseführer stehen. Diese Tour zeigt dir die Fächerstadt aus einer neuen Perspektive.Dauer der Rundfahrt ca. 2 Stunden.Auch Extrafahrten für Gruppen sind jederzeit auf Anfrage möglich.Preise:Erwachsene: Euro 15,00Ein gültiges Ticket von der KVV wird vorausgesetzt.Kinder und Jugendliche 6-14 Jahre: freiInfoTel.: 0721/91679888 oder mobil unter 0170/2935072Um Anmeldung wird gebeten, Mindestteilnehmerzahl: 6 PersonenInternet: www.stadtfuehrungen-karlsruhe.de",https://kalender.karlsruhe.de/db/termine/stadtleben/stadtrundfahrt_mit_der_tram_linie2n-86
Rundgang Areal Alter Schlachthof Karlsruhe,2025-08-10T14:00:00,Alte Fleischmarkthalle - Schlachthofgelände,"Durlacher Allee 62, 76131 Karlsruhe",49.0052381,8.4366958,"Alter Schlachthof – KreativparkEin spannendes Areal, eine spannende Führung!Weshalb ist der Kreativpark Alter Schlachthof so besonders?Kaldaunenwäsche, rote Roben des Bundesverfassungsgerichts, Schlosslichtspiele, Planetarium...Was haben alle diese Dinge mit dem Areal des Alten Schlachthofs zu tun?Neugierig?Erfahren Sie bei unserer Tour wie alles begann, nämlich als Schlachthof, bis hin zum heutigen Kreativpark der sich noch immer weiterentwickelt und interessante Nachbarn wie z. B. das Schloss Gottesaue hat.Erleben Sie die besondere Atmosphäre auf diesem 7ha großen Areal bei einer ca. 1,5-stündigen Führung mit vielen Erzählungen bei dem Sie unter vielem anderen auch erfahren weshalb es dort spukt ...Mehr wird aber noch nicht verraten.Auch andere Termine sind auf Anfrage jederzeit möglich.Wer anschließend einkehren möchte findet ebenfalls zahlreiche Möglichkeiten, gerne geben wir auch hierzu Tipps.Start des Rundgangs direkt an der Durlacher Allee,  Kreuzung Tullastrasse, an den großen Buchstaben "" Alter Schlachthof "".Mindestteilnehmer: 6 PersonenUm Anmeldung wird gebetenPreis: 10,- Euro pro PersonTermine und weitere Infos: 0721 91679888 oder 01702935072http://stadtfuehrungen-karlsruhe.de",https://kalender.karlsruhe.de/db/termine/stadtleben/rundgang_areal_alter_schlachthof_karlsruhe-272
Radtour: Prima Klima? - Stadtgestaltung und -planung und das Klima,2025-08-10T14:00:00,K.Punkt - Informationspavillon K.,"Ettlinger Torplatz 1a, 76137 Karlsruhe",49.0051886,8.4044024,"Stadtführungen einmal anders - spannend, informativ und immer überraschend! Die Führungen von stattreisen Karlsruhe 
e.V. ermöglichen neue 
Einblicke in Geschichte und Architektur, in das Alltagsleben früherer Zeiten - und in verborgene Ecken und Winkel
der Stadt, die Einheimische und Gäste der Stadt gleichermaßen faszinieren.Anmeldung und Informationen zur Teilnahmegebühr auf der Website!",https://kalender.karlsruhe.de/db/termine/stadtleben/radtour_prima_klima_stadtgestaltung-4
Michel in der Suppenschüssel (ab 5),2025-08-10T14:00:00,Waldzentrum Karlsruhe,"Linkenheimer Allee 10, 76131 Karlsruhe",49.0304857,8.4067057,"Hast du schon mal was von Michel gehört?
Michel aus Lönneberga in Smäland in Schweden?
Dieser Michel ist 5 Jahre alt und so stark wie ein kleiner Ochse. Und wenn er schläft, sieht er aus wie ein kleiner Engel.
Und wenn er nicht schläft, hat er mehr Unsinn im Kopf, als das Jahr Tage hat.
Jedenfalls verging kein Tag, an dem nicht irgendeiner stöhnte: „Oh dieser Michel!“
Dabei tat er das alles nur aus lauter Freundlichkeit und damit alle ein lustiges Leben haben…

 „Wie man Kinderbücher schreibt?
Man muss nur einfach selbst ein Kind gewesen sein. Und sich daran erinnern wie es war.“  (Astrid Lindgren)Spiel: 		Friederike Krahl und Thomas HänselRegie:		Lisa Augustinowski",https://kalender.karlsruhe.de/db/termine/theater/michel_in_der_suppenschussel_ab5n-18
Auf den Spuren der Karlsruher Fußballgeschichte,2025-08-10T14:00:00,City Tour durch Karlsruhe,,,,"Diese ganz besondere Stadtführung per Rad beginnt am Carl-Friedrich-Denkmal zwischen Marktplatz und Schloß.Die ca. 2 -stündige Fahrradtour dreht sich ganz um das Thema Fußball in Karlsruhe von der Geschichte bis in die Gegenwart.Wildparkstadion, Engländerplatz sowie das ehemalige KFV Stadion an der Herzstrasse werden angefahren.Die  Teilnehmern dieser interessanten Fahrradtour erfahren viel über die ehemaligen Fußballspieler Gottfried Fuchs, Julius Hirsch, Walther Bensemann und anderen bekanntenFußballspieler, die zu der Entwicklung des Fußballs in Karlsruhe viel beigetragen haben.Auch die Dauerausstellung ""Ein Stadion schreibt Geschichte"" im angrenzenden Altersheim ""Karlsruher Weg"" ist Bestandteil der Fahrradtour.Auch für Gruppen ist diese Führung nach Absprache mit dem Veranstalter jederzeit möglich.Anmeldung erforderlich unter: Marc.Fischer@boservice.org oder Telefon: 0721/91679888 mobil: 01702935072Preise:Erwachsene: Euro 15,00Kinder und Jugendliche 6-14 Jahre: freiInternet: www.stadtfuehrungen-karlsruhe.de",https://kalender.karlsruhe.de/db/termine/stadtleben/auf_den_spuren_der_karlsruher_fuballgeschichte-27
Lars - der kleine Eisbär,2025-08-10T13:30:00,PLANET KA Planetarium Karlsruhe,"Alter Schlachthof 4, 76131 Karlsruhe",49.0039151,8.4304661,"Lars - der kleine EisbärIn dem spannenden Abenteuer „Kleiner Eisbär in der Walbucht“ von Hans de Beer rettet der kleine Eisbär Lars die Wale vor den Walfängern und aus einer großen Not, in die sie durch das Abschmelzen eines Gletschers geraten sind.Anschließend erfahrt ihr, wie die Eisbären wirklich leben und was ihre Heimat bedroht.Dauer: ca. 1 Stunde. Empfohlen für Kinder von 4 bis 7 Jahren.Einlass: ab 25 Min. vor Beginn.Bitte beachten: Kein Nacheinlass! Bitte seien Sie pünktlich vor Ort.Ungenutzte Tickets verfallen ersatzlos.",https://kalender.karlsruhe.de/db/termine/literatur/lars_der_kleine_eisbar-16
Der Regenbogenfisch,2025-08-10T11:30:00,PLANET KA Planetarium Karlsruhe,"Alter Schlachthof 4, 76131 Karlsruhe",49.0039151,8.4304661,"Im Kinder- & Familienprogramm:Der Regenbogenfisch und seine FreundeDer Regenbogenfisch ist der schönste Fisch im weiten Ozean. Sein Schuppenkleid schimmert in allen Farben des Regenbogens: Rot, Orange, Gelb, Grün, Blau, Indigo und Violett. Eines Tages verliert er seine Glitzerschuppe. Um sie wiederzufinden, taucht ab in das tiefe Meer. Dort findet er neue Freunde, die ihm helfen, seine Glitzerschuppe wiederzubekommen.Wir laden Euch ein, gemeinsam mit dem Regenbogenfisch in die Tiefsee zu tauchen. Dabei lernt ihr, wie die Farben im Regenbogen entstehen, und wie man die Fische sogar am Sternhimmel findet..Eine Kuppelproduktion nach den Büchern von Marcus Pfister, erschienen im NordSüd-Verlag.Nach den Büchern „Der Regenbogenfisch stiftet Frieden“ und „Der Regenbogenfisch entdeckt die Tiefsee“, erschienen im NordSüd-Verlag.Dauer: ca. 1 Stunde.Empfohlen für Kinder ab 4 Jahren.Einlass ab ca. 30 Minuten vor BeginnBitte beachten: Kein Nacheinlass! Bitte seien Sie pünktlich vor Ort.Ungenutzte Tickets verfallen ersatzlos.",https://kalender.karlsruhe.de/db/termine/literatur/der_regenbogenfisch-22
"Gentlemenräuber, Geiselgangster, Glatteisspion - Verbrechen in Karlsruhe",2025-08-10T11:00:00,Schranke neben der Pforte des Bundesverfassungsgerichts,"Waldstraße Ecke Schlossplatz, 76133 Karlsruhe",,,"Stadtführungen einmal anders - spannend, informativ und immer überraschend! Die Führungen von stattreisen Karlsruhe 
e.V. ermöglichen neue 
Einblicke in Geschichte und Architektur, in das Alltagsleben früherer Zeiten - und in verborgene Ecken und Winkel
der Stadt, die Einheimische und Gäste der Stadt gleichermaßen faszinieren.Anmeldung und Informationen zur Teilnahmegebühr auf der Website!",https://kalender.karlsruhe.de/db/termine/stadtleben/gentlemenrauber_geiselgangster_glatteisspion-10
Michel in der Suppenschüssel (ab 5),2025-08-10T11:00:00,Waldzentrum Karlsruhe,"Linkenheimer Allee 10, 76131 Karlsruhe",49.0304857,8.4067057,"Hast du schon mal was von Michel gehört?
Michel aus Lönneberga in Smäland in Schweden?
Dieser Michel ist 5 Jahre alt und so stark wie ein kleiner Ochse. Und wenn er schläft, sieht er aus wie ein kleiner Engel.
Und wenn er nicht schläft, hat er mehr Unsinn im Kopf, als das Jahr Tage hat.
Jedenfalls verging kein Tag, an dem nicht irgendeiner stöhnte: „Oh dieser Michel!“
Dabei tat er das alles nur aus lauter Freundlichkeit und damit alle ein lustiges Leben haben…

 „Wie man Kinderbücher schreibt?
Man muss nur einfach selbst ein Kind gewesen sein. Und sich daran erinnern wie es war.“  (Astrid Lindgren)Spiel: 		Friederike Krahl und Thomas HänselRegie:		Lisa Augustinowski",https://kalender.karlsruhe.de/db/termine/theater/michel_in_der_suppenschussel_ab5n-17
Heimatstadt Karlsruhe Stadtführung,2025-08-10T11:00:00,Tourist-Information am Marktplatz,"Kaiserstraße 72-74, 76133 Karlsruhe",49.0097995,8.4041251,"Trotz seinen gerade einmal 300 Jahren blickt Karlsruhe auf eine bewegte Vergangenheit zurück. Als barocke Planstadt ein Novum seiner Zeit, hat sich die Stadt diesen Pioniergeist bis heute erhalten. Unterwegs mit unseren Stadtführern erfahren Sie alles über die Entstehung Karlsruhes und den Werdegang der Stadt zu einem wichtigen Kultur- und Innovationsstandort. Gespickt mit witzigen Anekdoten und den persönlichen Geheimtipps unserer besten Stadtkenner wird jede Führung ein besonderes Erlebnis.",https://kalender.karlsruhe.de/db/termine/stadtleben/heimatstadt_karlsruhe_stadtfuhrung-348
Trink Wasser! – Spazier-Tour zu Karlsruher Trinkbrunnen,2025-08-10T11:00:00,Tourist-Information am Marktplatz,"Kaiserstraße 72-74, 76133 Karlsruhe",49.0097995,8.4041251,"Karlsruhe ist eine wichtige ""Wasser- und Brunnenstadt"" in Deutschland. Besonders die Trinkbrunnenkultur erweist sich als vielfältig. An 36 öffentlichen Trinkbrunnen lässt sich der Durst stillen. Sie reichen von den prächtigen Denkmalbrunnen des Stadtbaumeisters Friedrich Weinbrenner über den ""Wasserschöpfenden Knaben"" vor der Kleinen Kirche bis hin zu zeitgenössischen Trinkbrunnen-Skulpturen wie dem ""Waldbrunnen"" oder dem ""Herrenbrunnen"" in der Kaiserstraße.Angesichts des Klimawandels, der immer mehr Hitzetage mit sich bringt, werden Trinkbrunnen immer wichtiger für die Stadt. Sie sind kostengünstige, gut kontrollierte und gesunde Wasserquellen, verbessern das Mikroklima und dienen als Orte des geselligen Miteinanders. Zugleich tragen sie zum Klimaschutz bei: Leitungswasser spart Plastikmüll und CO2 .Dauer:2 StundenTreffpunkt:Touristinformation am MarktplatzPreis:11,00 € pro PersonHinweis:Im Sinne der Nachhaltigkeit bitten wir Sie, Ihr eigenes Trinkgefäß mitzubringen. Es werden aber auch Trinkbecher zur Verfügung gestellt. Bezahlung direkt beim Anbieter. Es gelten die AGB/Stornobedingungen des Anbieters.",https://kalender.karlsruhe.de/db/termine/stadtleben/trink_wasser_spazier_tour_zu_karlsruher_trinkbrunnen-11
Karlsruhe Stadtführung per Rad,2025-08-10T10:00:00,City Tour durch Karlsruhe,,,,"Diese ganz besondere Stadtführung beginnt direkt an der Pyramide auf dem Marktplatz.Viele Highlights und Insidertipps werden auch Karlsruher überraschen.Die ca. 3-stündige Fahrradtour durch Karlsruhe zeigt Ihnen viele Sehenswürdigkeiten der Stadt.Sollten Sie über kein eigenes Fahrrad verfügen sprechen Sie uns gerne an.Anmeldung erforderlich unter: Marc.Fischer@boservice.org oder Telefon: 0721/91679888 mobil: 0170/2935072Mindestteilnehmeranzahl: 6 PersonenDie Tour kann auch exklusiv als Gruppenevent gebucht werden.Preise:Erwachsene: Euro 18,00Kinder bis 14 Jahre: 10,00Internet: www.stadtfuehrungen-karlsruhe.de",https://kalender.karlsruhe.de/db/termine/sportveranstaltung/karlsruhe_stadtfuhrung_per_rad-51
Tante Wölfle wird 90 Jahre,2025-08-10T09:00:00,Freibad Wolfartsweier,"Schloßbergstraße 12, 76228 Karlsruhe",48.9724101,8.4544403,"1935 öffnete das Freibad Wolfartsweier seine Pforten. Das ehrenamtlich geführte Wölfle-Bad wird daher 90 Jahre alt. Wenn das kein Grund zum Feiern ist. Mit einem bunten Programm, einem Benefizschwimmen und mancher Überraschung begeht das Wölfle dieses Jubiläum. Sei mit dabei!",https://kalender.karlsruhe.de/db/termine/sportveranstaltung/tante_wolfle_wird_90_jahre
Pilzberatung 2025,2025-08-11T17:00:00,Staatliches Museum für Naturkunde Karlsruhe,"Erbprinzenstraße 13, 76133 Karlsruhe",49.0069855,8.4001442,"am Seiteneingang des Pavillons im Nymphengarten hinter dem NaturkundemuseumPilzfachleute helfen bei der Bestimmung gesammelter Pilze, informieren über Speisewert, Merkmale, Bedeutung im Naturhaushalt und vieles mehr.Als Beratende wirken fachkundige Mitglieder der Arbeitsgruppe Pilze des Naturwissenschaftlichen Vereins Karlsruhe.Das Angebot ist kostenlos!Weitere Informationen unterwww.pilze-karlsruhe.de",https://kalender.karlsruhe.de/db/termine/ausstellungen/pilzberatung2025n
Heimatstadt Karlsruhe Stadtführung,2025-08-11T14:00:00,Tourist-Information am Marktplatz,"Kaiserstraße 72-74, 76133 Karlsruhe",49.0097995,8.4041251,"Trotz seinen gerade einmal 300 Jahren blickt Karlsruhe auf eine bewegte Vergangenheit zurück. Als barocke Planstadt ein Novum seiner Zeit, hat sich die Stadt diesen Pioniergeist bis heute erhalten. Unterwegs mit unseren Stadtführern erfahren Sie alles über die Entstehung Karlsruhes und den Werdegang der Stadt zu einem wichtigen Kultur- und Innovationsstandort. Gespickt mit witzigen Anekdoten und den persönlichen Geheimtipps unserer besten Stadtkenner wird jede Führung ein besonderes Erlebnis.",https://kalender.karlsruhe.de/db/termine/stadtleben/heimatstadt_karlsruhe_stadtfuhrung-286
SOMMERFERIENSPAß: Vorlesezeit mit Basteln in Grötzingen,2025-08-11T10:30:00,Stadtbibliothek Karlsruhe - Stadtteilbibliothek Grötzingen,"Kirchstraße 13, 76229 Karlsruhe",49.0037244,8.4981238,"Langeweile in den Sommerferien? Eine spannende, lustige Geschichte mit anschließender Bastelrunde erwartet Dich in der Stadtteilbibliothek Grötzingen.Zielgruppe: ab 6 JahrenAnmeldung:bibliothek-groetzingen@kultur.karlsruhe.deEintritt:kostenfreiOrt:Stadtteilbibliothek GrötzingenBilder: AdobeStock – olenago, KWstudio, Maksym Kravchenko, Yuliia Osadcha",https://kalender.karlsruhe.de/db/termine/literatur/sommerferienspa_vorlesezeit_mit_basteln_in_grotzingen
MEDIENMONTAG: Trickfilm Workshop,2025-08-11T10:00:00,Stadtbibliothek Karlsruhe - Kinder- und Jugendbibliothek Karlsruhe im Prinz-Max-Palais,"Prinz-Max-Palais, Karlstraße 10, 76133 Karlsruhe",49.0111857,8.3947581,"Wir schauen uns die Ursprünge an, wie Trickfilme entstanden sind und ihr habt die Möglichkeit euren eigenen Film umzusetzen.Zielgruppe:ab 10 JahrenAnmeldung:jugendbibliothek@kultur.karlsruhe.de oder telefonisch unter 0721 133-4262Eintritt:kostenfreiOrt:Kinder- und JugendbibliothekFoto: Stadtbibliothek Karlsruhe",https://kalender.karlsruhe.de/db/termine/literatur/medienmontag_trickfilm_workshop
Waldentdeckerwoche im Rappenwörter Wald,2025-08-15T09:30:00,Naturschutzzentrum Karlsruhe-Rappenwört,"Hermann-Schneider-Allee 47, 76189 Karlsruhe",48.9961878,8.3035929,"Wir gehen auf Entdeckungsreise in den Auenwald, halten Ausschau nach kleinen und großen Tieren und schauen nach besonderen Bäumen und Pflanzen. Wir finden Waldschätze und geheime Plätze. Wo es uns besonders gut gefällt, dort bleiben wir zum Spielen und bauen Hütten und Waldsofas, auf denen wir es uns zum Schnitzen und Vespern gemütlich machen.Bringt genug zu vespern und zu trinken sowie gute Waldkleidung mit.Leitung:Ulrike Roelle, NaturpädagoginKostenbeitrag:130 € pro Kind für 5 TageTeilnehmerzahl:12 KinderAnmeldung mit Vorabüberweisung der Teilnahmegebühr bis 07.08.25 erforderlich",https://kalender.karlsruhe.de/db/termine/stadtleben/waldentdeckerwoche_im_rappenworter_wald-3
"Sommerferienprogamm  „Waldabenteuer mit Ronja und Birk 1""",2025-08-15T09:00:00,Wald rund um das Waldklassenzimmer,"Linkenheimer Allee 10, 76131 Karlsruhe",49.0304857,8.4067057,"In dieser Ferienwoche tauchen wir in den Wald ein und bauen uns eingeheimes Lager im Wald. Wirerforschen den Waldund seine Bewohner, stellen unsere eigenen Farben her, schnitzen, spielen, werkeln und haben jede Menge Spaß. Das Programm findet im Wald statt, das Waldklassenzimmer wird nur imAusnahmefall bei schlechtem Wetter genutzt.Für bis zu 20 Kinder imGrundschulalterKosten: 160 Euro / Kind inklusive Materialkosten ohne VerpflegungAnmeldungbeiRegine Schirmer, Waldpädagogin undChristine Lutz, Wald-, Atelier- und WerkstattpädagoginE-Mail: mail@naturerlebnis-schirmer.de Telefon: 07236-7282",https://kalender.karlsruhe.de/db/termine/sommerferienprogamm_waldabenteuer_mit_ronja_und_birk1n
Sommerferienprogamm „Waldentdecker 2“,2025-08-15T09:00:00,Wald rund um das Waldklassenzimmer,"Linkenheimer Allee 10, 76131 Karlsruhe",49.0304857,8.4067057,"Als Waldentdecker lernen wir den Wald kennen, bauenuns einkleines Camp und erleben jeden Tag neue Abenteuer.Für max. 12 Kinder von6 bis 12 JahrenKosten: 155 Euro / Kind inklusive Materialkosten ohne VerpflegungAnmeldungbeiMiriam Becker, zertifizierte Waldpädagogin",https://kalender.karlsruhe.de/db/termine/stadtleben/sommerferienprogamm_waldentdecker2n
Theaterworkshop:Ferien in Fantasia!,2025-08-15T09:00:00,"Imagine, Schauspielschule für Kinder und Jugendliche","Ettlinger Straße5, 76133 Karlsruhe",,,"5 Tage Ferienspaß beim Theaterspielen!Wohin fahrt ihr in den Ferien? Auf den Mond? Auf eine Pirateninsel? Alles ist möglich!In unserem Theaterworkshop machen wir eine Reise ins Reich der Fantasie. Ihr könnt alles machen, überall hinfahren und alles sein, was ihr wollt. Ihr müsst es nur erfinden. Gemeinsam erobern wir die Bretter, die die Welt bedeuten und zeigen am Ende, was wir dort erlebt haben.Der Theaterkurs soll vor allem die Lust am Spiel, den Mut und das Selbstvertrauen wecken, sich in verschiedenen Rollen selbst zu entdecken.Ladet Eure Freunde und Familie zur Abschlussaufführung ein!",https://kalender.karlsruhe.de/db/termine/theater/theaterworkshopferien_in_fantasia-8
DROWNING POOL,2025-08-10T19:30:00,Substage Karlsruhe e.V.,"Durlacher Allee 62 , 76131 Karlsruhe",49.0052381,8.4366958,"Drowning Pool, ein Name, der in die Partituren der modernen Rockgeschichte eingraviert ist, brüllen sich mit donnernder Energie und kompromissloser Kraft zurück ins Rampenlicht. Der unverwechselbare Sound der Band, ein Synonym für rohe Energie und kompromisslose Haltung, kehrt zurück, um das Publikum erneut zu fesseln. Drowning Pool sind für ihre Kulthymne „Bodies“ bekannt und brauchen keine Einführung. Diese bahnbrechende Single verhalf ihnen zu internationaler Anerkennung und hinterließ einen unauslöschlichen Eindruck in der NuMetal-Landschaft. Die unerbittliche Energie und der trotzige Geist des Songs fanden bei einer ganzen Generation Anklang und wurden zu einer Hymne für Mosher, Metalheads und Fans elektrisierender Live-Auftritte. Shouter Ryan McCombs spielte eine entscheidende Rolle in der Entwicklung der Band und schloss sich ihnen nach dem tragischen Verlust des beliebten Frontmanns Dave Williams an. Sein kraftvoller Gesang und seine charismatische Bühnenpräsenz hauchten Drowning Pool neues Leben ein und festigten ihren Status als NuMetal-Titanen. Songs wie „37 Stitches!, „Feel Like I Do“ und „Turn So Cold“ katapultierten sie in neue Höhen und sicherten ihnen einen Platz unter den Schwergewichten des Genres. Doch die Geschichte von Drowning Pool dreht sich nicht nur um Musik; sie ist ein Zeugnis dauerhafter Freundschaften und einer gemeinsamen Leidenschaft für ihr Handwerk. Ryans Rückkehr zur Band im Jahr 2023 nach zwölf Jahren Trennung markiert eine Wiedervereinigung verwandter Seelen, eine Rückkehr zu den Wurzeln ihrer musikalischen Reise. Ihr Weg war generell nicht ohne Herausforderungen. „Bodies“ wurde missverstanden und kontrovers diskutiert, der Text wurde aus dem Kontext gerissen. „Bodies“ bleibt dennoch eine zeitlose Hymne, nicht nur für Drowning Pool, sondern für die gesamte Metal-Kultur. Ihr Erbe lebt weiter und inspiriert neue Generationen von Fans. Die Rückkehr von Drowning Pool ist ein Beweis für die anhaltende Kraft ihrer Musik und eine Erinnerung daran, dass ihr kompromissloser Geist weiterhin weltweite Resonanz findet. Die Band erlebte 2023 ein triumphales Comeback, und mit der Ankündigung eines neuen Albums in diesem Jahr wird die fast 30-jährige Historie der Band kraftvoll fortgeschrieben. Drowning Pool haben ihre Gegenwart und Zukunft fest im Griff und haben keine Pläne, langsamerer oder bedächtiger zu werden!Einlass: 19:00 UhrAltersfreigabe: ab 16 Jahren",https://kalender.karlsruhe.de/db/termine/musik/drowning_pool-1
Kleindenkmale und Wässerwiesen an Moosalb und Alb,2025-08-09T09:30:00,Bahnhof Ettlingen Stadt,,48.9387873,8.4093862,"Streckenverlauf: Völkersbach - Moosalbtal - Weimersmühle - FischweierReine Wanderzeit: 4 Stunden, Schlusseinkehr vorgesehenTreffpunkt:Bahnhof Ettlingen StadtKörperliche Anforderung:MittelKilometer Wegstrecke:12Höhenmeter:50 auf, 250 abÖPNV: D-Ticket oder KVV Tageskarte 4 WabenWichtig: Anmeldung bis Do 06.08.2025 beim Wanderführer Wilfried Süß unter wui@online.de.",https://kalender.karlsruhe.de/db/termine/sportveranstaltung/kleindenkmale_und_wasserwiesen_an_moosalb_und_alb
WOHNZIMMERKONZERT,2025-08-12T20:00:00,Kulturzentrum Tollhaus,"Alter Schlachthof 35, 76131 Karlsruhe",49.0044252,8.4317094,"Kaltgetränk aus dem Kühlschrank holen, rein in den Liegestuhl, Musik an – Welt aus. Genau dieses Gefühl erwartet euch bei unserem Wohnzimmerkonzert in der Zeltival-Edition im TOLLHAUS-Garten.Freut euch auf einen entspannten Sommerabend mit lokalen Acts und inspirierender Kunst, eingebettet in ein einzigartiges Open-Air-Wohnzimmerambiente.Mit dabei sind unter Anderem:KARLMER - ist eine rohe und energiegeladene Rockband mit Kult-Attitüde. Laut, energiegeladnen und unerschrocken.YAELU - verbindet kulturelle Vielfalt mit tiefgründigem Sound zwischen Jazz, Hip-Hop und Popn. Vielschichtig, verletzlich und reflektiert....und viele mehr!",https://kalender.karlsruhe.de/db/termine/musik/wohnzimmerkonzert-3
KATAKLYSM,2025-08-12T20:00:00,Substage Karlsruhe e.V.,"Durlacher Allee 62 , 76131 Karlsruhe",49.0052381,8.4366958,"Die Death Metal-Urgesteine Kataklysm legen neue Konzerttermine in Europa nach. Im Sommer wird die kanadische Band nicht nur bei namhaften Festivals zu sehen sein, sondern auch mehrere exklusive Headliner-Shows spielen – eine davon auch bei uns im SUBSTAGE.Fast drei Jahrzehnte lang hat die Melodic-Death-Metal-Band KATAKLYSM den ganzen Globus mit kompromisslosem, kraftvollem Sound erfüllt. 2023 erschien ihr 15. Studioalbum „Goliath“ über Nuclear Blast Records. Nach der Veröffentlichung des hochgelobten Albums „Unconquered“ im Jahr 2020 hatten KATAKLYSM mehr Zeit als sonst, am Nachfolgealbum zu arbeiten. Normalerweise erscheint alle zwei Jahre ein neues Album, doch die Band hatte drei Jahre Zeit, dieses Album zu vollenden. „Goliath“ ist, seinem Namen treu, ein aggressives und fieses Album, das aus seinen ganz eigenen Hürden entstanden ist. „Diese Platte ist voller Wut, aber auch voller Düsternis und spiegelt die aktuelle Stimmung in der Welt wider“, kommentiert Maurizio Iacono. „Goliath ist ein Album, das tiefgründig hinterfragt, was global und gesellschaftlich passiert: Bist du mit allem einverstanden, was du siehst?“KATAKLYSM liefern mit der ersten und zweiten Single einen Doppelschlag ab, die eine prägnante Geschichte erzählen, die mit den aktuellen weltweiten Ereignissen in Verbindung gebracht werden kann. „Bringer Of Vengeance“ eröffnet mit Drop-Tune-Gitarren und nimmt den Hörer mit auf eine Reise, die moderne Metal- und Djent-Elemente vereint und den traditionellen KATAKLYSM-Sound überlagert. Die zweite Single „Die As A King“ ist das Prequel zu „Bringer Of Vengeance“ und vereint traditionellen Death Metal mit Eingängigkeit. Die zweiteilige Geschichte wird von Musikvideos begleitet. Tracks wie „Dark Wings Of Deception“ bieten traditionellere, galoppierende Gitarren über Thrash-/Punk-Drums und mit Black-Metal-Untertönen.Einlass: 19:00 UhrAltersfreigabe: ab 16 Jahren",https://kalender.karlsruhe.de/db/termine/musik/kataklysm
Checkpoint Karlsruhe | 12.08.2025,2025-08-12T18:30:00,AIDS-Hilfe Karlsruhe e.V. - Zentrum für sexuelle Gesundheit,"Sophienstraße 102, 76135 Karlsruhe",49.0080257,8.3825952,"Jeden Dienstagabend von 18:30 - 20:00 Uhr können Sie sich in unserem Checkpoint auf HIVund andere sexuell übertragbare Infektionen (STI)testen lassen.Testung nur mit telefonischer Anmeldung unter 0721 / 35 48 16 0Hinweis: Bei Symptomen (z.B. Juckreiz, Ausfluss) bitte direkt in ärztliche Behandlung begeben. Wir sind KEINE ärztliche Einrichtung!Der Zugang ist barrierefrei!ZeSIA Karlsruhe | Sophienstraße 102, 76135 KarlsruheWeitere Infos unter: www.zesia-ka.de",https://kalender.karlsruhe.de/db/termine/checkpoint_karlsruhe12082025n
Experimente (5–7 Jahre): Temperatur,2025-08-12T15:30:00,Staatliches Museum für Naturkunde Karlsruhe,"Erbprinzenstraße 13, 76133 Karlsruhe",49.0069855,8.4001442,Naturwissenschaftliche Experimente für KinderUnsere Experimentekurse für 5- bis 7-Jährige – hier können Kinder verschiedene Themen aus den Naturwissenschaften spielerisch erforschen.Nach acht besuchten Kursen erhalten die Kinder ein Diplom.Mit freundlicher Unterstützung der Jugendstiftung der Sparkasse Karlsruhe.Dauer: ¾ StundeKosten inkl. Eintritt und MaterialAnmeldung online ab 18. Juni möglich,https://kalender.karlsruhe.de/db/termine/ausstellungen/experimente_57_jahre_temperatur-1
Experimente (5–7 Jahre): Temperatur,2025-08-12T14:30:00,Staatliches Museum für Naturkunde Karlsruhe,"Erbprinzenstraße 13, 76133 Karlsruhe",49.0069855,8.4001442,Naturwissenschaftliche Experimente für KinderUnsere Experimentekurse für 5- bis 7-Jährige – hier können Kinder verschiedene Themen aus den Naturwissenschaften spielerisch erforschen.Nach acht besuchten Kursen erhalten die Kinder ein Diplom.Mit freundlicher Unterstützung der Jugendstiftung der Sparkasse Karlsruhe.Dauer: ¾ StundeKosten inkl. Eintritt und MaterialAnmeldung online ab 18. Juni möglich,https://kalender.karlsruhe.de/db/termine/ausstellungen/experimente_57_jahre_temperatur
SOMMERFERIENSPAß: GameLab,2025-08-12T10:30:00,Stadtbibliothek Karlsruhe - Stadtteilbibliothek Grötzingen,"Kirchstraße 13, 76229 Karlsruhe",49.0037244,8.4981238,"Ob Nintendo Switch, Playstation 4 oder ein normales Brettspiel – in der Stadtbibliothek Grötzingen kannst Du Deine Sommerferien heute spielerisch genießen (Videospielzeit 30 min pro Tag).Zielgruppe: ab 6 JahrenAnmeldung:Einfach vorbeikommen und am Tag anmelden.Eintritt:kostenfreiOrt:Stadtteilbibliothek GrötzingenBilder: AdobeStock – olenago, KWstudio, Maksym Kravchenko, Yuliia Osadcha",https://kalender.karlsruhe.de/db/termine/literatur/sommerferienspa_gamelab
Sprechstunde: Einfach digital!,2025-08-12T10:00:00,Stadtbibliothek Karlsruhe - Stadtbibliothek im Neuen Ständehaus,"Ständehausstraße 2, 76133 Karlsruhe",49.0089211,8.4003588,"Sie haben Fragen zu Ihrem Smartphone oder einer App? Ihr Tablet 
bereitet Ihnen Kopfzerbrechen? Das neue Update will einfach nicht 
funktionieren? In eineroffenen Sprechstunde jeden Dienstaghilft ein*e 
Mitarbeiter*in der Stadtbibliothek bei Problemenrund um Ihre digitalen 
Endgeräte(Smartphone, Tablet oder Laptop) und deren Nutzung.Bei Fragen zu unserer 
Online-Bibliothek ""Onleihe"" oder der Nutzung von E-Book-Readern besuchen
 Sie bitte unsere Onleihe-Sprechstunde jeden Mittwoch und Donnerstag.Zielgruppe:alle Menschen mit Fragen rund ums SmartphoneAnmeldung:ohne AnmeldungEintritt:kostenfreiOrt:Stadtbibliothek im Neuen Ständehaus, Infotheke im 1. OG",https://kalender.karlsruhe.de/db/termine/literatur/sprechstunde_einfach_digital-31
Bücherblitz im Turmbergbad -- ENTFÄLLT --,2025-07-30T14:00:00,Durlach,Durlach Innenstadt,,,"Wir sind mit unserem Lastenfahrrad ""Bücherblitz"" im Turmbergbad Durlach und sorgen mit einer bunten Medienauswahl für Unterhaltung zwischendurch. An einzelnen Terminen bieten wir auch Vorlesen und andere Aktionen an. Kommt vorbei!Zielgruppe:alle InteressiertenOrt:Turmbergbad Durlach, Alte Weingartener Str. 40, 76227 KarlsruheFoto: AdobeStock - zamuruev",https://kalender.karlsruhe.de/db/termine/literatur/bucherblitz_im_turmbergbad_entfallt_-5
SCHLOSSLICHTSPIELE Light Festival Karlsruhe 2025,,Schloss Karlsruhe und Innenstadt,,,,"Vom 14. August bis 14. September 2024 verwandelt sich die ganze Karlsruher Innenstadt im Rahmen des SCHLOSSLICHTSPIELE Light Festivals in eine dezentrale Bühne und Ausstellungsfläche für Medienkunst, Illuminationen und leuchtende Aktionen.DieSCHLOSSLICHTSPIELE Karlsruhekehren dann zum 11. Mal auf die barocke Fassade des Karlsruher Schlosses zurück und verwandelten sie in ein digitales Kunstwerk für zahlreiche Besucherinnen und Besucher aus aller Welt.Das vollständige Programm finden Sie unterwww.schlosslichtspiele.infoDie SCHLOSSLICHTSPIELE Karlsruhe fanden 2015 zum 300. Stadtgeburtstag erstmals statt und begeistern seitdem jeden Sommer das Publikum. Schon über eine Million Menschen haben das Kunsterlebnis auf der 170 Meter langen barocken Schlossfassade besucht.Foto: Letters of Liberty – Studio Julian Hölscher –  SCHLOSSLICHTSPIELE Light Festival Karlsruhe 2024 | KME Karlsruhe Marketing und Event GmbH – Jürgen Rösner",https://kalender.karlsruhe.de/db/termine/stadtleben/schlosslichtspiele_light_festival_karlsruhe2025n
CRUCCHI GANG,2025-08-13T20:30:00,Kulturzentrum Tollhaus,"Alter Schlachthof 35, 76131 Karlsruhe",49.0044252,8.4317094,"Benvenuti in Italia, Amore e Musica – Musik, die die Liebe zu Italien feiert und lässig, verspielt nach Sommer, Disco, Eis und Europa klingt. Die Crucchi Gang ist ein Side-Project von Francesco Wilking und seiner Band Die Höchste Eisenbahn. Geboren wurde die Idee in Berlin, nach dem Besuch eines Bob-Dylan-Konzerts, beim gemeinsamen Biertrinken: Deutschsprachige Musiker und Musikerinnen singen ihre eigenen und andere deutschen Songs auf Italienisch und daraus wird eine Platte. Die Texte übersetzte Wilking, dessen Mutter Italienerin ist. Und siehe da, die Idee funktioniert und zeitigt wundervolle Ergebnisse, denn in einer anderen Sprache zu singen, mach den Künstlern nicht nur sichtlich Spaß, sondern wirf ein neues Licht auf jeden einzelnen Song. „In Kombination mit der italienischen Sprache entwickeln die Lieder oft so eine gewisse Melancholie und eine Art von Pathos, die der deutschen Popkultur eine ganz andere Farbe beimischen“, beschreibt Wilking. „Es sind immer noch dieselben Lieder, aber plötzlich sind sie nicht mehr blau, sondern rot.“ Nach zwei Alben, beteiligt hatten sich unter vielen anderen Sven Sven Regener, Steiner und Madlaina, Isolation Berlin, Dota, Lina Maly, Jeremias, Von wegen Lisbeth, bespielt die Crucchi Gang in einer Überraschungsbesetzung nun einige Festivals.Die Höchste Eisenbahn // live bei uns am 22.11.2025 // Infos hier",https://kalender.karlsruhe.de/db/termine/musik/crucchi_gang
Eröffnung: Media art is here,2025-08-13T19:00:00,Zentrum für Kunst und Medien (ZKM),"Lorenzstraße 19, 76135 Karlsruhe",49.0012852,8.3836005,"Die Werke lokaler und internationaler Künstler:innen sind vom 14.8. bis 14.9. im ZKM sowie kostenfrei im Stadtraum zu erleben.Auch 2025 bringt die Ausstellung Kunst dahin, wo das Leben spielt: Auf Straßen, Plätzen und in Gärten begegnen Besucher:innen zukunftsweisende Medienkunstwerke, die den öffentlichen Raum neu denken und erlebbar machen. Gezeigt werden Werke, die die Grenzen zwischen physischem und virtuellem Raum ausloten und den Einfluss digitaler Medien auf Gesellschaft, Identität und Nachhaltigkeit thematisieren. Durch ihre Platzierung mitten im urbanen Raum eröffnen die künstlerischen Arbeiten neue, überraschende Perspektiven und fördern den Austausch zwischen Kunst, Stadt und Gesellschaft.Die Ausstellung schafft dabei nicht nur ästhetische Erlebnisse, sondern auch neue Formen der Teilhabe: Viele Werke laden zur aktiven Beteiligung ein und machen Medienkunst für ein breites Publikum direkt erlebbar. Die Präsentation findet parallel zumSCHLOSSLICHTSPIELE Light Festivalstatt und bietet die Gelegenheit, Karlsruhe durch Medien- und Lichtkunst neu zu entdecken.»Media art is here« wird realisiert vom Kulturamt der Stadt Karlsruhe in enger Kooperation mit dem ZKM | Zentrum für Kunst und Medien. Teil der EventreiheKunst | Sommer | Technikdes KIT.Infos unter:www.cityofmediaarts.de",https://kalender.karlsruhe.de/db/termine/ausstellungen/eroffnung_media_art_is_here
Sightjogging-Sportlich unterwegs durch Karlsruhe,2025-08-13T18:00:00,City Tour durch Karlsruhe,,,,"Joggst du gerne?Wie wäre es dann einmal, wenn du deine Laufroute ein wenig veränderst und in einer Gruppe Gleichgesinnter vertraute und unbekannte Ecken von Karlsruhe erläufst?Erlebe eine unvergessliche Joggingtour und statt Musik auf den Ohren gibt es bei dieser Tour einiges Amüsantes, Interessantes, Anekdoten und Fakten über die Fächerstadt Karlsruhe zu erfahren.Die ca. 1,5-stündige Joggingtour durch Karlsruhe beginnt direkt auf dem Marktplatz in Karlsruhe an der Pyramide.Preise:Erwachsene: Euro 10,00InfoTel.: 0721/91679888 oder mobil 0179/2935072Internet: www.stadtfuehrungen-karlsruhe.deAnmeldung erforderlichMindestteilnehmerzahl: 6 PersonenAuch andere Termine sind jederzeit möglichBuchbar auch exklusiv als Gruppenevent",https://kalender.karlsruhe.de/db/termine/sportveranstaltung/sightjogging_sportlich_unterwegs_durch_karlsruhe-19
VORLESEZEIT in der Kinder- & Jugendbibliothek,2025-08-13T16:00:00,Stadtbibliothek Karlsruhe - Kinder- und Jugendbibliothek Karlsruhe im Prinz-Max-Palais,"Prinz-Max-Palais, Karlstraße 10, 76133 Karlsruhe",49.0111857,8.3947581,"""Lies mir doch was vor!""  - Diesen Wunsch vieler Kinder wollen wir gerne erfüllen und bieten für Kinder von 3 bis 5 Jahren an jedem Mittwochnachmit­tag jeweils um 16 Uhr eine Vorleserunde an.Zielgruppe:von 3 bis 5 JahrenAnmeldung:ohne AnmeldungEintritt:kostenfreiOrt:Kinder- und JugendbibliothekIllustration: AdobeStock - GoodStudio",https://kalender.karlsruhe.de/db/termine/literatur/vorlesezeit_in_der_kinder_jugendbibliothek-18
Hen-Watching am Waldklassenzimmer,2025-08-13T14:30:00,Waldklassenzimmer,Kanalweg,49.0308152,8.3885978,"Wale können wir nicht beobachten, aber auchHühner sind hochinteressante Lebewesen!Doch was haben sie mit dem Wald zu tun? Welche Ansprüche haben sie an ihren Lebensraum und wie werden sie heute in der industriellen Produktion gehalten? Diesen Fragen gehen wir heute auf den Grund.Treffpunkt:Chickeria (Hühnergehege)Referentin: Heike Rösgen, Biologin,  M.Sc. Umwelt- und Bildung sowie zertifizierte WaldpädagoginAnmeldungbis 8. AugustKostenlose Veranstaltung - wir freuen uns über eine Spende!",https://kalender.karlsruhe.de/db/termine/stadtleben/hen_watching_am_waldklassenzimmer
Frauencafé beim SkF,2025-08-13T14:00:00,Familienzentrum des SkF,"Passagehof 10, 76133 Karlsruhe",49.0113185,8.3977644,"Das Frauencafé ist einkostenfreies Angebotdes SkF und findet jeden zweiten Mittwoch im Monat von 14-16 Uhr im Familienzentrum des SkF im Passagehof 10 statt (Zugang auch über die Akademiestr. 15 möglich).Das Frauencafé im August findet unter dem Motto„Bunte Sommerblumen – Ungewöhnlich Farbtechnik mit blumigem Erfolg“statt.Wir möchten Frauen dazu einladen, zusammenzukommen. Gemeinsam eine „Rast“ bei uns einzulegen. Ihren Alltag zu unterbrechen und gemeinsam mit uns zu verweilen. Kraft zu tanken und sich auszutauschen.Eine Anmeldung ist nicht erforderlich. Es wird keine Kinderbetreuung angeboten.Weitere Infos zur Arbeit des SkF und unseren Veranstaltungen gibt es unterwww.skf-karlsruhe.de",https://kalender.karlsruhe.de/db/termine/stadtleben/frauencafe_beim_skf
Stadtführung Karlsruhe,2025-08-13T14:00:00,City Tour durch Karlsruhe,,,,"Plant ihr, Karlsruhe ein wenig näher kennenzulernen? Die lebendige ehemalige Landeshauptstadt von Baden, wartet darauf, von euch entdeckt zu werden. Bei Stadtführungen in Karlsruhe könnt ihr Kultur, Sehenswürdigkeiten und Geschichte hautnah erleben. Eine geführte Tour bietet euch die Möglichkeit, die Schönheit und Vielfalt von Karlsruhe zu entdecken und euch begeistern zu lassen.Auch andere zusätzliche Termine sind jederzeit nach Rücksprache mit dem Veranstalter möglich.Treffpunkt: Direkt vor dem Rathaus der Stadt KarlsruhePreise:Erwachsene: Euro 10,00Kinder und Jugendliche 6-14 Jahre: freiInfoTel.: 0721/91679888 oder mobil 0170/2935072Internet: www.stadtfuehrungen-karlsruhe.deAnmeldung erforderlichMindestteilnehmerzahl: 6 Personen",https://kalender.karlsruhe.de/db/termine/stadtleben/stadtfuhrung_karlsruhe-196
Ferien-Entdeckertag am Waldklassenzimmer,2025-08-13T14:00:00,Waldklassenzimmer,Kanalweg,49.0308152,8.3885978,"Heute sindWaldklassenzimmer und das dazugehörende Gelände geöffnet, ohne dass wir ein spezielles Programm anbieten. Familien können heute entdecken, staunen und frei spielen. Die Nutzung des Geländes erfolgt auf eigene Gefahr und unter Wahrung der Aufsichtspflicht.Ohne Anmeldung-kostenlose Veranstaltung!",https://kalender.karlsruhe.de/db/termine/ferien_entdeckertag_am_waldklassenzimmer-27
Känguru-Tour – mit Baby in die Ausstellung.,2025-08-13T11:00:00,Städtische Galerie Karlsruhe,"Lorenzstraße 27, 76135 Karlsruhe",49.0003576,8.3834933,"Känguru TourMit Baby in die AusstellungDie Känguru-Tour bietet Eltern die Möglichkeit, zusammen mitihrem Nachwuchs Kunst zu erleben. Dabei durchstreifen wir ineiner kleinen Gruppe die Sammlung im Museum und lassen auchdie Babys an den Kunstwerken teilhaben.Weinen und wickeln ist kein Problem! Die Führung wird soorganisiert, dass Eltern und Babys die Veranstaltung stressfreigenießen können.Termine, jeweils 11 Uhr:—> 16/07/2025 —> 13/08/2025 —> 17/09/2025Kosten: 2 € zzgl. EintrittAnmeldung unter: kunstvermittlung.galerie@kultur.karlsruhe.deoder 0721 / 133 4401",https://kalender.karlsruhe.de/db/termine/ausstellungen/kanguru_tour_mit_baby_in_die_ausstellung-4
SOMMERFERIENSPAß: Collegeblock-Cover gestalten,2025-08-13T10:30:00,Stadtbibliothek Karlsruhe - Stadtteilbibliothek Grötzingen,"Kirchstraße 13, 76229 Karlsruhe",49.0037244,8.4981238,"Mach Deine Mitschüler*innen nach den Sommerferien neidisch mit deinem selbst gestalteten A5 Collageblock.Zielgruppe: ab 10 JahrenAnmeldung:bibliothek-groetzingen@kultur.karlsruhe.deEintritt:kostenfreiOrt:Stadtteilbibliothek GrötzingenBilder: AdobeStock – olenago, KWstudio, Maksym Kravchenko, Yuliia Osadcha",https://kalender.karlsruhe.de/db/termine/literatur/sommerferienspa_collegeblock_cover_gestalten
"Pu, der Bär (ab 4)",2025-08-13T10:00:00,marotte Theater,"Kaiserallee 11, 76133 Karlsruhe",49.0102313,8.3851507,"Im Kinderzimmer von Christopher ist was los. Hier kommt Pu, der Bär und erlebt mit seinen Freunden Ferkel, Esel I-A und Kaninchen ein Abenteuer nach dem anderen. Ein Geburtstag muss gerettet werden, Ferkel geht verloren, das gefährliche Wuschel schleicht durch den Wald und dann taucht auch noch ein ungestümer Tiger auf und stellt alles auf den Kopf. Es braucht unerschütterliche Zuversicht und einen starken Charakter, um das durchzustehen! 
Pu hat alle Pfoten voll zu tun.Spiel: Jan Mixsa    Regie: Friederike Krahl",https://kalender.karlsruhe.de/db/termine/theater/pu_der_bar_ab4n-15
Onleihe Sprechstunde,2025-08-13T10:00:00,Stadtbibliothek Karlsruhe - Stadtbibliothek im Neuen Ständehaus,"Ständehausstraße 2, 76133 Karlsruhe",49.0089211,8.4003588,"Die kostenlose Sprech­stunde richtet sich an alle Inter­es­sier­ten mitindivi­du­el­len Fragen rund um die digitale Bibliothek ""Onleihe"". Fachleute der Stadt­bi­blio­thek beant­wor­ten Fragen und zeigen die Handhabung an entspre­chen­den Lesege­rä­ten (E-Book-Reader oder Tablets). Es dürfen gerne eigene Geräte mitge­bracht werden. Eine Anmeldung ist nicht erfor­der­lich.Zielgruppe:Onleihe Nutzer*innenAnmeldung:ohne AnmeldungEintritt:kostenfreiOrt:Stadtbibliothek im Neuen Ständehaus, Infotheke im 2. OG",https://kalender.karlsruhe.de/db/termine/literatur/onleihe_sprechstunde-139
Eröffnung Vereinsheim BrettspielSuchties e.V.,2025-08-10T12:00:00,BrettspielSuchties e.V. - Vereinsheim,"Liststraße 22, 76185 Karlsruhe",49.0077477,8.3586069,Der Brettspielverein BrettspielSuchties e.V. lädt ganz herzlich zur Eröffnung des Vereinsheims ein.Über 300 verschiedene Brettspiele können erkundet werden.Der Eintritt ist frei!,https://kalender.karlsruhe.de/db/termine/stadtleben/eroffnung_vereinsheim_brettspielsuchties_ev
Offene Bibliotheksführung,2025-08-06T17:00:00,Stadtbibliothek Karlsruhe - Stadtbibliothek im Neuen Ständehaus,"Ständehausstraße 2, 76133 Karlsruhe",49.0089211,8.4003588,"Was erwartet Sie?Bei einem Rundgang durch die Zentralbibliothek im Neuen Ständehaus lernen Sie unsere Medienabteilungen sowie Arbeits- und Leseplätze kennen. Wir erläutern unsere Sortierung sowie unseren Online-Bibliothekskatalog, damit Sie Ihre gewünschten Medien ganz einfach finden. Darüber hinaus erhalten Sie Informationen über alle Möglichkeiten, die Sie mit unserem Bibliotheksausweis - auch in unseren Stadtteilbibliotheken - haben (inkl. digitaler Angebote, Blick in Ihr Online-Benutzerkonto, Computernutzung uvm.). Wir freuen uns auf Sie!Zielgruppe:Für Neukund*innen und alle InteressiertenAnmeldung:ohne AnmeldungEintritt:kostenfreiOrt:Stadtbibliothek im Neuen Ständehaus, Infotheke im EGBild: Boris Burghardt",https://kalender.karlsruhe.de/db/termine/literatur/offene_bibliotheksfuhrung-17
Emil Wachter - Ein Sommerspaziergang,,Lernzentrum am Fasanenschlösschen,"Wolfang-Geade-Straße 6, 76131 Karlsruhe",,,,https://kalender.karlsruhe.de/db/termine/ausstellungen/emil_wachter_ein_sommerspaziergang
SEAN KOCH,2025-08-14T20:30:00,Kulturzentrum Tollhaus,"Alter Schlachthof 35, 76131 Karlsruhe",49.0044252,8.4317094,"Sean Koch ist ein in Kapstadt beheimateter Indie-Folk-Künstler, der eine Mischung aus afrikanischen und westlichen Einflüssen und Botschaften über die Heimat, die Verbundenheit mit der Natur, dem Ozean und den Menschen um ihn herum in eine Musik einfließen lässt, die sich gut anfühlt. Obwohl er in seinem fließenden Folk-Stil verwurzelt ist, ist seine Musik doch sehr vielfältig. Von tanzbaren Songs wie Lift You Up bis hin zu verträumten Liedern wie Feel the Energy ist in Seans Repertoire für jeden etwas dabei. Durch Auftritte bei renommierten Festivals wie dem Reeperbahn Festival, Sziget, Pangea oder Sound of the Forest und als Support für Kollegen wie Xavier Rudd, Milky Chance, Sticky Fingers oder A-ha hat sich Sean Koch in Europa bereits eine starke Anhängerschaft aufgebaut.",https://kalender.karlsruhe.de/db/termine/musik/sean_koch
Durlacher Kultursommer 2025,2025-08-14T19:00:00,"Durlach, Alter Friedhof",,,,"Der Durlacher Singer/Songwriter Andy Wilsing überzeugt mit markanter Stimme und versiertem Westerngitarrenpiel, bespickt mit windigen Pickings und perkussiven Elementen. Sein Programm umfasst ein breites Repertoire an Pop- und Rock Cover der 80er, 90er, 00er Jahre bis zu aktuellen Chartbreakern.",https://kalender.karlsruhe.de/db/termine/stadtleben/durlacher_kultursommer2025n-16
Vorlese-Abend,2025-08-14T18:00:00,"Kaiserstraße 47, Kulturküche","Kaiserstraße 47, 76131 Karlsruhe",49.0090696,8.412492,"Die Schauspielerinnen Galina und Iba lesen Texte vor – eure Texte!Ob eine Passage aus eurem Lieblingsbuch oder ein selbstgeschriebenes Gedicht: Bringt mit, was euch bewegt, und hört es in neuer Stimme.Jeden 2. Donnerstag im MonatWir freuen uns auf euch!",https://kalender.karlsruhe.de/db/termine/literatur/vorlese_abend-2
Kunst nach Feierabend „Lea Gocht. anhedonia II“,2025-08-14T17:00:00,Städtische Galerie Karlsruhe,"Lorenzstraße 27, 76135 Karlsruhe",49.0003576,8.3834933,"Kurzführung durch die Sonderausstellungen oderSammlungspräsentation donnerstags um 17 Uhr.? Dauer: 30 min, Kosten: frei (zzgl. Eintritt)",https://kalender.karlsruhe.de/db/termine/ausstellungen/kunst_nach_feierabend_lea_gocht_anhedonia_ii-1
Recht stadtlich! Ein Rundgang durch Karlsruhe,2025-08-14T17:00:00,Tourist-Information am Marktplatz,"Kaiserstraße 72-74, 76133 Karlsruhe",49.0097995,8.4041251,"Was macht eigentlich der Bundesgerichtshof? Wie war das nochmal mit 
dem Buback-Attentat und der RAF? Wie wahrscheinlich wird ein 
Fahrraddiebstahl aufgeklärt? Und was hat das Recht mit unserem Alltag zu
 tun?Diese und viele weitere Fragen beantwortet die kostenlose 
Stadtführung „Recht stadtlich! Ein Rundgang durch Karlsruhe“ der 
Stiftung Forum Recht.Gemeinsam begegnen wir Karlsruher Kuriositäten, unerwarteten 
Geschichten und lernen Gerichte sowie spannende Rechtsfälle kennen. Von 
der Architektur eines obersten Bundesgerichts bis hin zum Angeberwissen 
für das nächste Pub Quiz ist bei „Recht stadtlich!“ alles dabei. Folgen 
Sie uns auf den Spuren des Rechtsstaates und lernen Sie Karlsruhe von 
einer neuen Seite kennen.Der rund zweistündige Stadtrundgang der Stiftung Forum Recht findet 
jeden zweiten Donnerstag im Monat um 17:00 Uhr statt. Die Führung ist 
auf Deutsch. Teilnehmende sollten Freude an einem ca. 2,8 Kilometer 
langen Spaziergang mitbringen und dem Wetter entsprechende Kleidung 
tragen. Die Wegstrecke ist barrierefrei konzipiert. Witterungsbedingte 
Änderungen teilt die Stiftung Forum Recht auf ihrer Webseite sowie über 
ihre Social Media-Kanäle mit.Treffpunkt: Tourist-Information am Marktplatz, Kaiserstraße 72-74, 76133 KarlsruheDer Rundgang ist kostenfrei. Eine Anmeldung ist nicht erforderlich.Weitere Termine: 11. September, 09. Oktober 2025",https://kalender.karlsruhe.de/db/termine/stadtleben/recht_stadtlich_ein_rundgang_durch_karlsruhe-10
Onleihe Sprechstunde,2025-08-14T17:00:00,Stadtbibliothek Karlsruhe - Stadtbibliothek im Neuen Ständehaus,"Ständehausstraße 2, 76133 Karlsruhe",49.0089211,8.4003588,"Die kostenlose Sprech­stunde richtet sich an alle Inter­es­sier­ten mitindivi­du­el­len Fragen rund um die digitale Bibliothek ""Onleihe"". Fachleute der Stadt­bi­blio­thek beant­wor­ten Fragen und zeigen die Handhabung an entspre­chen­den Lesege­rä­ten (E-Book-Reader oder Tablets). Es dürfen gerne eigene Geräte mitge­bracht werden. Eine Anmeldung ist nicht erfor­der­lich.Zielgruppe:Onleihe Nutzer*innenAnmeldung:ohne AnmeldungEintritt:kostenfreiOrt:Stadtbibliothek im Neuen Ständehaus, Infotheke im 2. OG",https://kalender.karlsruhe.de/db/termine/literatur/onleihe_sprechstunde-90
Experimente (5–7 Jahre): Temperatur,2025-08-14T15:30:00,Staatliches Museum für Naturkunde Karlsruhe,"Erbprinzenstraße 13, 76133 Karlsruhe",49.0069855,8.4001442,Naturwissenschaftliche Experimente für KinderUnsere Experimentekurse für 5- bis 7-Jährige – hier können Kinder verschiedene Themen aus den Naturwissenschaften spielerisch erforschen.Nach acht besuchten Kursen erhalten die Kinder ein Diplom.Mit freundlicher Unterstützung der Jugendstiftung der Sparkasse Karlsruhe.Dauer: ¾ StundeKosten inkl. Eintritt und MaterialAnmeldung online ab 18. Juni möglich,https://kalender.karlsruhe.de/db/termine/ausstellungen/experimente_57_jahre_temperatur-3
Forschungskurs (9–11 Jahre): Zähne – was das Gebiss über die Ernährung verrät,2025-08-14T15:00:00,Staatliches Museum für Naturkunde Karlsruhe,"Erbprinzenstraße 13, 76133 Karlsruhe",49.0069855,8.4001442,"Forschungskurse für 9- bis 11-JährigeDie Forschungskurse geben Mädchen und Jungen die Möglichkeit naturwissenschaftliche Phänomene zu untersuchen. Wie entstehen Fossilien? Wie leben Blattschneiderameisen? Warum kann der Hai so schnell schwimmen? In sechs Kursen gehen wir diesen und anderen Fragen nach und lernen dabei verschiedene Forschungsmethoden kennen. Ein Besuch in einer unserer Dauerausstellungen gehört immer dazu.Bei jedem Termin erhalten die Mädchen und Jungen einen Forschungsbogen, in dem sie ihre Beobachtungen festhalten. Dazu gibt es eine eigene Samelmappe. So wächst nach und nach ein einzigartiges Forschungstagebuch.Die Anmeldung ist zu jedem Termin einzeln möglich. Wer bei allen sechs Terminen dabei war, erhält ein Diplom.Diese Kurse können wir dank freundlicher Unterstützung der Jugendstiftung der Sparkasse Karlsruhe anbieten.Zähne– was das Gebiss über die Ernährung verrätWas haben der Giftzahn der Nashornviper und der Hauer des Wildschweines gemeinsam? Sie verraten uns, wovon sich das Tier ernährt! Nach einem kurzen Besuch der Ausstellungen untersuchen und zeichnen die Kinder in diesem Kurs einen echten Tierschädel, ermitteln mithilfe eines Bestimmungsschlüssels, von welchem Tier der Schädel stammt und überlegen, welche Nahrung wohl mit diesem Gebiss zerkleinert wird.Dauer 1 ½ StundenKosten inkl. Eintritt und MaterialAnmeldung online ab 18. Juni möglich",https://kalender.karlsruhe.de/db/termine/ausstellungen/forschungskurs_911_jahre_zahne_was_das
Experimente (5–7 Jahre): Temperatur,2025-08-14T14:30:00,Staatliches Museum für Naturkunde Karlsruhe,"Erbprinzenstraße 13, 76133 Karlsruhe",49.0069855,8.4001442,Naturwissenschaftliche Experimente für KinderUnsere Experimentekurse für 5- bis 7-Jährige – hier können Kinder verschiedene Themen aus den Naturwissenschaften spielerisch erforschen.Nach acht besuchten Kursen erhalten die Kinder ein Diplom.Mit freundlicher Unterstützung der Jugendstiftung der Sparkasse Karlsruhe.Dauer: ¾ StundeKosten inkl. Eintritt und MaterialAnmeldung online ab 18. Juni möglich,https://kalender.karlsruhe.de/db/termine/ausstellungen/experimente_57_jahre_temperatur-2
Heimatstadt Karlsruhe Stadtführung,2025-08-14T14:00:00,Tourist-Information am Marktplatz,"Kaiserstraße 72-74, 76133 Karlsruhe",49.0097995,8.4041251,"Trotz seinen gerade einmal 300 Jahren blickt Karlsruhe auf eine bewegte Vergangenheit zurück. Als barocke Planstadt ein Novum seiner Zeit, hat sich die Stadt diesen Pioniergeist bis heute erhalten. Unterwegs mit unseren Stadtführern erfahren Sie alles über die Entstehung Karlsruhes und den Werdegang der Stadt zu einem wichtigen Kultur- und Innovationsstandort. Gespickt mit witzigen Anekdoten und den persönlichen Geheimtipps unserer besten Stadtkenner wird jede Führung ein besonderes Erlebnis.",https://kalender.karlsruhe.de/db/termine/stadtleben/heimatstadt_karlsruhe_stadtfuhrung-299
"Pu, der Bär (ab 4)",2025-08-14T10:00:00,marotte Theater,"Kaiserallee 11, 76133 Karlsruhe",49.0102313,8.3851507,"Im Kinderzimmer von Christopher ist was los. Hier kommt Pu, der Bär und erlebt mit seinen Freunden Ferkel, Esel I-A und Kaninchen ein Abenteuer nach dem anderen. Ein Geburtstag muss gerettet werden, Ferkel geht verloren, das gefährliche Wuschel schleicht durch den Wald und dann taucht auch noch ein ungestümer Tiger auf und stellt alles auf den Kopf. Es braucht unerschütterliche Zuversicht und einen starken Charakter, um das durchzustehen! 
Pu hat alle Pfoten voll zu tun.Spiel: Jan Mixsa    Regie: Friederike Krahl",https://kalender.karlsruhe.de/db/termine/theater/pu_der_bar_ab4n-16
MEUTE,2025-08-15T20:00:00,Kulturzentrum Tollhaus,"Alter Schlachthof 35, 76131 Karlsruhe",49.0044252,8.4317094,"Der Bass vibriert, das Konfetti flimmert und die roten Uniformen glitzern im Strobo. Durch die explosive Kombination aus hypnotisch treibendem Techno und expressiver Blasmusik erzeugt die Techno Marching Band seit 2016 großen Wirbel quer über die Kontinente. Die elf Hamburger in den ikonischen roten Jacken brechen die Regeln und sprengen Grenzen. Was als kleines Experiment auf den Straßen von St. Pauli begann, hat sich innerhalb kürzester Zeit zu einem weltweit gefeierten Phänomen entwickelt. Ausschließlich mit akustischen Instrumenten vollführen sie eine Revolution im Techno und definieren gleichzeitig die Idee der Blaskapelle neu. Mit viralen Hits und ausverkauften Clubs sorgen sie für elektronische Ekstase begeistern sie von Europa bis Australien und weiter nach Amerika.",https://kalender.karlsruhe.de/db/termine/musik/meute
Durlacher Kultursommer 2025,2025-08-15T19:00:00,"Durlach, Alter Friedhof",,,,"Der musikalische Stil von BlueLight findet sich zwischen Rock, Soul und Funk, gelegentlich mit einem Schuss Jazz.",https://kalender.karlsruhe.de/db/termine/stadtleben/durlacher_kultursommer2025n-17
Sightjogging-Sportlich unterwegs durch Karlsruhe,2025-08-15T18:00:00,City Tour durch Karlsruhe,,,,"Joggst du gerne?Wie wäre es dann einmal, wenn du deine Laufroute ein wenig veränderst und in einer Gruppe Gleichgesinnter vertraute und unbekannte Ecken von Karlsruhe erläufst?Erlebe eine unvergessliche Joggingtour und statt Musik auf den Ohren gibt es bei dieser Tour einiges Amüsantes, Interessantes, Anekdoten und Fakten über die Fächerstadt Karlsruhe zu erfahren.Die ca. 1,5-stündige Joggingtour durch Karlsruhe beginnt direkt auf dem Marktplatz in Karlsruhe an der Pyramide.Preise:Erwachsene: Euro 10,00InfoTel.: 0721/91679888 oder mobil 0179/2935072Internet: www.stadtfuehrungen-karlsruhe.deAnmeldung erforderlichMindestteilnehmerzahl: 6 PersonenAuch andere Termine sind jederzeit möglichBuchbar auch exklusiv als Gruppenevent",https://kalender.karlsruhe.de/db/termine/sportveranstaltung/sightjogging_sportlich_unterwegs_durch_karlsruhe-20
Karlsruhe Stadtführung per Rad,2025-08-15T17:00:00,City Tour durch Karlsruhe,,,,"Diese ganz besondere Stadtführung beginnt direkt an der Pyramide auf dem Marktplatz.Viele Highlights und Insidertipps werden auch Karlsruher überraschen.Die ca. 3-stündige Fahrradtour durch Karlsruhe zeigt Ihnen viele Sehenswürdigkeiten der Stadt.Sollten Sie über kein eigenes Fahrrad verfügen sprechen Sie uns gerne an.Anmeldung erforderlich unter: Marc.Fischer@boservice.org oder Telefon: 0721/91679888 mobil: 0170/2935072Mindestteilnehmeranzahl: 6 PersonenDie Tour kann auch exklusiv als Gruppenevent gebucht werden.Preise:Erwachsene: Euro 18,00Kinder bis 14 Jahre: 10,00Internet: www.stadtfuehrungen-karlsruhe.de",https://kalender.karlsruhe.de/db/termine/sportveranstaltung/karlsruhe_stadtfuhrung_per_rad-52
Afterwork - Rhein Vibes,2025-08-15T17:00:00,Gasthaus Hofgut Maxau,"Maxau am Rhein 24, Hofgut Maxau, 76187 Karlsruhe",,,"RHEIN VIBES – AFTERWORK IM HOFGUT MAXAUSave the Date! Wir bringen erneut die besten Beats und Vibes ans Rheinufer! Lass den Stress der Woche hinter dir und genieße eine unvergessliche Afterwork-Session in der einzigartigen Atmosphäre des Hofgut Maxau in Karlsruhe.Event-Details:Location: Hofgut Maxau, Maxau am Rhein 24, 76187 KarlsruheStart: 17:00 Uhr | Ende: 23:00 UhrWas dich erwartet:House & Techhouse Beats für echte MusikliebhaberEine einzigartige Location mit Blick auf den RheinEntspannte Afterwork-Vibes in bester GesellschaftCoole Drinks & leckere Snacks aus der Hofgut-KücheEintritt frei – komm einfach vorbei & feier mit uns!Wir freuen uns auf dich!",https://kalender.karlsruhe.de/db/termine/musik/afterwork_rhein_vibes-4
Puzzle-Freitag für alle von 0 bis 104,2025-08-15T16:00:00,Hardtwaldzentrum,"Kanalweg 40/42, 76149 Karlsruhe",49.0305562,8.3930973,"Gemeinsam puzzelt es sich unterhaltsamer. Also: auf die
Teilchen – fertig – los!Es warten Puzzle für jedes Alter: Vom einfachen Holz-Puzzle für die 2jährigen
bis zum 1000 Teile-Puzzle für die ganz Hartnäckigen.Hinweis für Eltern: Eine Kinderbetreuung wird nicht
gestellt. Bitte achtet auf Eure Kinder.Ort: Hardtwaldzentrum, Raum ""Offener Treff"" (Untergeschoss, Aufzug vorhanden)Das Angebot ist kostenlos. Eine Anmeldung ist nicht
erforderlich.Der Treffpunkt Hardtwaldzentrum ist ein Angebot des
Seniorennetzwerks und des Startpunkt Elterncafés.Es finden regelmäßige Treffen sowie besondere Veranstaltungen
statt.Das Hardtwaldzentrum ist barrierefrei, barrierefreie Toiletten sind vorhanden.Die Angebote werden gefördert durch die Stadt Karlsruhe.",https://kalender.karlsruhe.de/db/termine/stadtleben/puzzle_freitag_fur_alle_von_0_bis104n
„Update! Die Sammlung neu sichten – Szenenwechsel 3“,2025-08-15T16:00:00,Städtische Galerie Karlsruhe,"Lorenzstraße 27, 76135 Karlsruhe",49.0003576,8.3834933,,https://kalender.karlsruhe.de/db/termine/ausstellungen/update_die_sammlung_neu_sichten_szenenwechsel3n-6
Stadtführung für Senioren,2025-08-15T15:00:00,City Tour durch Karlsruhe,,,,"Die Firma BOService Karlsruhe bietet ab sofort jeden Freitag in Karlsruhe eine neue Stadtführung speziell für Senioren an:Diese  neue konzipierte Stadtführung kombiniert die Schwerpunkte unserer Stadtführungen mit den besonderen Ansprüchen von Seniorinnen und Senioren.Sie ist besonders geeignet für Ältere, die nicht mehr so schnell vorwärts kommen, aber trotzdem neugierig sind auf eine spannende und kurzweilige Stadtführung durch die Fächerstadt Karlsruhe.Bei dieser Stadtführung nehmen unsere Stadtführerinnen und Stadtführer besondere Rücksicht auf die Bedürfnisse der älteren Gäste. Während des Rundgangs gibt es immer wieder mal Sitzgelegenheiten  sowie die Möglichkeit für längere Verschnaufpausen.Die Führung  beginnt direkt auf dem Marktplatz in Karlsruhe an der Pyramide.Die Führung kann zu Fuß oder mit der Tram Linie 2 durchgeführt werden.Nach ca. 2  Stunden erreichen wir wieder unseren Ausgangspunkt Marktplatz Karlsruhe.Auch andere zusätzliche Termine sind jederzeit nach Rücksprache mit dem Veranstalter möglich.Preise:Erwachsene: Euro 10,00Begleitperson: freiInfoTel.: 0721/91679888Internet: www.stadtfuehrungen-karlsruhe.deAnmeldung erforerlich",https://kalender.karlsruhe.de/db/termine/stadtleben/stadtfuhrung_fur_senioren-38
Stadtführung Karlsruhe,2025-08-15T14:00:00,City Tour durch Karlsruhe,,,,"Plant ihr, Karlsruhe ein wenig näher kennenzulernen? Die lebendige ehemalige Landeshauptstadt von Baden, wartet darauf, von euch entdeckt zu werden. Bei Stadtführungen in Karlsruhe könnt ihr Kultur, Sehenswürdigkeiten und Geschichte hautnah erleben. Eine geführte Tour bietet euch die Möglichkeit, die Schönheit und Vielfalt von Karlsruhe zu entdecken und euch begeistern zu lassen.Auch andere zusätzliche Termine sind jederzeit nach Rücksprache mit dem Veranstalter möglich.Treffpunkt: Direkt vor dem Rathaus der Stadt KarlsruhePreise:Erwachsene: Euro 10,00Kinder und Jugendliche 6-14 Jahre: freiInfoTel.: 0721/91679888 oder mobil 0170/2935072Internet: www.stadtfuehrungen-karlsruhe.deAnmeldung erforderlichMindestteilnehmerzahl: 6 Personen",https://kalender.karlsruhe.de/db/termine/stadtleben/stadtfuhrung_karlsruhe-197
Stadtrundfahrt mit der Tram Linie 2,2025-08-15T14:00:00,City Tour durch Karlsruhe,,,,"Entdecke Karlsruhe abseits der Touristenpfade mit der Straßenbahnlinie 2! Erlebe historische Orte, coole Architektur und Anekdoten - es geht es um Dinge, die man sonst nicht sieht und es gibt spannende Geschichten zu hören, die in keinem Reiseführer stehen. Diese Tour zeigt dir die Fächerstadt aus einer neuen Perspektive.Dauer der Rundfahrt ca. 2 Stunden.Auch Extrafahrten für Gruppen sind jederzeit auf Anfrage möglich.Preise:Erwachsene: Euro 15,00Ein gültiges Ticket von der KVV wird vorausgesetzt.Kinder und Jugendliche 6-14 Jahre: freiInfoTel.: 0721/91679888 oder mobil unter 0170/2935072Um Anmeldung wird gebeten, Mindestteilnehmerzahl: 6 PersonenInternet: www.stadtfuehrungen-karlsruhe.de",https://kalender.karlsruhe.de/db/termine/stadtleben/stadtrundfahrt_mit_der_tram_linie2n-87
AFROTRONIX,2025-08-16T20:30:00,Kulturzentrum Tollhaus,"Alter Schlachthof 35, 76131 Karlsruhe",49.0044252,8.4317094,"Seine Musik verbindet afrikanische und westliche Kulturen, explosiven Tanz und elektronische Musik, afrikanische Rhythmen und Sahara-Blues, unterschiedlichste Traditionen, digitale Elemente und eine futuristische visuelle Welt. Als Gitarrist hatte Caleb Rimtobaye mit internationalen Künstlern wie Baaba Maal, Youssou N'Dour, Lorenzo Jovanotti, Salatiel, Mbongwana Star, Brian Kennedy (Rihanna, Chris Brown) und vielen anderen zusammengearbeit, ehe er mit Afroteonix sein eigenes Projekt aufsetzte. Ausgestattet mit dem Afrotron, einem Helm als bildliche Referenz an Star Wars, Tron and Daft Punk, der das aktualisierte Wissen der Vorfahren symbolisieren soll, verspricht der in Montreal lebende Musiker mit seiner Band ein ekstatische Live-Show.",https://kalender.karlsruhe.de/db/termine/musik/afrotronix
Durlacher Kultursommer 2025,2025-08-16T19:00:00,"Durlach, Alter Friedhof",,,,"Die Musiker von No Matter How bringen bekannte und wiederentdeckte Songs aus den vergangenen Jahrzehnten auf die Bühne. Sie sind im Rock-Genre zu Hause, machen aber auch immer wieder Ausflüge zu Pop, Funk und Soul. Mitsing-Songs bieten für das Publikum viel Abwechslung und gute Laune.",https://kalender.karlsruhe.de/db/termine/stadtleben/durlacher_kultursommer2025n-18
MaschenKino - Stricken und Häkeln mit Film,2025-08-16T17:00:00,Kinemathek Karlsruhe e.V.,"Kaiserpassage 6, 76133 Karlsruhe",49.0106085,8.3969705,"Die Kunsthalle ist zu Gast im MaschenKino – mit Häkelanleitungen, Garn und Freude im Gepäck. Handarbeitsfans und die, die es werden wollen, sind eingeladen, an einem textilen Gemeinschaftsprojekt mitzuarbeiten: Gemeinsam mit dem Wollgeschäft Grobe Masche aus Karlsruhe häkeln wir Pflanzen.Die Pflanzen erobern sich die Orangerie zurück – “Room to Grow” im wahrsten Sinne des Wortes. Mach mit und lass die Orangerie aufblühen!17:00 Ankommen, Erklärung zur Ausstellung18:00 Filmbeginn“Dirty Dancing” von Emile ArdolinoUSA 1987; 100 Min.Wir zeigen den Film in der deutschen Synchronisation. Im September zeigen wir ihn im englischen Original mit deutschen Untertiteln.Beim MaschenKino kannst Du nach Herzenslust stricken oder häkeln, während im Hintergrund ein Film läuft. Das Licht im Kino ist gedimmt, sodass die Maschen noch gut zu sehen sind. Schnapp dir deine Nadeln, dein Garn und deine Freundinnen und Freunde – hier treffen sich Handarbeitsfans für gemütliche Stunden mit Kino-Flair in der Kinemathek.Zum Film: “Nobody puts Baby in a corner.” – Ein Satz, der längst Popkulturgeschichte geschrieben hat. Dirty Dancing ist viel mehr als nur ein Tanzfilm: Es ist ein Coming-of-Age-Märchen mit Sozialbewusstsein, ein Sommer der Emanzipation im Korsett der frühen 1960er.Jennifer Grey als idealistische “Baby” und Patrick Swayze als rebellischer Tanzlehrer Johnny verkörpern ein Klassen- und Körperdrama, das im Schmelztiegel aus Mambo, Melancholie und sexueller Selbstfindung lodert. Der Film balanciert federleicht zwischen politischem Subtext (Abtreibung, Klassenschranken) und popkultureller Euphorie.Was bleibt, ist der Beweis, dass ein Hüftschwung manchmal mehr verändert als eine Revolution.",https://kalender.karlsruhe.de/db/termine/stadtleben/maschenkino_stricken_und_hakeln_mit_film-1
Stadtführung Karlsruhe,2025-08-16T14:00:00,City Tour durch Karlsruhe,,,,"Plant ihr, Karlsruhe ein wenig näher kennenzulernen? Die lebendige ehemalige Landeshauptstadt von Baden, wartet darauf, von euch entdeckt zu werden. Bei Stadtführungen in Karlsruhe könnt ihr Kultur, Sehenswürdigkeiten und Geschichte hautnah erleben. Eine geführte Tour bietet euch die Möglichkeit, die Schönheit und Vielfalt von Karlsruhe zu entdecken und euch begeistern zu lassen.Auch andere zusätzliche Termine sind jederzeit nach Rücksprache mit dem Veranstalter möglich.Treffpunkt: Direkt vor dem Rathaus der Stadt KarlsruhePreise:Erwachsene: Euro 10,00Kinder und Jugendliche 6-14 Jahre: freiInfoTel.: 0721/91679888 oder mobil 0170/2935072Internet: www.stadtfuehrungen-karlsruhe.deAnmeldung erforderlichMindestteilnehmerzahl: 6 Personen",https://kalender.karlsruhe.de/db/termine/stadtleben/stadtfuhrung_karlsruhe-198
Stadtrundfahrt mit der Tram Linie 2,2025-08-16T14:00:00,City Tour durch Karlsruhe,,,,"Entdecke Karlsruhe abseits der Touristenpfade mit der Straßenbahnlinie 2! Erlebe historische Orte, coole Architektur und Anekdoten - es geht es um Dinge, die man sonst nicht sieht und es gibt spannende Geschichten zu hören, die in keinem Reiseführer stehen. Diese Tour zeigt dir die Fächerstadt aus einer neuen Perspektive.Dauer der Rundfahrt ca. 2 Stunden.Auch Extrafahrten für Gruppen sind jederzeit auf Anfrage möglich.Preise:Erwachsene: Euro 15,00Ein gültiges Ticket von der KVV wird vorausgesetzt.Kinder und Jugendliche 6-14 Jahre: freiInfoTel.: 0721/91679888 oder mobil unter 0170/2935072Um Anmeldung wird gebeten, Mindestteilnehmerzahl: 6 PersonenInternet: www.stadtfuehrungen-karlsruhe.de",https://kalender.karlsruhe.de/db/termine/stadtleben/stadtrundfahrt_mit_der_tram_linie2n-88
Rundgang Areal Alter Schlachthof Karlsruhe,2025-08-16T14:00:00,Alte Fleischmarkthalle - Schlachthofgelände,"Durlacher Allee 62, 76131 Karlsruhe",49.0064153,8.4314109,"Alter Schlachthof – KreativparkEin spannendes Areal, eine spannende Führung!Weshalb ist der Kreativpark Alter Schlachthof so besonders?Kaldaunenwäsche, rote Roben des Bundesverfassungsgerichts, Schlosslichtspiele, Planetarium...Was haben alle diese Dinge mit dem Areal des Alten Schlachthofs zu tun?Neugierig?Erfahren Sie bei unserer Tour wie alles begann, nämlich als Schlachthof, bis hin zum heutigen Kreativpark der sich noch immer weiterentwickelt und interessante Nachbarn wie z. B. das Schloss Gottesaue hat.Erleben Sie die besondere Atmosphäre auf diesem 7ha großen Areal bei einer ca. 1,5-stündigen Führung mit vielen Erzählungen bei dem Sie unter vielem anderen auch erfahren weshalb es dort spukt ...Mehr wird aber noch nicht verraten.Auch andere Termine sind auf Anfrage jederzeit möglich.Wer anschließend einkehren möchte findet ebenfalls zahlreiche Möglichkeiten, gerne geben wir auch hierzu Tipps.Start des Rundgangs direkt an der Durlacher Allee,  Kreuzung Tullastrasse, an den großen Buchstaben "" Alter Schlachthof "".Mindestteilnehmer: 6 PersonenUm Anmeldung wird gebetenPreis: 10,- Euro pro PersonTermine und weitere Infos: 0721 91679888 oder 01702935072http://stadtfuehrungen-karlsruhe.de",https://kalender.karlsruhe.de/db/termine/stadtleben/rundgang_areal_alter_schlachthof_karlsruhe-273
"Brummi, Monza und Milano. Mopeds der Durlacher Firma Gritzner",2025-08-16T13:00:00,Pfinzgaumuseum Karlsburg Durlach,"Pfinztalstraße 9, 76227 Karlsruhe",48.9984759,8.4738226,"Bei der kostenlosen Telefonführung können
die Hörerinnen und Hörer bequem von Zuhause aus per Telefon mit Eva Unterburg
auf Entdeckungsreise durch die Ausstellungsräume gehen und dabei Spannendes
über die Firmengeschichte, die Produktion und die Besonderheiten der Durlacher Mopeds der 1950er- und 1960er-Jahre erfahren. Die Teilnehmerzahl ist begrenzt,
eineAnmeldung bis spätestens 15. Augustunter stadtmuseum@kultur.karlsruhe.de
oder 0721/133-4231 ist erforderlich.",https://kalender.karlsruhe.de/db/termine/ausstellungen/brummi_monza_und_milano_mopeds_der_durlacher-5
Kulturküchen Hoffest,2025-08-16T13:00:00,"Kaiserstraße 47, Kulturküche","Kaiserstraße 47, 76131 Karlsruhe",49.0090696,8.412492,"Am 16. August von 13 bis 21 Uhr mit guter Laune, Essen und Trinken, Musik und Tanz! Das Line-up wird bunt. DasHighlight: ein Hausflohmarkt!Eintritt frei, Spenden willkommen. Wir freuen uns auf euch!",https://kalender.karlsruhe.de/db/termine/musik/kulturkuchen_hoffest-1
Ritter Rost (ab 5),2025-08-16T11:00:00,marotte Theater,"Kaiserallee 11, 76133 Karlsruhe",49.0102313,8.3851507,"Das bekannte witzige und fantasievolle Stück handelt vom rotzfrechen Feuerdrachen Koks, dem tapferen Burgfräulein Bö und natürlich dem überheblichen Ritter Rost, dem gar nicht so mutigen Recken, der Hufeisen zum Frühstück verspeist und mit seinem Pferd Feuerstuhl durch den Fabelwesenwald reitet.

Da ist ja doch so einiges los, wenn Ritter Rost zu seinen Abenteuern aufbricht. Aber ohne die Hilfe seines Burgfräuleins wäre Ritter Rost auch beim Kampf mit dem Drachen verloren.
Manchmal zeigt es sich, dass die am mutigsten sind, von denen man es am wenigsten erwartet...Spiel: Jan Mixsa",https://kalender.karlsruhe.de/db/termine/theater/ritter_rost_ab5n-21
Heimatstadt Karlsruhe Stadtführung,2025-08-16T11:00:00,Tourist-Information am Marktplatz,"Kaiserstraße 72-74, 76133 Karlsruhe",49.0097995,8.4041251,"Trotz seinen gerade einmal 300 Jahren blickt Karlsruhe auf eine bewegte Vergangenheit zurück. Als barocke Planstadt ein Novum seiner Zeit, hat sich die Stadt diesen Pioniergeist bis heute erhalten. Unterwegs mit unseren Stadtführern erfahren Sie alles über die Entstehung Karlsruhes und den Werdegang der Stadt zu einem wichtigen Kultur- und Innovationsstandort. Gespickt mit witzigen Anekdoten und den persönlichen Geheimtipps unserer besten Stadtkenner wird jede Führung ein besonderes Erlebnis.",https://kalender.karlsruhe.de/db/termine/stadtleben/heimatstadt_karlsruhe_stadtfuhrung-349
Freies Tanzen Karlsruhe,2025-08-17T21:00:00,"Altes Stadion, KIT Campus Süd","Engesserstraße 17, 76131 Karlsruhe",49.011175,8.4146076,barfuss oder mit Tanzschuhen auf Parkettboden in der grossen Sporthalleimmer 2 DJ:Janes von zur Zeit 12 Aktivenkeine Anmeldung erforderlichkommt einfach zwischen 21-23 Uhr vorbeimit der Bitte um Geld-Einwurf in die am DJ Pult stehende Spendendose entsprechend eurer Wertschätzung,https://kalender.karlsruhe.de/db/termine/theater/freies_tanzen_karlsruhe-80
Internationaler Orgelsommer Karlsruhe,2025-08-17T20:30:00,Ev. Stadtkirche Karlsruhe,"Marktplatz, 76133 Karlsruhe",49.0089483,8.4038789,"5. Konzert mit Przemyslaw Kapitula, WarschauWerke von Bach, Scheidt, Moretti, Surzyński, NowowiejskiDer Internationale Orgelsommer Karlsruhe – an sechs Sonntagen im Juli und August – ist seit Jahren ein Forum für herausragende Organistinnen und Organisten aus aller Welt. Die beiden hervorragenden Orgeln der Stadtkirche ermöglichen eine adäquate Umsetzung nahezu aller Stilbereiche.Vor jedem Orgelkonzert gibt es in der Talk-Runde „Das Blaue Sofa“ (19.30–20.00 Uhr) die Möglichkeit, mit dem Organisten des Abends ins Gespräch zu kommen und zugleich eine Einführung in das Konzertprogramm zu erhalten.Kartenvorverkauf:> www.tickets-stadtkirche.de> Musikhaus Schlaile, Kaiserstr. 175, Karlsruhe> Touristinformation Karlsruhe, Marktplatz> Buchhandlung Mächtlinger, Pfinztalstr. 36, Durlach",https://kalender.karlsruhe.de/db/termine/musik/internationaler_orgelsommer_karlsruhe-22
Durlacher Kultursommer 2025,2025-08-17T19:00:00,"Durlach, Alter Friedhof",,,,"Die in Karlsruhe-Grötzingen beheimatete Coverband „Back On Track“ präsentiert sich als eine vielseitige Formation mit einem breit gefächerten Repertoire. Angeführt von der kraftvollen und sehr ausdrucksvoller Stimme der Frontfrau Katrin Strauß, bewegt sich die Band mühelos zwischen den Genres Jazz, Rock und Blues.",https://kalender.karlsruhe.de/db/termine/stadtleben/durlacher_kultursommer2025n-19
„Update! Die Sammlung neu sichten – Szenenwechsel 3“,2025-08-17T15:15:00,Städtische Galerie Karlsruhe,"Lorenzstraße 27, 76135 Karlsruhe",49.0003576,8.3834933,,https://kalender.karlsruhe.de/db/termine/ausstellungen/update_die_sammlung_neu_sichten_szenenwechsel3n-7
Filmstars in der Fächerstadt. Die Bambi-Verleihungen in Karlsruhe,2025-08-17T15:00:00,Stadtmuseum im Prinz-Max-Palais,"Karlstraße 10, 76133 Karlsruhe",49.0111857,8.3947581,"Susanne Stephan-Kabierske gibt bei ihrer Führung interessante Einblicke in die Filmpreisverleihungen, die unter der Beteiligung internationaler Filmstars in den 1950er- und 1960er-Jahren in Karlsruhe stattfanden. Eine Anmeldung ist nicht erforderlich, die Teilnahme an der
Führung ist kostenlos bzw. im Eintrittspreis inbegriffen.Foto: V. l. n. r. mit ihren Bambis in den Händen auf der Bühne in der Schwarzwaldhalle stehend: Heinz
Rühmann, Paula Wessely, Götz George, Loni von Friedl, Ruth Leuwerik, Sophia Loren und Rock Hudson, 1962.©Stadtarchiv Karlsruhe, Bildarchiv Schlesiger",https://kalender.karlsruhe.de/db/termine/ausstellungen/filmstars_in_der_facherstadt_die_bambi-13
Seniorensonntagstanz,2025-08-17T15:00:00,ÖGZ  Ökumenisches Gemeindezentrum Oberreut,"Bernhard-Lichtenberg-Straße 46-48 (Eingang-vom Hinterhof), 76189 Karlsruhe",,,,https://kalender.karlsruhe.de/db/termine/theater/seniorensonntagstanz-2
Märchenstunde für Familien mit Kindern ab vier Jahren,2025-08-17T15:00:00,Waldklassenzimmer,Kanalweg,49.0308152,8.3885978,"... und trägt ein Büchlein im Schnabel voll derschönsten Märchen vom Wasser und dem Wald. Lasst Euch nieder und lasst sie Euch erzählen. Dazubasteln wir ein Andenkenan diese Märchenstunde.Referentin:Annette Volz, MärchenerzählerinTreffpunkt:WaldklassenzimmerAnmeldungbis 9. AugustKosten: 5 Euro/Erwachsenen, 3 Euro/Kind",https://kalender.karlsruhe.de/db/termine/stadtleben/marchenstunde_fur_familien_mit_kindern_ab_vier_jahren
Stadtführung Karlsruhe,2025-08-17T14:00:00,City Tour durch Karlsruhe,,,,"Plant ihr, Karlsruhe ein wenig näher kennenzulernen? Die lebendige ehemalige Landeshauptstadt von Baden, wartet darauf, von euch entdeckt zu werden. Bei Stadtführungen in Karlsruhe könnt ihr Kultur, Sehenswürdigkeiten und Geschichte hautnah erleben. Eine geführte Tour bietet euch die Möglichkeit, die Schönheit und Vielfalt von Karlsruhe zu entdecken und euch begeistern zu lassen.Auch andere zusätzliche Termine sind jederzeit nach Rücksprache mit dem Veranstalter möglich.Treffpunkt: Direkt vor dem Rathaus der Stadt KarlsruhePreise:Erwachsene: Euro 10,00Kinder und Jugendliche 6-14 Jahre: freiInfoTel.: 0721/91679888 oder mobil 0170/2935072Internet: www.stadtfuehrungen-karlsruhe.deAnmeldung erforderlichMindestteilnehmerzahl: 6 Personen",https://kalender.karlsruhe.de/db/termine/stadtleben/stadtfuhrung_karlsruhe-199
Stadtrundfahrt mit der Tram Linie 2,2025-08-17T14:00:00,City Tour durch Karlsruhe,,,,"Entdecke Karlsruhe abseits der Touristenpfade mit der Straßenbahnlinie 2! Erlebe historische Orte, coole Architektur und Anekdoten - es geht es um Dinge, die man sonst nicht sieht und es gibt spannende Geschichten zu hören, die in keinem Reiseführer stehen. Diese Tour zeigt dir die Fächerstadt aus einer neuen Perspektive.Dauer der Rundfahrt ca. 2 Stunden.Auch Extrafahrten für Gruppen sind jederzeit auf Anfrage möglich.Preise:Erwachsene: Euro 15,00Ein gültiges Ticket von der KVV wird vorausgesetzt.Kinder und Jugendliche 6-14 Jahre: freiInfoTel.: 0721/91679888 oder mobil unter 0170/2935072Um Anmeldung wird gebeten, Mindestteilnehmerzahl: 6 PersonenInternet: www.stadtfuehrungen-karlsruhe.de",https://kalender.karlsruhe.de/db/termine/stadtleben/stadtrundfahrt_mit_der_tram_linie2n-89
Rundgang Areal Alter Schlachthof Karlsruhe,2025-08-17T14:00:00,Alte Fleischmarkthalle - Schlachthofgelände,"Durlacher Allee 62, 76131 Karlsruhe",49.0086387,8.4193531,"Alter Schlachthof – KreativparkEin spannendes Areal, eine spannende Führung!Weshalb ist der Kreativpark Alter Schlachthof so besonders?Kaldaunenwäsche, rote Roben des Bundesverfassungsgerichts, Schlosslichtspiele, Planetarium...Was haben alle diese Dinge mit dem Areal des Alten Schlachthofs zu tun?Neugierig?Erfahren Sie bei unserer Tour wie alles begann, nämlich als Schlachthof, bis hin zum heutigen Kreativpark der sich noch immer weiterentwickelt und interessante Nachbarn wie z. B. das Schloss Gottesaue hat.Erleben Sie die besondere Atmosphäre auf diesem 7ha großen Areal bei einer ca. 1,5-stündigen Führung mit vielen Erzählungen bei dem Sie unter vielem anderen auch erfahren weshalb es dort spukt ...Mehr wird aber noch nicht verraten.Auch andere Termine sind auf Anfrage jederzeit möglich.Auch als Gruppenevent exklusiv buchbar.Wer anschließend einkehren möchte findet ebenfalls zahlreiche Möglichkeiten, gerne geben wir auch hierzu Tipps.Start des Rundgangs direkt an der Durlacher Allee,  Kreuzung Tullastrasse, an den großen Buchstaben "" Alter Schlachthof "".Mindestteilnehmer: 6 PersonenUm Anmeldung wird gebetenPreis: 10,- Euro pro PersonTermine und weitere Infos: 0721 91679888 oder 01702935072http://stadtfuehrungen-karlsruhe.de",https://kalender.karlsruhe.de/db/termine/stadtleben/rundgang_areal_alter_schlachthof_karlsruhe-274
Ferien-Entdeckertag am Waldklassenzimmer,2025-08-17T14:00:00,Waldklassenzimmer,Kanalweg,49.0308152,8.3885978,"Heute sindWaldklassenzimmer und das dazugehörende Gelände geöffnet, ohne dass wir ein spezielles Programm anbieten. Familien können heute entdecken, staunen und frei spielen. Die Nutzung des Geländes erfolgt auf eigene Gefahr und unter Wahrung der Aufsichtspflicht.Ohne Anmeldung-kostenlose Veranstaltung!",https://kalender.karlsruhe.de/db/termine/stadtleben/ferien_entdeckertag_am_waldklassenzimmer-28
"Pu, der Bär (ab 4)",2025-08-17T14:00:00,Waldzentrum Karlsruhe,"Linkenheimer Allee 10, 76131 Karlsruhe",49.0304857,8.4067057,"Im Kinderzimmer von Christopher ist was los. Hier kommt Pu, der Bär und erlebt mit seinen Freunden Ferkel, Esel I-A und Kaninchen ein Abenteuer nach dem anderen. Ein Geburtstag muss gerettet werden, Ferkel geht verloren, das gefährliche Wuschel schleicht durch den Wald und dann taucht auch noch ein ungestümer Tiger auf und stellt alles auf den Kopf. Es braucht unerschütterliche Zuversicht und einen starken Charakter, um das durchzustehen! 
Pu hat alle Pfoten voll zu tun.Spiel: Jan Mixsa    Regie: Friederike Krahl",https://kalender.karlsruhe.de/db/termine/theater/pu_der_bar_ab4n-18
Auf den Spuren der Karlsruher Fußballgeschichte,2025-08-17T14:00:00,City Tour durch Karlsruhe,,,,"Diese ganz besondere Stadtführung per Rad beginnt am Carl-Friedrich-Denkmal zwischen Marktplatz und Schloß.Die ca. 2 -stündige Fahrradtour dreht sich ganz um das Thema Fußball in Karlsruhe von der Geschichte bis in die Gegenwart.Wildparkstadion, Engländerplatz sowie das ehemalige KFV Stadion an der Herzstrasse werden angefahren.Die  Teilnehmern dieser interessanten Fahrradtour erfahren viel über die ehemaligen Fußballspieler Gottfried Fuchs, Julius Hirsch, Walther Bensemann und anderen bekanntenFußballspieler, die zu der Entwicklung des Fußballs in Karlsruhe viel beigetragen haben.Auch die Dauerausstellung ""Ein Stadion schreibt Geschichte"" im angrenzenden Altersheim ""Karlsruher Weg"" ist Bestandteil der Fahrradtour.Auch für Gruppen ist diese Führung nach Absprache mit dem Veranstalter jederzeit möglich.Anmeldung erforderlich unter: Marc.Fischer@boservice.org oder Telefon: 0721/91679888 mobil: 01702935072Preise:Erwachsene: Euro 15,00Kinder und Jugendliche 6-14 Jahre: freiInternet: www.stadtfuehrungen-karlsruhe.de",https://kalender.karlsruhe.de/db/termine/stadtleben/auf_den_spuren_der_karlsruher_fuballgeschichte-28
"Pu, der Bär (ab 4)",2025-08-17T11:00:00,Waldzentrum Karlsruhe,"Linkenheimer Allee 10, 76131 Karlsruhe",49.0304857,8.4067057,"Im Kinderzimmer von Christopher ist was los. Hier kommt Pu, der Bär und erlebt mit seinen Freunden Ferkel, Esel I-A und Kaninchen ein Abenteuer nach dem anderen. Ein Geburtstag muss gerettet werden, Ferkel geht verloren, das gefährliche Wuschel schleicht durch den Wald und dann taucht auch noch ein ungestümer Tiger auf und stellt alles auf den Kopf. Es braucht unerschütterliche Zuversicht und einen starken Charakter, um das durchzustehen! 
Pu hat alle Pfoten voll zu tun.Spiel: Jan Mixsa    Regie: Friederike Krahl",https://kalender.karlsruhe.de/db/termine/theater/pu_der_bar_ab4n-17
Heimatstadt Karlsruhe Stadtführung,2025-08-17T11:00:00,Tourist-Information am Marktplatz,"Kaiserstraße 72-74, 76133 Karlsruhe",49.0097995,8.4041251,"Trotz seinen gerade einmal 300 Jahren blickt Karlsruhe auf eine bewegte Vergangenheit zurück. Als barocke Planstadt ein Novum seiner Zeit, hat sich die Stadt diesen Pioniergeist bis heute erhalten. Unterwegs mit unseren Stadtführern erfahren Sie alles über die Entstehung Karlsruhes und den Werdegang der Stadt zu einem wichtigen Kultur- und Innovationsstandort. Gespickt mit witzigen Anekdoten und den persönlichen Geheimtipps unserer besten Stadtkenner wird jede Führung ein besonderes Erlebnis.",https://kalender.karlsruhe.de/db/termine/stadtleben/heimatstadt_karlsruhe_stadtfuhrung-350
Trink Wasser! – Spazier-Tour zu Karlsruher Trinkbrunnen,2025-08-17T11:00:00,Tourist-Information am Marktplatz,"Kaiserstraße 72-74, 76133 Karlsruhe",49.0097995,8.4041251,"Karlsruhe ist eine wichtige ""Wasser- und Brunnenstadt"" in Deutschland. Besonders die Trinkbrunnenkultur erweist sich als vielfältig. An 36 öffentlichen Trinkbrunnen lässt sich der Durst stillen. Sie reichen von den prächtigen Denkmalbrunnen des Stadtbaumeisters Friedrich Weinbrenner über den ""Wasserschöpfenden Knaben"" vor der Kleinen Kirche bis hin zu zeitgenössischen Trinkbrunnen-Skulpturen wie dem ""Waldbrunnen"" oder dem ""Herrenbrunnen"" in der Kaiserstraße.Angesichts des Klimawandels, der immer mehr Hitzetage mit sich bringt, werden Trinkbrunnen immer wichtiger für die Stadt. Sie sind kostengünstige, gut kontrollierte und gesunde Wasserquellen, verbessern das Mikroklima und dienen als Orte des geselligen Miteinanders. Zugleich tragen sie zum Klimaschutz bei: Leitungswasser spart Plastikmüll und CO2 .Dauer:2 StundenTreffpunkt:Touristinformation am MarktplatzPreis:11,00 € pro PersonHinweis:Im Sinne der Nachhaltigkeit bitten wir Sie, Ihr eigenes Trinkgefäß mitzubringen. Es werden aber auch Trinkbecher zur Verfügung gestellt. Bezahlung direkt beim Anbieter. Es gelten die AGB/Stornobedingungen des Anbieters.",https://kalender.karlsruhe.de/db/termine/stadtleben/trink_wasser_spazier_tour_zu_karlsruher_trinkbrunnen-12
Karlsruhe Stadtführung per Rad,2025-08-17T10:00:00,City Tour durch Karlsruhe,,,,"Diese ganz besondere Stadtführung beginnt direkt an der Pyramide auf dem Marktplatz.Viele Highlights und Insidertipps werden auch Karlsruher überraschen.Die ca. 3-stündige Fahrradtour durch Karlsruhe zeigt Ihnen viele Sehenswürdigkeiten der Stadt.Sollten Sie über kein eigenes Fahrrad verfügen sprechen Sie uns gerne an.Anmeldung erforderlich unter: Marc.Fischer@boservice.org oder Telefon: 0721/91679888 mobil: 0170/2935072Mindestteilnehmeranzahl: 6 PersonenDie Tour kann auch exklusiv als Gruppenevent gebucht werden.Preise:Erwachsene: Euro 18,00Kinder bis 14 Jahre: 10,00Internet: www.stadtfuehrungen-karlsruhe.de",https://kalender.karlsruhe.de/db/termine/sportveranstaltung/karlsruhe_stadtfuhrung_per_rad-53
Von Remchingen nach Kleinsteinbach in 2 Km? ... nein 12 Km!,2025-08-17T09:15:00,Bahnhof Durlach Gleis 11,,,,"Streckenverlauf: Bf Remchingen - Darmsbach (Dreiseithof der Familie Stock) - Karlsbad Mutschelbach - Kleinsteinbach (Kunstpfad)Reine Wanderzeit: 4 Stunden, Einkehr vorgesehenKörperliche Anforderung:MittelKilometer Wegstrecke:12Höhenmeter:100 auf, 100 abÖPNV: D-Ticket oder KVV Tageskarte NetzWichtig: Anmeldung bis Fr 15.08.2025 bei der Wanderführerin untercharlotte.kaempf@t-online.de.",https://kalender.karlsruhe.de/db/termine/sportveranstaltung/von_remchingen_nach_kleinsteinbach_in_2_km_nein_12_km
Stadtrundgang,2025-08-18T18:00:00,Kronenplatz,"Kronenplatz 1, 76133 Karlsruhe",49.0085304,8.4096559,"Seit Anfang des Jahres haben wir die Stadtrundgänge von KonsumGlobal übernommen, damit dieses tolle Angebot weitergehen kann. Nun sind wir endlich bereit und möchten zusammen mit Euch, Orte des Wandels erkunden und entdecken, was sich hier hinsichtlich Klimaschutz, Mobilitätswende und nachhaltiger Konsum in Karlsruhe bewegt. Wie verändert das unsere Stadt und wie wappnet sie sich für die Zukunft?Lass dich inspirieren von Projekten und Möglichkeiten und erfahre, wie du selbst Teil des Wandels sein kannst!Bitte um Anmeldung per Mail:Info@glow-karlsruhe.orgMehr infos: https://glow-karlsruhe.org/aktuelles/",https://kalender.karlsruhe.de/db/termine/stadtleben/stadtrundgang
Pilzberatung 2025,2025-08-18T17:00:00,Staatliches Museum für Naturkunde Karlsruhe,"Erbprinzenstraße 13, 76133 Karlsruhe",49.0069855,8.4001442,"am Seiteneingang des Pavillons im Nymphengarten hinter dem NaturkundemuseumPilzfachleute helfen bei der Bestimmung gesammelter Pilze, informieren über Speisewert, Merkmale, Bedeutung im Naturhaushalt und vieles mehr.Als Beratende wirken fachkundige Mitglieder der Arbeitsgruppe Pilze des Naturwissenschaftlichen Vereins Karlsruhe.Das Angebot ist kostenlos!Weitere Informationen unterwww.pilze-karlsruhe.de",https://kalender.karlsruhe.de/db/termine/ausstellungen/pilzberatung2025n-1
Stadtführung Karlsruhe,2025-08-18T14:00:00,City Tour durch Karlsruhe,,,,"Plant ihr, Karlsruhe ein wenig näher kennenzulernen? Die lebendige ehemalige Landeshauptstadt von Baden, wartet darauf, von euch entdeckt zu werden. Bei Stadtführungen in Karlsruhe könnt ihr Kultur, Sehenswürdigkeiten und Geschichte hautnah erleben. Eine geführte Tour bietet euch die Möglichkeit, die Schönheit und Vielfalt von Karlsruhe zu entdecken und euch begeistern zu lassen.Auch andere zusätzliche Termine sind jederzeit nach Rücksprache mit dem Veranstalter möglich.Treffpunkt: Direkt vor dem Rathaus der Stadt KarlsruhePreise:Erwachsene: Euro 10,00Kinder und Jugendliche 6-14 Jahre: freiInfoTel.: 0721/91679888 oder mobil 0170/2935072Internet: www.stadtfuehrungen-karlsruhe.deAnmeldung erforderlichMindestteilnehmerzahl: 6 Personen",https://kalender.karlsruhe.de/db/termine/stadtleben/stadtfuhrung_karlsruhe-200
Heimatstadt Karlsruhe Stadtführung,2025-08-18T14:00:00,Tourist-Information am Marktplatz,"Kaiserstraße 72-74, 76133 Karlsruhe",49.0097995,8.4041251,"Trotz seinen gerade einmal 300 Jahren blickt Karlsruhe auf eine bewegte Vergangenheit zurück. Als barocke Planstadt ein Novum seiner Zeit, hat sich die Stadt diesen Pioniergeist bis heute erhalten. Unterwegs mit unseren Stadtführern erfahren Sie alles über die Entstehung Karlsruhes und den Werdegang der Stadt zu einem wichtigen Kultur- und Innovationsstandort. Gespickt mit witzigen Anekdoten und den persönlichen Geheimtipps unserer besten Stadtkenner wird jede Führung ein besonderes Erlebnis.",https://kalender.karlsruhe.de/db/termine/stadtleben/heimatstadt_karlsruhe_stadtfuhrung-287
"Sommerferienprogamm  „Waldabenteuer mit Ronja und Birk 2""",2025-08-22T09:00:00,Wald rund um das Waldklassenzimmer,"Linkenheimer Allee 10, 76131 Karlsruhe",49.0304857,8.4067057,"In dieser Ferienwoche tauchen wir in den Wald ein und bauen uns eingeheimes Lager im Wald. Wirerforschen den Wald und seine Bewohner, stellen unsere eigenen Farben her, schnitzen, spielen, werkeln und haben jede Menge Spaß. Das Programm findet im Wald statt, das Waldklassenzimmer wird nur im Ausnahmefall bei schlechtem Wetter genutzt.Für bis zu 20 Kinder imGrundschulalterKosten: 160 Euro / Kind inklusive Materialkosten ohne VerpflegungAnmeldungbeiRegine Schirmer, Waldpädagogin undChristine Lutz, Wald-, Atelier- und WerkstattpädagoginE-Mail: mail@naturerlebnis-schirmer.de Telefon: 07236-7282",https://kalender.karlsruhe.de/db/termine/stadtleben/sommerferienprogamm_waldabenteuer_mit_ronja_und_birk2n
Checkpoint Karlsruhe | 19.08.2025,2025-08-19T18:30:00,AIDS-Hilfe Karlsruhe e.V. - Zentrum für sexuelle Gesundheit,"Sophienstraße 102, 76135 Karlsruhe",49.0080257,8.3825952,"Jeden Dienstagabend von 18:30 - 20:00 Uhr können Sie sich in unserem Checkpoint auf HIVund andere sexuell übertragbare Infektionen (STI)testen lassen.Testung nur mit telefonischer Anmeldung unter 0721 / 35 48 16 0Hinweis: Bei Symptomen (z.B. Juckreiz, Ausfluss) bitte direkt in ärztliche Behandlung begeben. Wir sind KEINE ärztliche Einrichtung!Der Zugang ist barrierefrei!ZeSIA Karlsruhe | Sophienstraße 102, 76135 KarlsruheWeitere Infos unter: www.zesia-ka.de",https://kalender.karlsruhe.de/db/termine/checkpoint_karlsruhe19082025n
Workshop (6-7 Jahre): Vögel – einheimische Arten kennenlernen,2025-08-19T15:00:00,Staatliches Museum für Naturkunde Karlsruhe,"Erbprinzenstraße 13, 76133 Karlsruhe",49.0069855,8.4001442,"für 6- bis 7-JährigeDauer: 1 ½ Std.Kosten inkl. Eintritt und MaterialAnmeldung online ab 18. Juni möglichim Rahmen des Projekts ""Artenkenntnis für alle. Die Karlsruher Taxonomie-Initiative""für drei Jahre gefördert durch die Stiftung Naturschutzfonds und die Privatlotterie Glücksspirale",https://kalender.karlsruhe.de/db/termine/ausstellungen/workshop_6_7_jahre_vogel_einheimische
Laufrädle trifft Rollator – Gemeinsam in Bewegung,2025-08-19T10:00:00,Hardtwaldzentrum,"Kanalweg 40/42, 76149 Karlsruhe",49.0305562,8.3930973,"Bewegung verbindet Generationen!Ob mit Laufrädle oder Rollator – wir bringen Klein und Groß gemeinsam in Bewegung. Freu dich auf Spaziergänge, Bewegungsübungen und spielerisches Gedächtnistraining. Ein Angebot für alle Generationen – draußen, gemeinsam, mit Freude!Bei schlechtem Wetter bleiben wir drinnen.Einfach bequeme Kleidung anziehen, Sportbekleidung ist nicht notwendig.Wir starten ab 19.08.2025, immer dienstags von 10-11 Uhr, für 6 Termine(bis 23.09.2025).Treffpunkt: Raum „Offener Treff“im Hardtwaldzentrum (Untergeschoss, Aufzug vorhanden). Bei schönem Wetter geht’s raus, bei schlechtem bleiben wir drinnen.Das Angebot ist kostenlos.Gerne weitersagen!Eine Anmeldung ist nicht notwendig.DerTreffpunkt Hardtwaldzentrumist ein Angebot desSeniorennetzwerksund desStartpunkt Elterncafés. Es finden regelmäßige Treffen sowie besondere Veranstaltungen statt. Alle zwischen 0 und 104 sind herzlich dazu eingeladen.Das Hardtwaldzentrum ist barrierefrei, barrierefreie Toiletten sind vorhanden.Die Angebote werden gefördert durch die Stadt Karlsruhe, u.a. durch das Fördermodul C.--Grafik: ChatGPT",https://kalender.karlsruhe.de/db/termine/stadtleben/laufradle_trifft_rollator_gemeinsam_in_bewegung
Sprechstunde: Einfach digital!,2025-08-19T10:00:00,Stadtbibliothek Karlsruhe - Stadtbibliothek im Neuen Ständehaus,"Ständehausstraße 2, 76133 Karlsruhe",49.0089211,8.4003588,"Sie haben Fragen zu Ihrem Smartphone oder einer App? Ihr Tablet 
bereitet Ihnen Kopfzerbrechen? Das neue Update will einfach nicht 
funktionieren? In eineroffenen Sprechstunde jeden Dienstaghilft ein*e 
Mitarbeiter*in der Stadtbibliothek bei Problemenrund um Ihre digitalen 
Endgeräte(Smartphone, Tablet oder Laptop) und deren Nutzung.Bei Fragen zu unserer 
Online-Bibliothek ""Onleihe"" oder der Nutzung von E-Book-Readern besuchen
 Sie bitte unsere Onleihe-Sprechstunde jeden Mittwoch und Donnerstag.Zielgruppe:alle Menschen mit Fragen rund ums SmartphoneAnmeldung:ohne AnmeldungEintritt:kostenfreiOrt:Stadtbibliothek im Neuen Ständehaus, Infotheke im 1. OG",https://kalender.karlsruhe.de/db/termine/literatur/sprechstunde_einfach_digital-32
Zeitreise - Vom Urknall zum Menschen,2025-08-17T19:00:00,PLANET KA Planetarium Karlsruhe,"Alter Schlachthof 4, 76131 Karlsruhe",49.0039151,8.4304661,"Wie war das mit dem Urknall? Woher kommen die Sterne und Planeten? Was hat sich auf der Erde abgespielt?Auf einer Zeitreise vom Beginn des Universums bis heute werden Sie Zeuge von der Geburt der ersten Sterne und der Entstehung der Milchstraße. Sie erleben gewaltige Sternexplosionen, katastrophale Kometeneinschläge auf der Ur-Erde und die Entwicklung des Lebens.Um die dabei auftretenden unvorstellbar großen Zeiträume besser zu begreifen, denken wir uns die kosmische Geschichte auf die Länge eines Jahres verkürzt. Das Universum wäre demnach am 1. Januar entstanden und ein Tag entspräche 40 Millionen Jahren in der Wirklichkeit. Das Aussterben der Dinosaurier vor 65 Millionen „realen“ Jahren fiele auf den 30. Dezember des kosmischen Jahres und unsere heutige Zeit, in der wir das Weltall mit Teleskopen erforschen, auf den 31. Dezember kurz vor Mitternacht. Kommen Sie mit auf eine Reise durch rund 14 Milliarden Jahre Weltgeschichte!Eine Produktion zehn deutscher Planetarien, unter anderem des Planetariums Mannheim, und unter Federführung des LWL-Planetariums MünsterDauer der Veranstaltung: ca. 75 MinutenFür Erwachsene und Kinder ab 10 JahrenEinlass: ab ca. 30 Min. vor Beginn.Bitte beachten: Kein Nacheinlass möglich! Bitte seien Sie pünktlich.Ungenutzte Tickets verfallen ersatzlos.",https://kalender.karlsruhe.de/db/termine/wirtschaft/zeitreise_vom_urknall_zum_menschen-17
Ein Sternbild für Flappi,2025-08-17T15:00:00,PLANET KA Planetarium Karlsruhe,"Alter Schlachthof 4, 76131 Karlsruhe",49.0039151,8.4304661,"Kinder- & Familienprogramm:""Ein Sternbild für Flappi""für Kinder ab 4 Jahren und die ganze FamilieFlappi ist anders als die meisten Fledermäuse. Das bekommt sie schon in ihrer Familie zu hören. Es fängt damit an, dass sie nicht wie “anständige Fledermäuse” über Kopf hängend schläft, sondern aufrecht…Vielleicht bringt sie das dazu, dass sie nachts die “Glühwürmchen” am Himmel entdeckt, die aber so weit entfernt sind, dass man sie nicht fangen kann. Ob sie wohl schmecken? – Dass sie “Sterne” heißen, und keine Glühwürmchen sind, erfährt sie von Skybat, der Himmelsfledermaus, die extra vom Mond herabkommt, um der kleinen Flappi auf die Sprünge zu helfen und ihr schon mal ein paar der wichtigsten Sternbilder beizubringen.Ein Sternbild Fledermaus ist jedoch nicht darunter. Es sind bislang alles nur Sternbilder der Menschen.Also macht sie sich selbst auf die Suche durch die Nacht...Ein Plädoyer für Eigensinn und Fantasie.Dauer: gut 1 Stunde. Empfohlen ab 4 Jahren.Einlass: ab ca. 30 Min. vor Beginn.Bitte beachten: Kein Nacheinlass! Bitte seien Sie pünktlich vor Ort.Ungenutzte Tickets verfallen ersatzlos.",https://kalender.karlsruhe.de/db/termine/literatur/ein_sternbild_fur_flappi-22
Lars - der kleine Eisbär,2025-08-17T13:30:00,PLANET KA Planetarium Karlsruhe,"Alter Schlachthof 4, 76131 Karlsruhe",49.0039151,8.4304661,"Lars - der kleine EisbärIn dem spannenden Abenteuer „Kleiner Eisbär in der Walbucht“ von Hans de Beer rettet der kleine Eisbär Lars die Wale vor den Walfängern und aus einer großen Not, in die sie durch das Abschmelzen eines Gletschers geraten sind.Anschließend erfahrt ihr, wie die Eisbären wirklich leben und was ihre Heimat bedroht.Dauer: ca. 1 Stunde. Empfohlen für Kinder von 4 bis 7 Jahren.Einlass: ab 25 Min. vor Beginn.Bitte beachten: Kein Nacheinlass! Bitte seien Sie pünktlich vor Ort.Ungenutzte Tickets verfallen ersatzlos.",https://kalender.karlsruhe.de/db/termine/literatur/lars_der_kleine_eisbar-19
Der Regenbogenfisch,2025-08-17T11:30:00,PLANET KA Planetarium Karlsruhe,"Alter Schlachthof 4, 76131 Karlsruhe",49.0039151,8.4304661,"Im Kinder- & Familienprogramm:Der Regenbogenfisch und seine FreundeDer Regenbogenfisch ist der schönste Fisch im weiten Ozean. Sein Schuppenkleid schimmert in allen Farben des Regenbogens: Rot, Orange, Gelb, Grün, Blau, Indigo und Violett. Eines Tages verliert er seine Glitzerschuppe. Um sie wiederzufinden, taucht ab in das tiefe Meer. Dort findet er neue Freunde, die ihm helfen, seine Glitzerschuppe wiederzubekommen.Wir laden Euch ein, gemeinsam mit dem Regenbogenfisch in die Tiefsee zu tauchen. Dabei lernt ihr, wie die Farben im Regenbogen entstehen, und wie man die Fische sogar am Sternhimmel findet..Eine Kuppelproduktion nach den Büchern von Marcus Pfister, erschienen im NordSüd-Verlag.Nach den Büchern „Der Regenbogenfisch stiftet Frieden“ und „Der Regenbogenfisch entdeckt die Tiefsee“, erschienen im NordSüd-Verlag.Dauer: ca. 1 Stunde.Empfohlen für Kinder ab 4 Jahren.Einlass ab ca. 30 Minuten vor BeginnBitte beachten: Kein Nacheinlass! Bitte seien Sie pünktlich vor Ort.Ungenutzte Tickets verfallen ersatzlos.",https://kalender.karlsruhe.de/db/termine/literatur/der_regenbogenfisch-25
Aliens: Ferne Welten - fremdes Leben?,2025-08-16T21:00:00,PLANET KA Planetarium Karlsruhe,"Alter Schlachthof 4, 76131 Karlsruhe",49.0039151,8.4304661,"Wohl keine andere Frage, die wir über das Universum stellen können, beschäftigt uns so stark, und wohl keine Entdeckung hätte so große Bedeutung für unser Weltbild wie die außerirdischer Lebewesen. In den letzten Jahren haben wir unglaubliche Fortschritte gemacht. – und in unserer brandneuen Planetariumsshow sind Sie hautnah dabei!Begleiten Sie uns auf einer fantastischen Spurensuche im Kosmos. Vielleicht werden wir schon vor unserer Haustür, in unserem Sonnensystem, fündig? Landen Sie mit einer Raumsonde auf dem Mars, auf dem in ferner Vergangenheit womöglich einmal Leben entstand. Erforschen Sie den Jupitermond Europa, unter dessen dickem Eispanzer sich ein gewaltiger Ozean verbirgt!Stoßen Sie dann zu den Sternen vor, den Geschwistern der Sonne, und nehmen Sie teil an der aufregenden Jagd nach erdähnlichen Planeten! Die ersten Kandidaten für bewohnbare Planeten sind schon gefunden. Aber die fernen Welten sind fremdartig: Wie mag das Leben aussehen, das sich dort – vielleicht – entwickelt hat? Lassen wir unsere Fantasie spielen … und fragen wir uns, wie die Chancen stehen, jemals intelligente Außerirdische zu finden, mit denen wir Kontakt aufnehmen können!Eine Produktion der Planetarien Münster, Bochum, Kiel, Mannheim, Wolfsburg und Osnabrück.Empfohlen ab ca. 10 JahrenProgrammdauer ca. 60 MinutenEinlass: ab ca. 30 Min. vor BeginnBitte beachten: Kein Nacheinlass möglich!Ungenutzte Tickets verfallen ersatzlos.",https://kalender.karlsruhe.de/db/termine/wirtschaft/aliens_ferne_welten_fremdes_leben-15
Zeitreise - Vom Urknall zum Menschen,2025-08-16T19:00:00,PLANET KA Planetarium Karlsruhe,"Alter Schlachthof 4, 76131 Karlsruhe",49.0039151,8.4304661,"Wie war das mit dem Urknall? Woher kommen die Sterne und Planeten? Was hat sich auf der Erde abgespielt?Auf einer Zeitreise vom Beginn des Universums bis heute werden Sie Zeuge von der Geburt der ersten Sterne und der Entstehung der Milchstraße. Sie erleben gewaltige Sternexplosionen, katastrophale Kometeneinschläge auf der Ur-Erde und die Entwicklung des Lebens.Um die dabei auftretenden unvorstellbar großen Zeiträume besser zu begreifen, denken wir uns die kosmische Geschichte auf die Länge eines Jahres verkürzt. Das Universum wäre demnach am 1. Januar entstanden und ein Tag entspräche 40 Millionen Jahren in der Wirklichkeit. Das Aussterben der Dinosaurier vor 65 Millionen „realen“ Jahren fiele auf den 30. Dezember des kosmischen Jahres und unsere heutige Zeit, in der wir das Weltall mit Teleskopen erforschen, auf den 31. Dezember kurz vor Mitternacht. Kommen Sie mit auf eine Reise durch rund 14 Milliarden Jahre Weltgeschichte!Eine Produktion zehn deutscher Planetarien, unter anderem des Planetariums Mannheim, und unter Federführung des LWL-Planetariums MünsterDauer der Veranstaltung: ca. 75 MinutenFür Erwachsene und Kinder ab 10 JahrenEinlass: ab ca. 30 Min. vor Beginn.Bitte beachten: Kein Nacheinlass möglich! Bitte seien Sie pünktlich.Ungenutzte Tickets verfallen ersatzlos.",https://kalender.karlsruhe.de/db/termine/wirtschaft/zeitreise_vom_urknall_zum_menschen-16
Die SONNE - unser lebendiger Stern,2025-08-16T17:00:00,PLANET KA Planetarium Karlsruhe,"Alter Schlachthof 4, 76131 Karlsruhe",49.0039151,8.4304661,"Die SONNE - unser lebendiger SternDie Sonne scheint schon seit viereinhalb Milliarden Jahren auf unsere Erde und erwärmt sie inmitten eines unbarmherzig kalten Weltraums. Sie ist unser nächster Stern und das Kraftwerk unseres Planeten, die Quelle der Energie, die Wind und Wetter und alles Leben antreibt.Der Lauf der Sonnenscheibe über den Himmel - Tag für Tag, Monat für Monat - war für unzählige frühere Zivilisationen die einzige Möglichkeit, die Zeit zu messen.Die Sonne hat es in sich: Obwohl die Sonne ein typischer Zwergstern ist, verbraucht sie jede Sekunde 600 Millionen Tonnen Wasserstoff und ist 500 Mal so massiv wie alle Planeten zusammen.Entdecken Sie die Geheimnisse unseres Sterns in dieser Planetariumsshow und erleben Sie nie zuvor gesehene Bilder der gewaltigen Oberfläche der Sonne in einem beeindruckenden Fulldome-Format und lernen Sie den wichtigsten Stern Ihres Lebens besser kennen!Dauer der Veranstaltung: ca. 60 MinutenAb 10 JahrenEinlass: jeweils ab ca. 30 Min. vor Beginn.Bitte beachten: Kein Nacheinlass möglich!Ungenutzte Tickets verfallen ersatzlos.",https://kalender.karlsruhe.de/db/termine/wirtschaft/die_sonne_unser_lebendiger_stern-24
Dinosaurier - die Geschichte des Überlebens,2025-08-16T15:00:00,PLANET KA Planetarium Karlsruhe,"Alter Schlachthof 4, 76131 Karlsruhe",49.0039151,8.4304661,"Wie fast alle Kinder ist Celeste von Dinosauriern fasziniert. Gerade bereitet sie für ihre Klasse einen Vortrag darüber vor, wie die Dinosaurier ausgestorben sind. Da stellt „Mond“, eine weise und magische Figur, eine verlockende Frage: „Was wäre, wenn ich dir sagen würde, dass es noch Dinosaurier unter uns gibt?“Celeste begibt sich mit „Mond“ auf eine Reise durch die Zeit. Dabei erleben sie ein aufregendes Abenteuer, bei dem sie die Erde sehen, wie sie in der fernen Vergangenheit war.Welche faszinierenden Veränderungen machten diese Tiere im Laufe der Jahrmillionen durch? Wie entwickelten sie sich zu riesigen Kreaturen und erschreckenden Raubtieren? Was geschah an dem Tag, an dem ein katastrophaler Einschlag eines Asteroiden ein Massenaussterben auf der Erde verursachte?Doch es ist noch nicht alles verloren. Celeste wird den Schlüssel zum Überleben der Dinosaurier entdecken...Produziert von Render AreaZur Einleitung präsentieren wir live den aktuellen Sternenhimmel über Karlsruhe.Dauer ca. 60 MinutenFür Kinder ab 7 JahrenEinlass ab ca. 30 Min. vor Beginn.Bitte beachten: Kein Nacheinlass!Ungenutzte Tickets verfallen ersatzlos.",https://kalender.karlsruhe.de/db/termine/wirtschaft/dinosaurier_die_geschichte_des_uberlebens-18
Der Regenbogenfisch,2025-08-16T13:30:00,PLANET KA Planetarium Karlsruhe,"Alter Schlachthof 4, 76131 Karlsruhe",49.0039151,8.4304661,"Im Kinder- & Familienprogramm:Der Regenbogenfisch und seine FreundeDer Regenbogenfisch ist der schönste Fisch im weiten Ozean. Sein Schuppenkleid schimmert in allen Farben des Regenbogens: Rot, Orange, Gelb, Grün, Blau, Indigo und Violett. Eines Tages verliert er seine Glitzerschuppe. Um sie wiederzufinden, taucht ab in das tiefe Meer. Dort findet er neue Freunde, die ihm helfen, seine Glitzerschuppe wiederzubekommen.Wir laden Euch ein, gemeinsam mit dem Regenbogenfisch in die Tiefsee zu tauchen. Dabei lernt ihr, wie die Farben im Regenbogen entstehen, und wie man die Fische sogar am Sternhimmel findet..Eine Kuppelproduktion nach den Büchern von Marcus Pfister, erschienen im NordSüd-Verlag.Nach den Büchern „Der Regenbogenfisch stiftet Frieden“ und „Der Regenbogenfisch entdeckt die Tiefsee“, erschienen im NordSüd-Verlag.Dauer: ca. 1 Stunde.Empfohlen für Kinder ab 4 Jahren.Einlass ab ca. 30 Minuten vor BeginnBitte beachten: Kein Nacheinlass! Bitte seien Sie pünktlich vor Ort.Ungenutzte Tickets verfallen ersatzlos.",https://kalender.karlsruhe.de/db/termine/literatur/der_regenbogenfisch-24
Lars - der kleine Eisbär,2025-08-16T11:30:00,PLANET KA Planetarium Karlsruhe,"Alter Schlachthof 4, 76131 Karlsruhe",49.0039151,8.4304661,"Lars - der kleine EisbärIn dem spannenden Abenteuer „Kleiner Eisbär in der Walbucht“ von Hans de Beer rettet der kleine Eisbär Lars die Wale vor den Walfängern und aus einer großen Not, in die sie durch das Abschmelzen eines Gletschers geraten sind.Anschließend erfahrt ihr, wie die Eisbären wirklich leben und was ihre Heimat bedroht.Dauer: ca. 1 Stunde. Empfohlen für Kinder von 4 bis 7 Jahren.Einlass: ab 25 Min. vor Beginn.Bitte beachten: Kein Nacheinlass! Bitte seien Sie pünktlich vor Ort.Ungenutzte Tickets verfallen ersatzlos.",https://kalender.karlsruhe.de/db/termine/literatur/lars_der_kleine_eisbar-18
Europas Weg zu den Sternen,2025-08-15T17:00:00,PLANET KA Planetarium Karlsruhe,"Alter Schlachthof 4, 76131 Karlsruhe",49.0039151,8.4304661,"Europas Weg zu den Sternen nimmt die Zuschauer mit auf eine epische Reise hinter die Kulissen des leistungsstärksten bodenbasierten Observatoriums der Welt und gibt Einblicke in die wissenschaftliche Arbeit, in die Geschichte, die Technik und die Menschen dahinter.Erfahren Sie mehr über die Europäische Südsternwarte in einer Geschichte von Neugier auf den Kosmos, von Mut und Ausdauer; eine Geschichte über die Beobachtung eines Universums der Rätsel und Geheimnisse und über Entwurf, Bau und Betrieb der leistungsstärksten erdgebundenen Teleskope der Welt. Aktuell im Bau ist das ELT, das Extremely Large Telescope, das bald eine neuerliche Revolution der Himmelsbeobachtung darstellen wird.Der Film beschäftigt sich mit den grundlegenden Aspekten eines astronomischen Observatoriums und gibt zugleich einen Überblick über das Feld der Astronomie: beginnend mit der Standortuntersuchung, um den besten Platz für die Himmelsbeobachtung zu finden, bis hin zum Bau der Teleskope und deren Einsatz, wenn Astronomen die Mysterien des Universums aufdecken.Dauer der Veranstaltung: ca. 60 MinutenEmpfohlen ab 10 JahrenEinlass: ab 30 Min. vor Beginn.Bitte beachten: Kein Nacheinlass möglich!Ungenutzte Tickets verfallen ersatzlos.Weitere Termine, Programme und Angebote auf der Website: planet-ka.de",https://kalender.karlsruhe.de/db/termine/wirtschaft/europas_weg_zu_den_sternen-8
Zeitreise - Vom Urknall zum Menschen,2025-08-14T19:00:00,PLANET KA Planetarium Karlsruhe,"Alter Schlachthof 4, 76131 Karlsruhe",49.0039151,8.4304661,"Wie war das mit dem Urknall? Woher kommen die Sterne und Planeten? Was hat sich auf der Erde abgespielt?Auf einer Zeitreise vom Beginn des Universums bis heute werden Sie Zeuge von der Geburt der ersten Sterne und der Entstehung der Milchstraße. Sie erleben gewaltige Sternexplosionen, katastrophale Kometeneinschläge auf der Ur-Erde und die Entwicklung des Lebens.Um die dabei auftretenden unvorstellbar großen Zeiträume besser zu begreifen, denken wir uns die kosmische Geschichte auf die Länge eines Jahres verkürzt. Das Universum wäre demnach am 1. Januar entstanden und ein Tag entspräche 40 Millionen Jahren in der Wirklichkeit. Das Aussterben der Dinosaurier vor 65 Millionen „realen“ Jahren fiele auf den 30. Dezember des kosmischen Jahres und unsere heutige Zeit, in der wir das Weltall mit Teleskopen erforschen, auf den 31. Dezember kurz vor Mitternacht. Kommen Sie mit auf eine Reise durch rund 14 Milliarden Jahre Weltgeschichte!Eine Produktion zehn deutscher Planetarien, unter anderem des Planetariums Mannheim, und unter Federführung des LWL-Planetariums MünsterDauer der Veranstaltung: ca. 75 MinutenFür Erwachsene und Kinder ab 10 JahrenEinlass: ab ca. 30 Min. vor Beginn.Bitte beachten: Kein Nacheinlass möglich! Bitte seien Sie pünktlich.Ungenutzte Tickets verfallen ersatzlos.",https://kalender.karlsruhe.de/db/termine/wirtschaft/zeitreise_vom_urknall_zum_menschen-15
Dinosaurier - die Geschichte des Überlebens,2025-08-14T17:00:00,PLANET KA Planetarium Karlsruhe,"Alter Schlachthof 4, 76131 Karlsruhe",49.0039151,8.4304661,"Wie fast alle Kinder ist Celeste von Dinosauriern fasziniert. Gerade bereitet sie für ihre Klasse einen Vortrag darüber vor, wie die Dinosaurier ausgestorben sind. Da stellt „Mond“, eine weise und magische Figur, eine verlockende Frage: „Was wäre, wenn ich dir sagen würde, dass es noch Dinosaurier unter uns gibt?“Celeste begibt sich mit „Mond“ auf eine Reise durch die Zeit. Dabei erleben sie ein aufregendes Abenteuer, bei dem sie die Erde sehen, wie sie in der fernen Vergangenheit war.Welche faszinierenden Veränderungen machten diese Tiere im Laufe der Jahrmillionen durch? Wie entwickelten sie sich zu riesigen Kreaturen und erschreckenden Raubtieren? Was geschah an dem Tag, an dem ein katastrophaler Einschlag eines Asteroiden ein Massenaussterben auf der Erde verursachte?Doch es ist noch nicht alles verloren. Celeste wird den Schlüssel zum Überleben der Dinosaurier entdecken...Produziert von Render AreaZur Einleitung präsentieren wir live den aktuellen Sternenhimmel über Karlsruhe.Dauer ca. 60 MinutenFür Kinder ab 7 JahrenEinlass ab ca. 30 Min. vor Beginn.Bitte beachten: Kein Nacheinlass!Ungenutzte Tickets verfallen ersatzlos.",https://kalender.karlsruhe.de/db/termine/wirtschaft/dinosaurier_die_geschichte_des_uberlebens-16
Lars - der kleine Eisbär,2025-08-14T15:00:00,PLANET KA Planetarium Karlsruhe,"Alter Schlachthof 4, 76131 Karlsruhe",49.0039151,8.4304661,"Lars - der kleine EisbärIn dem spannenden Abenteuer „Kleiner Eisbär in der Walbucht“ von Hans de Beer rettet der kleine Eisbär Lars die Wale vor den Walfängern und aus einer großen Not, in die sie durch das Abschmelzen eines Gletschers geraten sind.Anschließend erfahrt ihr, wie die Eisbären wirklich leben und was ihre Heimat bedroht.Dauer: ca. 1 Stunde. Empfohlen für Kinder von 4 bis 7 Jahren.Einlass: ab 25 Min. vor Beginn.Bitte beachten: Kein Nacheinlass! Bitte seien Sie pünktlich vor Ort.Ungenutzte Tickets verfallen ersatzlos.",https://kalender.karlsruhe.de/db/termine/literatur/lars_der_kleine_eisbar-17
Ein Sternbild für Flappi,2025-08-13T17:00:00,PLANET KA Planetarium Karlsruhe,"Alter Schlachthof 4, 76131 Karlsruhe",49.0039151,8.4304661,"Kinder- & Familienprogramm:""Ein Sternbild für Flappi""für Kinder ab 4 Jahren und die ganze FamilieFlappi ist anders als die meisten Fledermäuse. Das bekommt sie schon in ihrer Familie zu hören. Es fängt damit an, dass sie nicht wie “anständige Fledermäuse” über Kopf hängend schläft, sondern aufrecht…Vielleicht bringt sie das dazu, dass sie nachts die “Glühwürmchen” am Himmel entdeckt, die aber so weit entfernt sind, dass man sie nicht fangen kann. Ob sie wohl schmecken? – Dass sie “Sterne” heißen, und keine Glühwürmchen sind, erfährt sie von Skybat, der Himmelsfledermaus, die extra vom Mond herabkommt, um der kleinen Flappi auf die Sprünge zu helfen und ihr schon mal ein paar der wichtigsten Sternbilder beizubringen.Ein Sternbild Fledermaus ist jedoch nicht darunter. Es sind bislang alles nur Sternbilder der Menschen.Also macht sie sich selbst auf die Suche durch die Nacht...Ein Plädoyer für Eigensinn und Fantasie.Dauer: gut 1 Stunde. Empfohlen ab 4 Jahren.Einlass: ab ca. 30 Min. vor Beginn.Bitte beachten: Kein Nacheinlass! Bitte seien Sie pünktlich vor Ort.Ungenutzte Tickets verfallen ersatzlos.",https://kalender.karlsruhe.de/db/termine/literatur/ein_sternbild_fur_flappi-23
Der Regenbogenfisch,2025-08-13T15:00:00,PLANET KA Planetarium Karlsruhe,"Alter Schlachthof 4, 76131 Karlsruhe",49.0039151,8.4304661,"Im Kinder- & Familienprogramm:Der Regenbogenfisch und seine FreundeDer Regenbogenfisch ist der schönste Fisch im weiten Ozean. Sein Schuppenkleid schimmert in allen Farben des Regenbogens: Rot, Orange, Gelb, Grün, Blau, Indigo und Violett. Eines Tages verliert er seine Glitzerschuppe. Um sie wiederzufinden, taucht ab in das tiefe Meer. Dort findet er neue Freunde, die ihm helfen, seine Glitzerschuppe wiederzubekommen.Wir laden Euch ein, gemeinsam mit dem Regenbogenfisch in die Tiefsee zu tauchen. Dabei lernt ihr, wie die Farben im Regenbogen entstehen, und wie man die Fische sogar am Sternhimmel findet..Eine Kuppelproduktion nach den Büchern von Marcus Pfister, erschienen im NordSüd-Verlag.Nach den Büchern „Der Regenbogenfisch stiftet Frieden“ und „Der Regenbogenfisch entdeckt die Tiefsee“, erschienen im NordSüd-Verlag.Dauer: ca. 1 Stunde.Empfohlen für Kinder ab 4 Jahren.Einlass ab ca. 30 Minuten vor BeginnBitte beachten: Kein Nacheinlass! Bitte seien Sie pünktlich vor Ort.Ungenutzte Tickets verfallen ersatzlos.",https://kalender.karlsruhe.de/db/termine/literatur/der_regenbogenfisch-23
Dinosaurier - die Geschichte des Überlebens,2025-08-10T15:00:00,PLANET KA Planetarium Karlsruhe,"Alter Schlachthof 4, 76131 Karlsruhe",49.0039151,8.4304661,"Wie fast alle Kinder ist Celeste von Dinosauriern fasziniert. Gerade bereitet sie für ihre Klasse einen Vortrag darüber vor, wie die Dinosaurier ausgestorben sind. Da stellt „Mond“, eine weise und magische Figur, eine verlockende Frage: „Was wäre, wenn ich dir sagen würde, dass es noch Dinosaurier unter uns gibt?“Celeste begibt sich mit „Mond“ auf eine Reise durch die Zeit. Dabei erleben sie ein aufregendes Abenteuer, bei dem sie die Erde sehen, wie sie in der fernen Vergangenheit war.Welche faszinierenden Veränderungen machten diese Tiere im Laufe der Jahrmillionen durch? Wie entwickelten sie sich zu riesigen Kreaturen und erschreckenden Raubtieren? Was geschah an dem Tag, an dem ein katastrophaler Einschlag eines Asteroiden ein Massenaussterben auf der Erde verursachte?Doch es ist noch nicht alles verloren. Celeste wird den Schlüssel zum Überleben der Dinosaurier entdecken...Produziert von Render AreaZur Einleitung präsentieren wir live den aktuellen Sternenhimmel über Karlsruhe.Dauer ca. 60 MinutenFür Kinder ab 7 JahrenEinlass ab ca. 30 Min. vor Beginn.Bitte beachten: Kein Nacheinlass!Ungenutzte Tickets verfallen ersatzlos.",https://kalender.karlsruhe.de/db/termine/wirtschaft/dinosaurier_die_geschichte_des_uberlebens-17
Dinosaurier - die Geschichte des Überlebens,2025-08-09T17:00:00,PLANET KA Planetarium Karlsruhe,"Alter Schlachthof 4, 76131 Karlsruhe",49.0039151,8.4304661,"Wie fast alle Kinder ist Celeste von Dinosauriern fasziniert. Gerade bereitet sie für ihre Klasse einen Vortrag darüber vor, wie die Dinosaurier ausgestorben sind. Da stellt „Mond“, eine weise und magische Figur, eine verlockende Frage: „Was wäre, wenn ich dir sagen würde, dass es noch Dinosaurier unter uns gibt?“Celeste begibt sich mit „Mond“ auf eine Reise durch die Zeit. Dabei erleben sie ein aufregendes Abenteuer, bei dem sie die Erde sehen, wie sie in der fernen Vergangenheit war.Welche faszinierenden Veränderungen machten diese Tiere im Laufe der Jahrmillionen durch? Wie entwickelten sie sich zu riesigen Kreaturen und erschreckenden Raubtieren? Was geschah an dem Tag, an dem ein katastrophaler Einschlag eines Asteroiden ein Massenaussterben auf der Erde verursachte?Doch es ist noch nicht alles verloren. Celeste wird den Schlüssel zum Überleben der Dinosaurier entdecken...Produziert von Render AreaZur Einleitung präsentieren wir live den aktuellen Sternenhimmel über Karlsruhe.Dauer ca. 60 MinutenFür Kinder ab 7 JahrenEinlass ab ca. 30 Min. vor Beginn.Bitte beachten: Kein Nacheinlass!Ungenutzte Tickets verfallen ersatzlos.",https://kalender.karlsruhe.de/db/termine/wirtschaft/dinosaurier_die_geschichte_des_uberlebens-15
- AUSGEBUCHT - LESEKATER in der Kinder- & Jugendbibliothek,2025-08-08T10:30:00,Stadtbibliothek Karlsruhe - Kinder- und Jugendbibliothek Karlsruhe im Prinz-Max-Palais,"Prinz-Max-Palais, Karlstraße 10, 76133 Karlsruhe",49.0111857,8.3947581,"Habt ihr schon unseren neuen Lieblingskater kennengelernt? Es ist der Lesekater, er liebt Bilderbücher über alles – und lädt euch ein zur kuscheligen Krabbelgruppe rund um Sprache, Reime & Geschichten!Gemeinsam schnurren, lauschen, blättern, singen und spielen wir – ganz entspannt, ganz ohne Nebenwirkungen. Denn wer früh das Lesen lieben lernt, bekommt später keinen Kater, sondern nur noch mehr Leselust!Zielgruppe:von 0 bis 3 JahrenAnmeldung:jugendbibliothek@kultur.karlsruhe.deEintritt:kostenfreiOrt:Kinder- und JugendbibliothekIllustration: AdobeStock -GoodStudio",https://kalender.karlsruhe.de/db/termine/literatur/_ausgebucht_lesekater_in_der_kinder_jugendbibliothek-1
Show must go on,2025-08-23T19:30:00,Kammertheater Karlsruhe,"Herrenstraße 30, 76133 Karlsruhe",49.0089854,8.3980657,"Freddie Mercury – grandioser „Queen“-Frontmann, Meister der Extravaganz, genialer Songschreiber, Sexsymbol für Männer und Frauen. Kein Zweifel, Freddie war einer der ganz Großen. Auch über 30 Jahre nach seinem Tod fasziniert der Macho mit dem Schnauzbart, der glamouröse Diva und zerbrechliche Künstlerseele zugleich war, auf einzigartige Weise. Die Hits von „Queen“ tun ihr Übriges, um den Mythos Mercury am Leben zu halten. In Ingmar Ottos Musical bekommt ein junger Mann, Frederick, den Auftrag, nach der Asche von Freddie Mercury zu suchen. Schlaglichtartig wird anhand dieser Suche das Leben des Sängers nacherzählt, Begegnungen mit Weggefährt:innen wechseln sich ab mit „Queen“-Klassikern. Erleben Sie Freddie Mercurys Weg vom unbekannten Kunststudenten Farrokh Bulsara zum absoluten Ausnahmekünstler.Termine im K1, Herrenstraße 30/32, 76133 Karlsruhe16.-31.07. & 20.-24.08.2025",https://kalender.karlsruhe.de/db/termine/theater/show_must_go_on-5
Karlsruhe Stadtführung per Rad,2025-08-20T17:00:00,City Tour durch Karlsruhe,,,,"Diese ganz besondere Stadtführung beginnt direkt an der Pyramide auf dem Marktplatz.Viele Highlights und Insidertipps werden auch Karlsruher überraschen.Die ca. 3-stündige Fahrradtour durch Karlsruhe zeigt Ihnen viele Sehenswürdigkeiten der Stadt.Sollten Sie über kein eigenes Fahrrad verfügen sprechen Sie uns gerne an.Anmeldung erforderlich unter: Marc.Fischer@boservice.org oder Telefon: 0721/91679888 mobil: 0170/2935072Mindestteilnehmeranzahl: 6 PersonenDie Tour kann auch exklusiv als Gruppenevent gebucht werden.Preise:Erwachsene: Euro 18,00Kinder bis 14 Jahre: 10,00Internet: www.stadtfuehrungen-karlsruhe.de",https://kalender.karlsruhe.de/db/termine/sportveranstaltung/karlsruhe_stadtfuhrung_per_rad-54
"Märchennachmittag für Erwachsene - ""Mittsommer-Special""",2025-08-20T16:00:00,Hardtwaldzentrum,"Kanalweg 40/42, 76149 Karlsruhe",49.0305562,8.3930973,"Sie denken, in den alten Geschichten gehen immer Männer auf Heldenreise und erobern sich eine Prinzessin in der Ferne? Und Frauen warten immer bescheiden auf den Märchenprinzen? – Dann lassen Sie sich überraschen!Bei diesem „Mittsommer-Special“ der Geschichten für Erwachsene sollen einmal starke Frauen im Mittelpunkt stehen, jede auf ihre Art, auf dem Platz, den sie gewählt hat. Und vielleicht nicht nur Menschen-Frauen- wer weiß…Es freuen sich auf Sie: Ulrike Hecke als Erzählerin und der Treffpunkt Hardtwaldzentrum.Das Angebot ist kostenlos. Eine Anmeldung ist nicht erforderlich.Der Märchennachmittag findet im Raum 424, 3. OG statt (Aufzug vorhanden). Sollte es sehr heiß sein, gehen wir nach draußen.DerTreffpunkt Hardtwaldzentrumist ein Angebot desSeniorennetzwerksund desStartpunkt Elterncafés. Es finden regelmäßige Treffen sowie besondere Veranstaltungen statt. Alle zwischen 0 und 104 sind herzlich dazu eingeladen.Das Hardtwaldzentrum ist barrierefrei, barrierefreie Toiletten sind vorhanden.Die Angebote werden gefördert durch die Stadt Karlsruhe.",https://kalender.karlsruhe.de/db/termine/stadtleben/marchennachmittag_fur_erwachsene_mittsommer_special
VORLESEZEIT in der Kinder- & Jugendbibliothek,2025-08-20T16:00:00,Stadtbibliothek Karlsruhe - Kinder- und Jugendbibliothek Karlsruhe im Prinz-Max-Palais,"Prinz-Max-Palais, Karlstraße 10, 76133 Karlsruhe",49.0111857,8.3947581,"""Lies mir doch was vor!""  - Diesen Wunsch vieler Kinder wollen wir gerne erfüllen und bieten für Kinder von 3 bis 5 Jahren an jedem Mittwochnachmit­tag jeweils um 16 Uhr eine Vorleserunde an.Zielgruppe:von 3 bis 5 JahrenAnmeldung:ohne AnmeldungEintritt:kostenfreiOrt:Kinder- und JugendbibliothekIllustration: AdobeStock - GoodStudio",https://kalender.karlsruhe.de/db/termine/literatur/vorlesezeit_in_der_kinder_jugendbibliothek-17
Basteln mit Naturmaterialien,2025-08-20T14:30:00,Waldklassenzimmer,Kanalweg,49.0308152,8.3885978,"Holzist ein wunderbarer Werkstoff! Wir sägen, hämmern, nageln und kleben Frischholz aus dem Wald und werden mit weiterenNaturmaterialien kreativ.Referentin:Heike Rösgen, Diplom Biologin, M. Sc. Umwelt und Bildung und zertifizierte WaldpädagoginTreffpunkt:Holzwerkstatt am WaldklassenzimmerAnmeldungbis 15. AugustKostenlose Veranstaltung - wir bitten um eine Spende für Werkzeuge und Materialien.",https://kalender.karlsruhe.de/db/termine/stadtleben/basteln_mit_naturmaterialien
Stadtführung Karlsruhe,2025-08-20T14:00:00,City Tour durch Karlsruhe,,,,"Plant ihr, Karlsruhe ein wenig näher kennenzulernen? Die lebendige ehemalige Landeshauptstadt von Baden, wartet darauf, von euch entdeckt zu werden. Bei Stadtführungen in Karlsruhe könnt ihr Kultur, Sehenswürdigkeiten und Geschichte hautnah erleben. Eine geführte Tour bietet euch die Möglichkeit, die Schönheit und Vielfalt von Karlsruhe zu entdecken und euch begeistern zu lassen.Auch andere zusätzliche Termine sind jederzeit nach Rücksprache mit dem Veranstalter möglich.Treffpunkt: Direkt vor dem Rathaus der Stadt KarlsruhePreise:Erwachsene: Euro 10,00Kinder und Jugendliche 6-14 Jahre: freiInfoTel.: 0721/91679888 oder mobil 0170/2935072Internet: www.stadtfuehrungen-karlsruhe.deAnmeldung erforderlichMindestteilnehmerzahl: 6 Personen",https://kalender.karlsruhe.de/db/termine/stadtleben/stadtfuhrung_karlsruhe-205
Stadtführung Karlsruhe,2025-08-20T14:00:00,City Tour durch Karlsruhe,,,,"Plant ihr, Karlsruhe ein wenig näher kennenzulernen? Die lebendige ehemalige Landeshauptstadt von Baden, wartet darauf, von euch entdeckt zu werden. Bei Stadtführungen in Karlsruhe könnt ihr Kultur, Sehenswürdigkeiten und Geschichte hautnah erleben. Eine geführte Tour bietet euch die Möglichkeit, die Schönheit und Vielfalt von Karlsruhe zu entdecken und euch begeistern zu lassen.Auch andere zusätzliche Termine sind jederzeit nach Rücksprache mit dem Veranstalter möglich.Treffpunkt: Direkt vor dem Rathaus der Stadt KarlsruhePreise:Erwachsene: Euro 10,00Kinder und Jugendliche 6-14 Jahre: freiInfoTel.: 0721/91679888 oder mobil 0170/2935072Internet: www.stadtfuehrungen-karlsruhe.deAnmeldung erforderlichMindestteilnehmerzahl: 6 Personen",https://kalender.karlsruhe.de/db/termine/stadtleben/stadtfuhrung_karlsruhe-201
Stadtrundfahrt mit der Tram Linie 2,2025-08-20T14:00:00,City Tour durch Karlsruhe,,,,"Entdecke Karlsruhe abseits der Touristenpfade mit der Straßenbahnlinie 2! Erlebe historische Orte, coole Architektur und Anekdoten - es geht es um Dinge, die man sonst nicht sieht und es gibt spannende Geschichten zu hören, die in keinem Reiseführer stehen. Diese Tour zeigt dir die Fächerstadt aus einer neuen Perspektive.Dauer der Rundfahrt ca. 2 Stunden.Auch Extrafahrten für Gruppen sind jederzeit auf Anfrage möglich.Preise:Erwachsene: Euro 15,00Ein gültiges Ticket von der KVV wird vorausgesetzt.Kinder und Jugendliche 6-14 Jahre: freiInfoTel.: 0721/91679888 oder mobil unter 0170/2935072Um Anmeldung wird gebeten, Mindestteilnehmerzahl: 6 PersonenInternet: www.stadtfuehrungen-karlsruhe.de",https://kalender.karlsruhe.de/db/termine/stadtleben/stadtrundfahrt_mit_der_tram_linie2n-90
Ferien-Entdeckertag am Waldklassenzimmer,2025-08-20T14:00:00,Waldklassenzimmer,Kanalweg,49.0308152,8.3885978,"Heute sindWaldklassenzimmer und das dazugehörende Gelände geöffnet, ohne dass wir ein spezielles Programm anbieten. Familien können heute entdecken, staunen und frei spielen. Die Nutzung des Geländes erfolgt auf eigene Gefahr und unter Wahrung der Aufsichtspflicht.Ohne Anmeldung-kostenlose Veranstaltung!",https://kalender.karlsruhe.de/db/termine/stadtleben/ferien_entdeckertag_am_waldklassenzimmer-29
Piggeldy & Frederick (ab 5),2025-08-20T10:00:00,marotte Theater,"Kaiserallee 11, 76133 Karlsruhe",49.0102313,8.3851507,"Das kleine Schwein Piggeldy hat viele Fragen – das grosse Schwein Frederick hat viele Antworten. Diese Kombination macht aus den beiden das perfekte Geschwisterpaar. Egal wie oft Piggeldy seinen grossen Bruder mit Fragen löchert, Frederick hat immer eine tiefsinnig-unsinnige Erklärung auf Lager. 
Er weiß, was Freundschaft ist, wie man Alleinsein erklärt und wozu eine Badewanne dient.
Denn für Frederick ist nichts leichter als das.
Spiel: Sebastian Kreutz",https://kalender.karlsruhe.de/db/termine/theater/piggeldy_frederick_ab5n-11
Onleihe Sprechstunde,2025-08-20T10:00:00,Stadtbibliothek Karlsruhe - Stadtbibliothek im Neuen Ständehaus,"Ständehausstraße 2, 76133 Karlsruhe",49.0089211,8.4003588,"Die kostenlose Sprech­stunde richtet sich an alle Inter­es­sier­ten mitindivi­du­el­len Fragen rund um die digitale Bibliothek ""Onleihe"". Fachleute der Stadt­bi­blio­thek beant­wor­ten Fragen und zeigen die Handhabung an entspre­chen­den Lesege­rä­ten (E-Book-Reader oder Tablets). Es dürfen gerne eigene Geräte mitge­bracht werden. Eine Anmeldung ist nicht erfor­der­lich.Zielgruppe:Onleihe Nutzer*innenAnmeldung:ohne AnmeldungEintritt:kostenfreiOrt:Stadtbibliothek im Neuen Ständehaus, Infotheke im 2. OG",https://kalender.karlsruhe.de/db/termine/literatur/onleihe_sprechstunde-140
Fotobuchpreis,,Regierungspräsidium Karlsruhe am Rondellplatz,"Karl-Friedrich-Straße 17, 76133 Karlsruhe",49.00734,8.4039066,"Für alle, die Fotobücher lieben oder sogar selbst gestalten, hält der 
Sommer in Karlsruhe eine Ergänzung zu Schwimmbad und Badesee bereit: Das
 INTERNATIONALE FESTIVAL FOTOGRAFISCHER BILDER präsentiert im 
Regierungspräsidium Karlsruhe am Rondellplatz die im Rahmen des 
Wettbewerbs „Deutscher Fotobuchpreis“ ausgezeichneten Fotobücher 
2024/2025.",https://kalender.karlsruhe.de/db/termine/ausstellungen/fotobuchpreis-2
Durlacher Kultursommer 2025,2025-08-21T19:00:00,"Durlach, Alter Friedhof",,,,"Kaŝita Kanto sind ein deutschsprachiges Singer-Songwriter-Duo, das sich mit ihrer einzigartigen Mischung aus sinnsuchtsvoller Liedermalerei und sphärischem Welten-Folk jenseits des Mainstreams bewegt. Zu ihrem 11-jährigen Bühnenjubiläum veröffentlichen sie im Oktober ihr drittes Album „Zwischen den Welten“.",https://kalender.karlsruhe.de/db/termine/stadtleben/durlacher_kultursommer2025n-20
Szenen einer Stadt. Der Karlsruher Fotograf Horst Schlesiger,2025-08-21T18:00:00,Stadtmuseum im Prinz-Max-Palais,"Karlstraße 10, 76133 Karlsruhe",49.0111857,8.3947581,"Bei der After Work-Kurzführungdurch die Ausstellung vermittelt Saskia Baude spannende Einblicke in das Leben und Werk Horst Schlesigers.Eine Anmeldung ist nicht erforderlich, die Teilnahme an der Führung ist kostenlos bzw. im Eintrittspreis inbegriffen.Abbildung:Passanten beim Überqueren der Karlstraße an einem regnerischen Tag im
Mai, im Hintergrund die Hauptpost, 1965.© Stadtarchiv Karlsruhe, Bildarchiv Schlesiger",https://kalender.karlsruhe.de/db/termine/ausstellungen/szenen_einer_stadt_der_karlsruher_fotograf-11
Jam Session,2025-08-21T18:00:00,"Kaiserstraße 47, Kulturküche","Kaiserstraße 47, 76131 Karlsruhe",49.0090696,8.412492,"Lust auf einen Abend voller Musik und spontaner Klänge? Dann komm zur Jam Session mit Thomas und Paul.Ob mit Instrument oder Stimme – spiel mit, sing mit oder hör einfach zu und genieße die kreative Stimmung.Egal ob Anfänger oder Profi – hier zählt nur die Freude an der Musik.Jeden 3. Donnerstag im MonatWir freuen uns auf euch!",https://kalender.karlsruhe.de/db/termine/musik/jam_session-5
Onleihe Sprechstunde,2025-08-21T17:00:00,Stadtbibliothek Karlsruhe - Stadtbibliothek im Neuen Ständehaus,"Ständehausstraße 2, 76133 Karlsruhe",49.0089211,8.4003588,"Die kostenlose Sprech­stunde richtet sich an alle Inter­es­sier­ten mitindivi­du­el­len Fragen rund um die digitale Bibliothek ""Onleihe"". Fachleute der Stadt­bi­blio­thek beant­wor­ten Fragen und zeigen die Handhabung an entspre­chen­den Lesege­rä­ten (E-Book-Reader oder Tablets). Es dürfen gerne eigene Geräte mitge­bracht werden. Eine Anmeldung ist nicht erfor­der­lich.Zielgruppe:Onleihe Nutzer*innenAnmeldung:ohne AnmeldungEintritt:kostenfreiOrt:Stadtbibliothek im Neuen Ständehaus, Infotheke im 2. OG",https://kalender.karlsruhe.de/db/termine/literatur/onleihe_sprechstunde-91
"Erzählcafé im Stephanienbad - für Betroffene, Angehörige und Interessierte",2025-08-21T15:30:00,Stephanienbad - Ev. Gemeindehaus Südkreuzgemeinde,"Breite Straße 49 a, 76135 Karlsruhe",48.9908844,8.3923417,"Seit April 2024 gibt es im Stephanienbad einen monatlichen Nachmittag für Menschen mit Demenz, Angehörige und Interessierte. In geschützter  Atmosphäre ist Begegnung und Austausch möglich, wir treten miteinander in Kontakt, reden, lachen und genießen Kaffee, Tee und Kuchen.Bitte melden Sie sich für das Angebot bei DiakoninPetra Nußbauman.Telefon:0171 8128987oder E-Mail:petra.nussbaum@kbz.ekiba.de",https://kalender.karlsruhe.de/db/termine/stadtleben/erzahlcafe_im_stephanienbad_fur_betroffene-7
Stadtführung Karlsruhe,2025-08-21T14:00:00,City Tour durch Karlsruhe,,,,"Plant ihr, Karlsruhe ein wenig näher kennenzulernen? Die lebendige ehemalige Landeshauptstadt von Baden, wartet darauf, von euch entdeckt zu werden. Bei Stadtführungen in Karlsruhe könnt ihr Kultur, Sehenswürdigkeiten und Geschichte hautnah erleben. Eine geführte Tour bietet euch die Möglichkeit, die Schönheit und Vielfalt von Karlsruhe zu entdecken und euch begeistern zu lassen.Auch andere zusätzliche Termine sind jederzeit nach Rücksprache mit dem Veranstalter möglich.Treffpunkt: Direkt vor dem Rathaus der Stadt KarlsruhePreise:Erwachsene: Euro 10,00Kinder und Jugendliche 6-14 Jahre: freiInfoTel.: 0721/91679888 oder mobil 0170/2935072Internet: www.stadtfuehrungen-karlsruhe.deAnmeldung erforderlichMindestteilnehmerzahl: 6 Personen",https://kalender.karlsruhe.de/db/termine/stadtleben/stadtfuhrung_karlsruhe-206
Stadtrundfahrt mit der Tram Linie 2,2025-08-21T14:00:00,City Tour durch Karlsruhe,,,,"Entdecke Karlsruhe abseits der Touristenpfade mit der Straßenbahnlinie 2! Erlebe historische Orte, coole Architektur und Anekdoten - es geht es um Dinge, die man sonst nicht sieht und es gibt spannende Geschichten zu hören, die in keinem Reiseführer stehen. Diese Tour zeigt dir die Fächerstadt aus einer neuen Perspektive.Dauer der Rundfahrt ca. 2 Stunden.Auch Extrafahrten für Gruppen sind jederzeit auf Anfrage möglich.Preise:Erwachsene: Euro 15,00Ein gültiges Ticket von der KVV wird vorausgesetzt.Kinder und Jugendliche 6-14 Jahre: freiInfoTel.: 0721/91679888 oder mobil unter 0170/2935072Um Anmeldung wird gebeten, Mindestteilnehmerzahl: 6 PersonenInternet: www.stadtfuehrungen-karlsruhe.de",https://kalender.karlsruhe.de/db/termine/stadtleben/stadtrundfahrt_mit_der_tram_linie2n-91
Heimatstadt Karlsruhe Stadtführung,2025-08-21T14:00:00,Tourist-Information am Marktplatz,"Kaiserstraße 72-74, 76133 Karlsruhe",49.0097995,8.4041251,"Trotz seinen gerade einmal 300 Jahren blickt Karlsruhe auf eine bewegte Vergangenheit zurück. Als barocke Planstadt ein Novum seiner Zeit, hat sich die Stadt diesen Pioniergeist bis heute erhalten. Unterwegs mit unseren Stadtführern erfahren Sie alles über die Entstehung Karlsruhes und den Werdegang der Stadt zu einem wichtigen Kultur- und Innovationsstandort. Gespickt mit witzigen Anekdoten und den persönlichen Geheimtipps unserer besten Stadtkenner wird jede Führung ein besonderes Erlebnis.",https://kalender.karlsruhe.de/db/termine/stadtleben/heimatstadt_karlsruhe_stadtfuhrung-300
"Furzipups, der Knatterdrache (ab 3)",2025-08-21T10:00:00,marotte Theater,"Kaiserallee 11, 76133 Karlsruhe",49.0102313,8.3851507,"Der kleine Drache Furzipups, der zur Gattung der Knatterdrachen gehört, führt kein einfaches Leben. 
Im Gegensatz zu seinen Artgenossen gelingt ihm das Feuerspucken einfach überhaupt nicht. 
Dabei ist es sogar Pflicht für einen richtigen Drachen, dass er bei Gefahr Feuer spuckt. 
So sehr er es auch versucht, über ein paar kleine Rauchwölkchen kommt er nicht hinaus. Stattdessen kommt bei ihm immer nur ein dicker Pups..Spiel: Sebastian Kreutz   Regie: Thomas Hänsel",https://kalender.karlsruhe.de/db/termine/theater/furzipups_der_knatterdrache_ab3n-49
Aurora - Wunder des Nordlichts,2025-08-17T17:00:00,PLANET KA Planetarium Karlsruhe,"Alter Schlachthof 4, 76131 Karlsruhe",49.0039151,8.4304661,"Das Polarlicht gehört zu den wunderbarsten Naturerscheinungen, die man erleben kann: als Nordlicht („Aurora Borealis“) im hohen Norden und als Südlicht („Aurora Australis“) im tiefen Süden.Dem koreanischen Astrophotographen Kwon O Chul gelang es weltweit zum ersten Mal, diese Leuchterscheinung in ihren vielen Facetten aufzunehmen. In Echtzeit und 4K-Auflösung offenbart die ultra-hochempfindliche Kameratechnik die Schönheit und Vielfalt des Polarlichts – ein grandioser Tanz der Formen und Farben im „Rundum-Format“ an der Sternenkuppel des Planetariums!Originalaufnahmen von Bord der Internationalen Raumstation ISS und naturgetreue Computer-Visualisierungen bringen uns Legenden und die wissenschaftliche Untersuchung der Polarlichter näher.Eine Produktion von Kwon O ChulZur Einleitung präsentieren wir live den aktuellen Sternenhimmel über Karlsruhe.Dauer ca. 60 MinutenFür Erwachsene und Kinder ab 10 JahreEinlass: ab ca. 30 Min. vor Beginn.Bitte beachten: Kein Nacheinlass!Ungenutzte Tickets verfallen ersatzlos.",https://kalender.karlsruhe.de/db/termine/wirtschaft/aurora_wunder_des_nordlichts-13
Aurora - Wunder des Nordlichts,2025-08-15T21:00:00,PLANET KA Planetarium Karlsruhe,"Alter Schlachthof 4, 76131 Karlsruhe",49.0039151,8.4304661,"Das Polarlicht gehört zu den wunderbarsten Naturerscheinungen, die man erleben kann: als Nordlicht („Aurora Borealis“) im hohen Norden und als Südlicht („Aurora Australis“) im tiefen Süden.Dem koreanischen Astrophotographen Kwon O Chul gelang es weltweit zum ersten Mal, diese Leuchterscheinung in ihren vielen Facetten aufzunehmen. In Echtzeit und 4K-Auflösung offenbart die ultra-hochempfindliche Kameratechnik die Schönheit und Vielfalt des Polarlichts – ein grandioser Tanz der Formen und Farben im „Rundum-Format“ an der Sternenkuppel des Planetariums!Originalaufnahmen von Bord der Internationalen Raumstation ISS und naturgetreue Computer-Visualisierungen bringen uns Legenden und die wissenschaftliche Untersuchung der Polarlichter näher.Eine Produktion von Kwon O ChulZur Einleitung präsentieren wir live den aktuellen Sternenhimmel über Karlsruhe.Dauer ca. 60 MinutenFür Erwachsene und Kinder ab 10 JahreEinlass: ab ca. 30 Min. vor Beginn.Bitte beachten: Kein Nacheinlass!Ungenutzte Tickets verfallen ersatzlos.",https://kalender.karlsruhe.de/db/termine/wirtschaft/aurora_wunder_des_nordlichts-11
Von der Erde zum Universum,2025-08-15T19:00:00,PLANET KA Planetarium Karlsruhe,"Alter Schlachthof 4, 76131 Karlsruhe",49.0039151,8.4304661,"Der Nachthimmel, wunderschön und mysteriös zugleich, stand schon zu Anbeginn der Menschheit im Mittelpunkt von Lagerfeuergeschichten und alten Mythen. Der Wunsch, das Universum zu verstehen, ist vielleicht das älteste gemeinsame intellektuelle Bestreben der Menschen. Doch erst vor Kurzem haben wir begonnen unseren Platz im Kosmos zu verstehen. In Von der Erde zum Universum laden wir Sie ein, an der Entdeckungsreise des Himmels teilzunehmen. Sie beginnt bei den Theorien der alten griechischen Astronomen und führt bis zu den riesigen Teleskopen der Gegenwart. Diese Reise durch Raum und Zeit zeigt uns mit faszinierenden Bildern und Soundeffekten das Universum, wie die Wissenschaft es uns seit Erfindung des Teleskops zugänglich gemacht hat.Regie führte der junge griechische Regisseur Theofanis N. Matsopoulos, der mitreißende Soundtrack stammt vom norwegischen Komponisten Johan B. Monell.Matsopoulos beschreibt den Film als „eine farbenprächtige und inspirierende Reise, deren Bilder beeindrucken und für sich selbst sprechen, da sie den Ehrgeiz der Menschheit widerspiegeln, der uns bei der Beobachtung und dem Verständnis des Universums so weit gebracht hat.“Die deutsche Version von Von der Erde zum Universum wurde vom Planetarium Hamburg produziert. Thomas W. Kraupe übersetzte das Skript und Regina Lemnitz ist die Sprecherin, aufgenommen am Primetime Studio in Hamburg.Dauer der Veranstaltung: ca. 60 MinutenGeeignet auch für Kinder ab ca. 10 Jahren und JugendlicheEinlass: ca. 30 Min. vor Beginn.Bitte beachten: Kein Nacheinlass möglich!Ungenutzte Tickets verfallen ersatzlos.",https://kalender.karlsruhe.de/db/termine/wirtschaft/von_der_erde_zum_universum-11
Captain Schnuppes Weltraumreise,2025-08-15T15:00:00,PLANET KA Planetarium Karlsruhe,"Alter Schlachthof 4, 76131 Karlsruhe",49.0039151,8.4304661,"Kinder- & Familienprogramm:Abenteuer für Kinder mit Illustrationen von Jochen Stuhrmann„Sicherheitsgurte schließen, Erklärungsmodul starten, Triebwerke zünden - keiner ist so schnell wie wir!“Es geht es auf rasante Weltraumreise! Der gutmütige hundeartige Captain Schnuppe besucht mit seinem hyperintelligenten Raumschiff Argo die Planeten unseres Sonnensystems. Begleitet wird er dabei von Sergeant Tuk, der die zwei, durch seine tollpatschige Art, immer wieder in Schwierigkeiten bringt.Das Programm ist eine Produktion der Volkssternwarte Laupheim e.V.Für die Erarbeitung der Geschichte ist es uns gelungen, den Kinderbuchautor Martin Klein zu gewinnen, der bekannte Illustrator Jochen Stuhrmann zeichnete dazu die Figuren.Zu Beginn präsentieren wir live den aktuellen Sternenhimmel über Karlsruhe.Dauer: ca. 1 Stunde. Empfohlen ab 7 Jahren.Einlass: ab 25 Min. vor Beginn.Bitte beachten: Kein Nacheinlass! Bitte seien Sie pünktlich vor Ort.Ungenutzte Tickets verfallen ersatzlos.",https://kalender.karlsruhe.de/db/termine/literatur/captain_schnuppes_weltraumreise-13
Aurora - Wunder des Nordlichts,2025-08-13T19:00:00,PLANET KA Planetarium Karlsruhe,"Alter Schlachthof 4, 76131 Karlsruhe",49.0039151,8.4304661,"Das Polarlicht gehört zu den wunderbarsten Naturerscheinungen, die man erleben kann: als Nordlicht („Aurora Borealis“) im hohen Norden und als Südlicht („Aurora Australis“) im tiefen Süden.Dem koreanischen Astrophotographen Kwon O Chul gelang es weltweit zum ersten Mal, diese Leuchterscheinung in ihren vielen Facetten aufzunehmen. In Echtzeit und 4K-Auflösung offenbart die ultra-hochempfindliche Kameratechnik die Schönheit und Vielfalt des Polarlichts – ein grandioser Tanz der Formen und Farben im „Rundum-Format“ an der Sternenkuppel des Planetariums!Originalaufnahmen von Bord der Internationalen Raumstation ISS und naturgetreue Computer-Visualisierungen bringen uns Legenden und die wissenschaftliche Untersuchung der Polarlichter näher.Eine Produktion von Kwon O ChulZur Einleitung präsentieren wir live den aktuellen Sternenhimmel über Karlsruhe.Dauer ca. 60 MinutenFür Erwachsene und Kinder ab 10 JahreEinlass: ab ca. 30 Min. vor Beginn.Bitte beachten: Kein Nacheinlass!Ungenutzte Tickets verfallen ersatzlos.",https://kalender.karlsruhe.de/db/termine/wirtschaft/aurora_wunder_des_nordlichts-12
Offene Formate,2025-09-14T19:00:00,BBK Künstlerhaus,"Am Künstlerhaus 47, 76131 Karlsruhe",49.0079271,8.4140839,"Offene FormateUnter dem Titel ""Offene Formate"" haben im Zeitraum vom 8. August bis zum 14. September Künstlerinnen und Künstler die Möglichkeit, die Galerieräume des Künstlerhauses für ein Ausstellungsvorhaben zu nutzen - auch ohne Mitgliedschaft im BBK Karlsruhe. Somit können sechs verschiedene Ausstellungen, teilweise parallel, stattfinden. Gezeigt werden neben altbewährten Präsentationen auch experimentelle und über die klassischen Ausstellungsformen hinausgehende Formate.Isabelle Konrad & Gloria Müller ""It’s okay now""(8. - 17. August) - Kabinett""It’s okay now"" ist ein autofiktionaler Kurzfilm, der die Reise von Isabelle Konrad und Gloria Müller durch ihre Vergangenheit schildert. Im Mittelpunkt steht die Praxis des Erinnerns - als Reflexion, als Traum, als Versuch, die Vergangenheit zu begreifen. Durch fiktive Szenen, dokumentarisches Material und persönliche Archive entsteht eine Erzählform, die zwischen Realität und Fiktion oszilliert.Vernissage: Freitag, 8. August, 19.00 UhrChangxiao Wang ""Manche Bonbons bleiben in den Augen kleben""(8. - 17. August) - GalerieIn seiner künstlerischen Arbeit setzt Chamgxiao Wang Alltagseindrücke des urbanen Lebens in den Mittelpunkt. Seine Malerei basiert auf einem modernen Kolorismus, der die Wechselbeziehung zwischen geometrisch abstrahierten Formen und opaken Farbverläufen erforscht. Ausgangspunkt vieler Werke sind Referenzbilder von städtischen Szenen oder trivialen Gegenständen. Diese werden im kreativen Prozess fragmentiert und in klar abgegrenzte Farbebenen übersetzt, die Schicht für Schicht aufgetragen werden.Vernissage: Freitag, 8. August, 19.00 UhrHanjo Lee ""Folded Boundaries""(22. - 31. August) - KabinettAusgangspunkt der Ausstellung ist die Frage ""Wo existieren wir?"" - in der digitalen Gegenwart ist unsere Existenz nicht mehr an physische Orte gebunden. Digitale Räume strukturieren zunehmend unser Selbstverständnis und unsere Wahrnehmung. Mit den symbolischen Konzepten Faltung und Entfaltung, Licht und Dunkelheit, Kontrolle und Zufall verschieben sich die Grenzen zwischen physischem und digitalem Raum auf tastbare Weise, um die sensoriellen Bedingungen des Menschseins an dieser Schnittstelle zu erkunden.Vernissage: Freitag, 22. August, 19.00 UhrKatharina Büttgen ""Was bleibt, wenn wir gehen""(22. - 31. August) - KabinettDie Ausstellung ""Was bleibt, wenn wir gehen"" thematisiert, wie Identität unter Bedingu-ngen von Migration, politischer Repression und Verlust verhandelt werden kann. Katharina Büttgen ist Künstlerin mit belarussischer Migrationsgeschichte. Ihre Biografie ist von staatlicher Kontrolle, Exil und politischer Gewalt geprägt. Ihre textilen Arbeiten führen emotionale Zustände wie Heimweh, Angst und Entwurzelung in einen poetischen Dialog. Dabei fungieren Textilien als Träger von Erinnerung und als Geste des Widerstands. Besonders die belarussische Sticktradition spielt eine zentrale Rolle: florale Ornamente, die Naturverbundenheit und kulturelle Verwurzelung symbolisieren, werden zitiert, ver-fremdet und politisch aufgeladen. Ihre künstlerische Praxis verbindet individuelle Emo-tionen mit kollektiven Erinnerungen. Was bleibt, wenn Identität politisch verboten wird?Vernissage: Freitag, 22. August, 19.00 UhrCatalena Janitz ""to move as if certain""(5. - 14. September) - KabinettCatalena Janitz malt überlebensgroße, weiblich gelesene Körper in konzentrierter Farbigkeit - überwiegend monochrom, aber nicht ohne Kontraste. Formal konkurrieren schwere, starke Körper mit der zarten, porösen Oberfläche ihrer Haut. Inhaltlich pendeln die Figuren, die die Künstlerin ""Protagonistinnen"" nennt, zwischen ambivalenten Zuständen; zwischen Wut und Zärtlichkeit, Gewalt und Gemeinschaft.Vernissage: Freitag, 5. September, 19.00 UhrTeresa Welte ""Take Me To Paradise""(5. - 14. September) - GalerieTeresa Weltes Arbeiten basiert auf Details wie Bild- und Textfetzen ihres alltäglichen Bla. Diese transformiert sie in Installationen aus Objekten, Bild, Bewegtbild und/oder Performance - geprägt von Fragilität und oft serieller Strukturen. Es wird am Ende doch ein Spiel bleiben, auch wenn sie die Ernsthaftigkeit vor Regeln stellt. Am Ende bleibt ein Witz, der sich selbst beim Lachen ersticken will.Vernissage: Freitag, 5. September, 19.00 UhrÖffnungszeiten:Freitag 17.00 bis 19.00 Uhr, Samstag und Sonntag 14.00 bis 18.00 UhrBBK Künstlerhaus KarlsruheAm Künstlerhaus 4776131 KarlsruheDer Eintritt in die Ausstellung und zu Veranstaltungen des Rahmenprogramms ist frei.",https://kalender.karlsruhe.de/db/termine/ausstellungen/offene_formate-3
Captain Schnuppes Weltraumreise,2025-08-08T15:00:00,PLANET KA Planetarium Karlsruhe,"Alter Schlachthof 4, 76131 Karlsruhe",49.0039151,8.4304661,"Kinder- & Familienprogramm:Abenteuer für Kinder mit Illustrationen von Jochen Stuhrmann„Sicherheitsgurte schließen, Erklärungsmodul starten, Triebwerke zünden - keiner ist so schnell wie wir!“Es geht es auf rasante Weltraumreise! Der gutmütige hundeartige Captain Schnuppe besucht mit seinem hyperintelligenten Raumschiff Argo die Planeten unseres Sonnensystems. Begleitet wird er dabei von Sergeant Tuk, der die zwei, durch seine tollpatschige Art, immer wieder in Schwierigkeiten bringt.Das Programm ist eine Produktion der Volkssternwarte Laupheim e.V.Für die Erarbeitung der Geschichte ist es uns gelungen, den Kinderbuchautor Martin Klein zu gewinnen, der bekannte Illustrator Jochen Stuhrmann zeichnete dazu die Figuren.Zu Beginn präsentieren wir live den aktuellen Sternenhimmel über Karlsruhe.Dauer: ca. 1 Stunde. Empfohlen ab 7 Jahren.Einlass: ab 25 Min. vor Beginn.Bitte beachten: Kein Nacheinlass! Bitte seien Sie pünktlich vor Ort.Ungenutzte Tickets verfallen ersatzlos.",https://kalender.karlsruhe.de/db/termine/literatur/captain_schnuppes_weltraumreise-14
Sommerferien-Mitmachprogramm,2025-09-12T19:00:00,"SVK-Gelände Hermann-Veit-Straße 3, 76135 Karlsruhe (neben dem Europabad)",,,,"Der
SV Karlsruhe-Beiertheim bietet auch in diesem Jahr wieder ein
umfangreiches und kostenloses Programm in den Sommerferien an. Auf
dem Vereinsgelände neben dem Europabad finden im Freien zahlreiche
Fitnessangebote statt, bei Regen in der roten Halle, ebenfalls auf
dem vereinseigenen Gelände. Beginn ist montags bis freitags jeweils
um 19 Uhr. Die Angebote dauern 60 Minuten, eine Anmeldung ist nicht
erforderlich. Alle Angebote sind kostenlos.Montag:
	Beachvolleyball, ZumbaDienstag:	Rücken-
und Faszienfit, Boule, Korfball,Yoga,Mittwoch:	FitnessgymnastikDonnerstag:	Fit
& Fun, YogaFreitag:	Beachvolleyball,
60plus Fußball & FitnessAusführliche
Infos und Termine unterhttps://sv-karlsruhe-beiertheim.de/category/allgemein/turnen/",https://kalender.karlsruhe.de/db/termine/sportveranstaltung/sommerferien_mitmachprogramm
Science Camp (Astro-) Teilchenphysik,,TRIANGEL Transfer | Kultur | Raum,"Kaiserstraße 93, 76133 Karlsruhe",49.0092217,8.4087317,"Warum bauen wir Teilchenbeschleuniger und was können wir mit ihnen beobachten? Wieso brauchen wir Erkenntnisse aus der Teilchenphysik, um die Entstehung des Universums und die Abläufe darin zu verstehen?Wenn du moderne Physikthemen spannend findest und gerne mehr darüber lernen möchtest, dann ist unser Science Camp Teilchen- und Astroteilchenphysik am KIT genau das Richtige für dich!Hier lernst du Zusammenhänge verstehen, kannst in Experimenten selbst Effekte der Teilchenphysik beobachten und im Team untersuchen sowie auswerten.Das erwartet dich:Drei Tage am CERN mit Übernachtung in der JugendherbergeBesichtigung des Large Hadroon Colliders (LHC), des Science Gateway und vielen spannenden ForschungseinrichtungenVerschiedene Experimente rund um TeilchendetektorenSuche nach HIggsevents in den Daten des Teilchenbeschleunigers LHC am CERNSpannende Einblicke in die aktuelle ForschungEinsteigerfreundliche Vorträge von Physikprofessorinnen und- ProfessorenVorstellung deiner ForschungsergebnisseFür Jugendliche ab den Alter von 16 Jahren mit gültigen Ausweisdokument, am besten einen Reisepass.Kostenpflichtige Anmeldung: 250€ inkl. Übernachtung, Verpflegung, Exkursion und MAterial mit Möglichkeit einer finanziellen Unterstützung.Weitere Infos zum Science Camp und der Anmeldung findest du auf unserer Website.Wir freuen uns auf dich!",https://kalender.karlsruhe.de/db/termine/wirtschaft/science_camp_astro_teilchenphysik
Adams Äpfel,2025-08-22T22:00:00,marotte Theater,"Kaiserallee 11, 76133 Karlsruhe",49.0102313,8.3851507,"nach dem gleichnamigen dänischen Film von Anders Thomas JensenSebastian Kreutz ist der Erzähler in Adams Äpfel – und die eigentliche Hauptfigur. Er spielt alle Rollen, schlüpft sekundenschnell in die Charaktere, treibt als göttlicher teuflischer Puppenspieler mit Rasanz und Präzision die Geschichte um das Gute und das Böse im Menschen voran. 
Dieses Handwerk beherrscht er großartig. Die nur fragmentarisch ausgeformten Puppen werden- im Sinne des Wortes- unheimlich lebendig, wenn er ihnen sein Mienenspiel, seine Gestik, seine Sprache leiht. Auf einem überdimensionalen Tisch bewegen sie sich wie auf einem Schachbrett und wirken wie Figuren aus einem grotesken Comic und auf der leeren Fläche unendlich einsam und verletzlich. Zwischen der grotesken Überzeichnung der Charaktere und ihrer verletzlichen Menschlichkeit bewegt sich die Geschichte und das emotionale Spiel von Sebastian Kreutz.",https://kalender.karlsruhe.de/db/termine/theater/adams_apfel-26
Durlacher Kultursommer 2025,2025-08-22T19:00:00,"Durlach, Alter Friedhof",,,,"Fünf Musiker covern Rock Klassiker von damals, gemischt mit aktuellen Rocknummern von heute. Eine musikalische Zeitreise mit gitarrenlastigen und groovigen Sounds, die man einfach live erleben muss.",https://kalender.karlsruhe.de/db/termine/stadtleben/durlacher_kultursommer2025n-21
Sightjogging-Sportlich unterwegs durch Karlsruhe,2025-08-22T18:00:00,City Tour durch Karlsruhe,,,,"Joggst du gerne?Wie wäre es dann einmal, wenn du deine Laufroute ein wenig veränderst und in einer Gruppe Gleichgesinnter vertraute und unbekannte Ecken von Karlsruhe erläufst?Erlebe eine unvergessliche Joggingtour und statt Musik auf den Ohren gibt es bei dieser Tour einiges Amüsantes, Interessantes, Anekdoten und Fakten über die Fächerstadt Karlsruhe zu erfahren.Die ca. 1,5-stündige Joggingtour durch Karlsruhe beginnt direkt auf dem Marktplatz in Karlsruhe an der Pyramide.Preise:Erwachsene: Euro 10,00InfoTel.: 0721/91679888 oder mobil 0179/2935072Internet: www.stadtfuehrungen-karlsruhe.deAnmeldung erforderlichMindestteilnehmerzahl: 6 PersonenAuch andere Termine sind jederzeit möglichBuchbar auch exklusiv als Gruppenevent",https://kalender.karlsruhe.de/db/termine/sportveranstaltung/sightjogging_sportlich_unterwegs_durch_karlsruhe-22
Karlsruhe Stadtführung per Rad,2025-08-22T17:00:00,City Tour durch Karlsruhe,,,,"Diese ganz besondere Stadtführung beginnt direkt an der Pyramide auf dem Marktplatz.Viele Highlights und Insidertipps werden auch Karlsruher überraschen.Die ca. 3-stündige Fahrradtour durch Karlsruhe zeigt Ihnen viele Sehenswürdigkeiten der Stadt.Sollten Sie über kein eigenes Fahrrad verfügen sprechen Sie uns gerne an.Anmeldung erforderlich unter: Marc.Fischer@boservice.org oder Telefon: 0721/91679888 mobil: 0170/2935072Mindestteilnehmeranzahl: 6 PersonenDie Tour kann auch exklusiv als Gruppenevent gebucht werden.Preise:Erwachsene: Euro 18,00Kinder bis 14 Jahre: 10,00Internet: www.stadtfuehrungen-karlsruhe.de",https://kalender.karlsruhe.de/db/termine/sportveranstaltung/karlsruhe_stadtfuhrung_per_rad-55
Treffen (ab 10 Jahre): Alter Falter? Von wegen! Insekten und Artenkenntnis,2025-08-22T17:00:00,Staatliches Museum für Naturkunde Karlsruhe,"Erbprinzenstraße 13, 76133 Karlsruhe",49.0069855,8.4001442,"für Jugendliche und Kinder ab 10 Jahrenmit Dr. Rolf Mörtter, Dr. Judith Bieberich und der Entomologische Jugend-AG des Naturwissenschaftlichen Vereins Karlsruhe e.V.Ort: Pavillon im NymphengartenDauer: 1 ½ Std.Anmeldung online ab 18. Juni möglichTeilnahme frei",https://kalender.karlsruhe.de/db/termine/ausstellungen/treffen_ab_10_jahre_alter_falter_von
„Update! Die Sammlung neu sichten – Szenenwechsel 3“,2025-08-22T16:00:00,Städtische Galerie Karlsruhe,"Lorenzstraße 27, 76135 Karlsruhe",49.0003576,8.3834933,,https://kalender.karlsruhe.de/db/termine/ausstellungen/update_die_sammlung_neu_sichten_szenenwechsel3n-8
VORLESEZEIT in Neureut,2025-08-22T16:00:00,Stadtbibliothek Karlsruhe - Stadtteilbibliothek Neureut,"Rubensstraße 21, 76149 Karlsruhe",49.0446178,8.3830479,In der Bibliothek wird jeden Freitag um 16 Uhr vorgelesen.Für Kinder ab 3 Jahren.Zielgruppe:ab 5 JahrenAnmeldung:unter Tel. 0721 7818976Eintritt:kostenfreiOrt: Stadtteilbibliothek NeureutIllustration: AdobeStock - GoodStudio,https://kalender.karlsruhe.de/db/termine/literatur/vorlesezeit_in_neureut-17
Bücherblitz beim Lichterfest im Zoo,2025-08-23T15:00:00,Zoologischer Stadtgarten,"Ettlinger Straße 6, 76137 Karlsruhe",48.9989651,8.4031795,"Wir sind mit dem Bücherblitz und einem Lese- und Malangebot beim Lichterfest im Zoo dabei.Zielgruppe:alle InteressiertenOrt:Zoologischer Stadtgarten,Ettlinger Str. 6, 76137 KarlsruheFoto: Stadtbibliothek Karlsruhe",https://kalender.karlsruhe.de/db/termine/literatur/bucherblitz_beim_lichterfest_im_zoo
Stadtführung für Senioren,2025-08-22T15:00:00,City Tour durch Karlsruhe,,,,"Die Firma BOService Karlsruhe bietet ab sofort jeden Freitag in Karlsruhe eine neue Stadtführung speziell für Senioren an:Diese  neue konzipierte Stadtführung kombiniert die Schwerpunkte unserer Stadtführungen mit den besonderen Ansprüchen von Seniorinnen und Senioren.Sie ist besonders geeignet für Ältere, die nicht mehr so schnell vorwärts kommen, aber trotzdem neugierig sind auf eine spannende und kurzweilige Stadtführung durch die Fächerstadt Karlsruhe.Bei dieser Stadtführung nehmen unsere Stadtführerinnen und Stadtführer besondere Rücksicht auf die Bedürfnisse der älteren Gäste. Während des Rundgangs gibt es immer wieder mal Sitzgelegenheiten  sowie die Möglichkeit für längere Verschnaufpausen.Die Führung  beginnt direkt auf dem Marktplatz in Karlsruhe an der Pyramide.Die Führung kann zu Fuß oder mit der Tram Linie 2 durchgeführt werden.Nach ca. 2  Stunden erreichen wir wieder unseren Ausgangspunkt Marktplatz Karlsruhe.Auch andere zusätzliche Termine sind jederzeit nach Rücksprache mit dem Veranstalter möglich.Preise:Erwachsene: Euro 10,00Begleitperson: freiInfoTel.: 0721/91679888Internet: www.stadtfuehrungen-karlsruhe.deAnmeldung erforerlich",https://kalender.karlsruhe.de/db/termine/stadtleben/stadtfuhrung_fur_senioren-39
Stadtführung Karlsruhe,2025-08-22T14:00:00,City Tour durch Karlsruhe,,,,"Plant ihr, Karlsruhe ein wenig näher kennenzulernen? Die lebendige ehemalige Landeshauptstadt von Baden, wartet darauf, von euch entdeckt zu werden. Bei Stadtführungen in Karlsruhe könnt ihr Kultur, Sehenswürdigkeiten und Geschichte hautnah erleben. Eine geführte Tour bietet euch die Möglichkeit, die Schönheit und Vielfalt von Karlsruhe zu entdecken und euch begeistern zu lassen.Auch andere zusätzliche Termine sind jederzeit nach Rücksprache mit dem Veranstalter möglich.Treffpunkt: Direkt vor dem Rathaus der Stadt KarlsruhePreise:Erwachsene: Euro 10,00Kinder und Jugendliche 6-14 Jahre: freiInfoTel.: 0721/91679888 oder mobil 0170/2935072Internet: www.stadtfuehrungen-karlsruhe.deAnmeldung erforderlichMindestteilnehmerzahl: 6 Personen",https://kalender.karlsruhe.de/db/termine/stadtleben/stadtfuhrung_karlsruhe-207
Stadtführung Karlsruhe,2025-08-22T14:00:00,City Tour durch Karlsruhe,,,,"Plant ihr, Karlsruhe ein wenig näher kennenzulernen? Die lebendige ehemalige Landeshauptstadt von Baden, wartet darauf, von euch entdeckt zu werden. Bei Stadtführungen in Karlsruhe könnt ihr Kultur, Sehenswürdigkeiten und Geschichte hautnah erleben. Eine geführte Tour bietet euch die Möglichkeit, die Schönheit und Vielfalt von Karlsruhe zu entdecken und euch begeistern zu lassen.Auch andere zusätzliche Termine sind jederzeit nach Rücksprache mit dem Veranstalter möglich.Treffpunkt: Direkt vor dem Rathaus der Stadt KarlsruhePreise:Erwachsene: Euro 10,00Kinder und Jugendliche 6-14 Jahre: freiInfoTel.: 0721/91679888 oder mobil 0170/2935072Internet: www.stadtfuehrungen-karlsruhe.deAnmeldung erforderlichMindestteilnehmerzahl: 6 Personen",https://kalender.karlsruhe.de/db/termine/stadtleben/stadtfuhrung_karlsruhe-202
Stadtrundfahrt mit der Tram Linie 2,2025-08-22T14:00:00,City Tour durch Karlsruhe,,,,"Entdecke Karlsruhe abseits der Touristenpfade mit der Straßenbahnlinie 2! Erlebe historische Orte, coole Architektur und Anekdoten - es geht es um Dinge, die man sonst nicht sieht und es gibt spannende Geschichten zu hören, die in keinem Reiseführer stehen. Diese Tour zeigt dir die Fächerstadt aus einer neuen Perspektive.Dauer der Rundfahrt ca. 2 Stunden.Auch Extrafahrten für Gruppen sind jederzeit auf Anfrage möglich.Preise:Erwachsene: Euro 15,00Ein gültiges Ticket von der KVV wird vorausgesetzt.Kinder und Jugendliche 6-14 Jahre: freiInfoTel.: 0721/91679888 oder mobil unter 0170/2935072Um Anmeldung wird gebeten, Mindestteilnehmerzahl: 6 PersonenInternet: www.stadtfuehrungen-karlsruhe.de",https://kalender.karlsruhe.de/db/termine/stadtleben/stadtrundfahrt_mit_der_tram_linie2n-92
- AUSGEBUCHT - LESEKATER in der Kinder- & Jugendbibliothek,2025-08-22T10:30:00,Stadtbibliothek Karlsruhe - Kinder- und Jugendbibliothek Karlsruhe im Prinz-Max-Palais,"Prinz-Max-Palais, Karlstraße 10, 76133 Karlsruhe",49.0111857,8.3947581,"Habt ihr schon unseren neuen Lieblingskater kennengelernt? Es ist der Lesekater, er liebt Bilderbücher über alles – und lädt euch ein zur kuscheligen Krabbelgruppe rund um Sprache, Reime & Geschichten!Gemeinsam schnurren, lauschen, blättern, singen und spielen wir – ganz entspannt, ganz ohne Nebenwirkungen. Denn wer früh das Lesen lieben lernt, bekommt später keinen Kater, sondern nur noch mehr Leselust!Zielgruppe:von 0 bis 3 JahrenAnmeldung:jugendbibliothek@kultur.karlsruhe.deEintritt:kostenfreiOrt:Kinder- und JugendbibliothekIllustration: AdobeStock -GoodStudio",https://kalender.karlsruhe.de/db/termine/literatur/_ausgebucht_lesekater_in_der_kinder_jugendbibliothek
Durlacher Kultursommer 2025,2025-08-23T19:00:00,"Durlach, Alter Friedhof",,,,"Die musikalische Bandbreite reicht von klassischem Rock bis zu mehr dem Pop zuzuordnenden Titeln. Gesungen wird überwiegend in Englisch, es sind aber auch einige Titel mit deutschen Texten im Programm. Es wird nicht versucht, den Songs einen eigenen Stempel aufzudrücken, vielmehr werden diese vom Sound her möglichst nahe am Original gespielt.",https://kalender.karlsruhe.de/db/termine/stadtleben/durlacher_kultursommer2025n-22
Stadtführung Karlsruhe,2025-08-23T14:00:00,City Tour durch Karlsruhe,,,,"Plant ihr, Karlsruhe ein wenig näher kennenzulernen? Die lebendige ehemalige Landeshauptstadt von Baden, wartet darauf, von euch entdeckt zu werden. Bei Stadtführungen in Karlsruhe könnt ihr Kultur, Sehenswürdigkeiten und Geschichte hautnah erleben. Eine geführte Tour bietet euch die Möglichkeit, die Schönheit und Vielfalt von Karlsruhe zu entdecken und euch begeistern zu lassen.Auch andere zusätzliche Termine sind jederzeit nach Rücksprache mit dem Veranstalter möglich.Treffpunkt: Direkt vor dem Rathaus der Stadt KarlsruhePreise:Erwachsene: Euro 10,00Kinder und Jugendliche 6-14 Jahre: freiInfoTel.: 0721/91679888 oder mobil 0170/2935072Internet: www.stadtfuehrungen-karlsruhe.deAnmeldung erforderlichMindestteilnehmerzahl: 6 Personen",https://kalender.karlsruhe.de/db/termine/stadtleben/stadtfuhrung_karlsruhe-208
Stadtführung Karlsruhe,2025-08-23T14:00:00,City Tour durch Karlsruhe,,,,"Plant ihr, Karlsruhe ein wenig näher kennenzulernen? Die lebendige ehemalige Landeshauptstadt von Baden, wartet darauf, von euch entdeckt zu werden. Bei Stadtführungen in Karlsruhe könnt ihr Kultur, Sehenswürdigkeiten und Geschichte hautnah erleben. Eine geführte Tour bietet euch die Möglichkeit, die Schönheit und Vielfalt von Karlsruhe zu entdecken und euch begeistern zu lassen.Auch andere zusätzliche Termine sind jederzeit nach Rücksprache mit dem Veranstalter möglich.Treffpunkt: Direkt vor dem Rathaus der Stadt KarlsruhePreise:Erwachsene: Euro 10,00Kinder und Jugendliche 6-14 Jahre: freiInfoTel.: 0721/91679888 oder mobil 0170/2935072Internet: www.stadtfuehrungen-karlsruhe.deAnmeldung erforderlichMindestteilnehmerzahl: 6 Personen",https://kalender.karlsruhe.de/db/termine/stadtleben/stadtfuhrung_karlsruhe-203
Stadtrundfahrt mit der Tram Linie 2,2025-08-23T14:00:00,City Tour durch Karlsruhe,,,,"Entdecke Karlsruhe abseits der Touristenpfade mit der Straßenbahnlinie 2! Erlebe historische Orte, coole Architektur und Anekdoten - es geht es um Dinge, die man sonst nicht sieht und es gibt spannende Geschichten zu hören, die in keinem Reiseführer stehen. Diese Tour zeigt dir die Fächerstadt aus einer neuen Perspektive.Dauer der Rundfahrt ca. 2 Stunden.Auch Extrafahrten für Gruppen sind jederzeit auf Anfrage möglich.Preise:Erwachsene: Euro 15,00Ein gültiges Ticket von der KVV wird vorausgesetzt.Kinder und Jugendliche 6-14 Jahre: freiInfoTel.: 0721/91679888 oder mobil unter 0170/2935072Um Anmeldung wird gebeten, Mindestteilnehmerzahl: 6 PersonenInternet: www.stadtfuehrungen-karlsruhe.de",https://kalender.karlsruhe.de/db/termine/stadtleben/stadtrundfahrt_mit_der_tram_linie2n-93
Rundgang Areal Alter Schlachthof Karlsruhe,2025-08-23T14:00:00,Alte Fleischmarkthalle - Schlachthofgelände,"Durlacher Allee 62, 76131 Karlsruhe",49.0086387,8.4193531,"Alter Schlachthof – KreativparkEin spannendes Areal, eine spannende Führung!Weshalb ist der Kreativpark Alter Schlachthof so besonders?Kaldaunenwäsche, rote Roben des Bundesverfassungsgerichts, Schlosslichtspiele, Planetarium...Was haben alle diese Dinge mit dem Areal des Alten Schlachthofs zu tun?Neugierig?Erfahren Sie bei unserer Tour wie alles begann, nämlich als Schlachthof, bis hin zum heutigen Kreativpark der sich noch immer weiterentwickelt und interessante Nachbarn wie z. B. das Schloss Gottesaue hat.Erleben Sie die besondere Atmosphäre auf diesem 7ha großen Areal bei einer ca. 1,5-stündigen Führung mit vielen Erzählungen bei dem Sie unter vielem anderen auch erfahren weshalb es dort spukt ...Mehr wird aber noch nicht verraten.Auch andere Termine sind auf Anfrage jederzeit möglich.Auch als Gruppenevent exklusiv buchbar.Wer anschließend einkehren möchte findet ebenfalls zahlreiche Möglichkeiten, gerne geben wir auch hierzu Tipps.Start des Rundgangs direkt an der Durlacher Allee,  Kreuzung Tullastrasse, an den großen Buchstaben "" Alter Schlachthof "".Mindestteilnehmer: 6 PersonenUm Anmeldung wird gebetenPreis: 10,- Euro pro PersonTermine und weitere Infos: 0721 91679888 oder 01702935072http://stadtfuehrungen-karlsruhe.de",https://kalender.karlsruhe.de/db/termine/stadtleben/rundgang_areal_alter_schlachthof_karlsruhe-275
Workshop (Erwachsene): Pflanzen bestimmen – wie geht das?,2025-08-23T14:00:00,Staatliches Museum für Naturkunde Karlsruhe,"Erbprinzenstraße 13, 76133 Karlsruhe",49.0069855,8.4001442,Kurs für Erwachsenemit Dr. Judith BieberichDauer: 3 Std.Anmeldung onlineOrt: Pavillon im NymphengartenDank der Projektförderung ist die Teilnahme frei.Anmeldung ab 18. Juni möglich,https://kalender.karlsruhe.de/db/termine/ausstellungen/workshop_erwachsene_pflanzen_bestimmen_wie_geht_das
Schreibworkshop – Keine Angst vor dem weißen Blatt,2025-08-23T14:00:00,Badische Landesbibliothek,"Erbprinzenstraße 15, 76133 Karlsruhe",49.0077978,8.3988823,"Der Cursor blinkt schon
seit mehreren Minuten auf dem weißen Blatt, doch Sie wissen einfach nicht, wie
Sie beginnen sollen. Sie kennen diese Situation? Dann laden wir Sie zum
Workshop mit KITeratur ein. Wir stellen verschiedene Methoden und Techniken vor,
wie man endlich ins Schreiben kommt.Wir sind die
Kreativschreibgruppe KITeratur. Jede literarische Form
und jede Person ist willkommen. Hauptsache, Sie haben Spaß am Schreiben. Alle
vier Wochen experimentieren, philosophieren und erfinden wir. Bei unseren
Schreibtreffen verwenden wir Methoden aus dem „Creative Writing“. Fertige
Texte tragen wir auf unseren Literaturpartys öffentlich vor. Wir freuen uns auf
Sie!Veranstaltungsort: Seminarraum in der Lernwerkstatt",https://kalender.karlsruhe.de/db/termine/literatur/schreibworkshop_keine_angst_vor_dem_weien_blatt
"Furzipups, der Knatterdrache (ab 3)",2025-08-23T14:00:00,marotte Theater,"Kaiserallee 11, 76133 Karlsruhe",49.0102313,8.3851507,"Der kleine Drache Furzipups, der zur Gattung der Knatterdrachen gehört, führt kein einfaches Leben. 
Im Gegensatz zu seinen Artgenossen gelingt ihm das Feuerspucken einfach überhaupt nicht. 
Dabei ist es sogar Pflicht für einen richtigen Drachen, dass er bei Gefahr Feuer spuckt. 
So sehr er es auch versucht, über ein paar kleine Rauchwölkchen kommt er nicht hinaus. Stattdessen kommt bei ihm immer nur ein dicker Pups..Spiel: Sebastian Kreutz   Regie: Thomas Hänsel",https://kalender.karlsruhe.de/db/termine/theater/furzipups_der_knatterdrache_ab3n-51
"Furzipups, der Knatterdrache (ab 3)",2025-08-23T11:00:00,marotte Theater,"Kaiserallee 11, 76133 Karlsruhe",49.0102313,8.3851507,"Der kleine Drache Furzipups, der zur Gattung der Knatterdrachen gehört, führt kein einfaches Leben. 
Im Gegensatz zu seinen Artgenossen gelingt ihm das Feuerspucken einfach überhaupt nicht. 
Dabei ist es sogar Pflicht für einen richtigen Drachen, dass er bei Gefahr Feuer spuckt. 
So sehr er es auch versucht, über ein paar kleine Rauchwölkchen kommt er nicht hinaus. Stattdessen kommt bei ihm immer nur ein dicker Pups..Spiel: Sebastian Kreutz   Regie: Thomas Hänsel",https://kalender.karlsruhe.de/db/termine/theater/furzipups_der_knatterdrache_ab3n-50
Heimatstadt Karlsruhe Stadtführung,2025-08-23T11:00:00,Tourist-Information am Marktplatz,"Kaiserstraße 72-74, 76133 Karlsruhe",49.0097995,8.4041251,"Trotz seinen gerade einmal 300 Jahren blickt Karlsruhe auf eine bewegte Vergangenheit zurück. Als barocke Planstadt ein Novum seiner Zeit, hat sich die Stadt diesen Pioniergeist bis heute erhalten. Unterwegs mit unseren Stadtführern erfahren Sie alles über die Entstehung Karlsruhes und den Werdegang der Stadt zu einem wichtigen Kultur- und Innovationsstandort. Gespickt mit witzigen Anekdoten und den persönlichen Geheimtipps unserer besten Stadtkenner wird jede Führung ein besonderes Erlebnis.",https://kalender.karlsruhe.de/db/termine/stadtleben/heimatstadt_karlsruhe_stadtfuhrung-351
Workshop (Familien mit Kindern ab 8 Jahren): Pflanzen bestimmen – wie geht das?,2025-08-23T10:30:00,Staatliches Museum für Naturkunde Karlsruhe,"Erbprinzenstraße 13, 76133 Karlsruhe",49.0069855,8.4001442,Kurs für Familien mit Kindern ab 8 Jahrenmit Dr. Judith BieberichDauer: 2 Std.Anmeldung onlineBitte beachten: Für jede teilnehmende Person muss eine eigene Buchung durchgeführt werden!Ort: Pavillon im NymphengartenDank der Projektförderung ist die Teilnahme frei.Anmeldung ab 18. Juni möglich,https://kalender.karlsruhe.de/db/termine/ausstellungen/workshop_familien_mit_kindern_ab_8_jahren-1
Wanderausstellung „Wurzeln schlagen – Menschen und Pflanzen im Exil“,2025-09-14T10:00:00,Waldenserkirche (Palmbach),"Talstraße 43, 76228 Karlsruhe",48.9461396,8.4819809,"Vom 23. August bis 14. September 2025 zeigt der Waldenserverein Palmbach e. V. in der Waldenserkirche Karlsruhe-Palmbach die internationale Wanderausstellung„Wurzeln schlagen – Menschen und Pflanzen im Exil“,konzipiert vom Hugenotten- und Waldenserpfad e. V.Im Mittelpunkt der Ausstellung stehen die Hugenotten und Waldenser – protestantische Glaubensflüchtlinge, die im 17. Jahrhundert unter Verfolgung aus Frankreich und Norditalien flohen und in deutschen Fürstentümern Zuflucht fanden. Viele von ihnen brachten nicht nur ihre Sprache und ihren Glauben mit, sondern auch neues Wissen, handwerkliches Können, landwirtschaftliche Techniken und bisher unbekannte Kulturpflanzen.Die Ausstellung veranschaulicht, wie diese Migrantengruppen die Kulturgeschichte von Ernährung, Gartenbau und Landwirtschaft in Europa mitprägten. Dabei wird deutlich: Die Geschichte von Flucht und Exil ist auch eine Geschichte der Weitergabe von Wissen – etwa durch neue Pflanzenarten, Rezepte, Methoden der Vorratshaltung oder der Selbstversorgung.Lokaler Bezug in Palmbach:Die Ausstellung wird in Karlsruhe-Palmbach durch regionale Aspekte ergänzt. Eine begleitende Fotoausstellung zeigt die frühere Landwirtschaft im Ort, der selbst auf eine Waldensergründung zurückgeht. Die aus dem piemontesischen Chisonetal stammenden Siedler fanden hier im frühen 18. Jahrhundert eine neue Heimat und prägten Palmbach nachhaltig – durch Sprache, Religion, Netzwerke, kulinarische Traditionen und bäuerliches Wissen. Bis heute ist ihr Erbe vor Ort sichtbar.Veranstaltungsdetails:Waldenserkirche Karlsruhe-PalmbachTäglich geöffnet von 10–18 UhrEintritt frei, Spenden willkommenAmSonntag, den 14. September, findet zum Abschluss einGottesdienstam Vormittag und eineFührungauf dem Waldenserweg, durch den Waldenserort Palmbach am Nachmittag statt.Weitere Informationen auch unter: www.hugenotten-waldenserpfad.euFoto:Ausstellung in der Gemeinde Wiernsheim (R. Buchenauer)",https://kalender.karlsruhe.de/db/termine/ausstellungen/wanderausstellung_wurzeln_schlagen_menschen
Karlsruhe Stadtführung per Rad,2025-08-23T10:00:00,City Tour durch Karlsruhe,,,,"Diese ganz besondere Stadtführung beginnt direkt an der Pyramide auf dem Marktplatz.Viele Highlights und Insidertipps werden auch Karlsruher überraschen.Die ca. 3-stündige Fahrradtour durch Karlsruhe zeigt Ihnen viele Sehenswürdigkeiten der Stadt.Sollten Sie über kein eigenes Fahrrad verfügen sprechen Sie uns gerne an.Anmeldung erforderlich unter: Marc.Fischer@boservice.org oder Telefon: 0721/91679888 mobil: 0170/2935072Mindestteilnehmeranzahl: 6 PersonenDie Tour kann auch exklusiv als Gruppenevent gebucht werden.Preise:Erwachsene: Euro 18,00Kinder bis 14 Jahre: 10,00Internet: www.stadtfuehrungen-karlsruhe.de",https://kalender.karlsruhe.de/db/termine/sportveranstaltung/karlsruhe_stadtfuhrung_per_rad-56
Improfestival Karlsruhe 2025,2025-08-31T10:00:00,marotte Theater,"Kaiserallee 11, 76133 Karlsruhe",49.0102313,8.3851507,"Vom 23. bis zum 31. August 2025 wird in Karlsruhe Deutschlands größtes englischsprachiges Improfestival ausgerichtet!Wir freuen uns sehr, Euch während dieser acht Tage ein fantastisches Programm bieten zu können:- 18 völlig unterschiedliche Shows: 6 von internationalen Gastgruppen, 11 von unserem eigenen Festival-Ensemble und 2 Werkschauen aus einem Workshop- 20 einzigartige Workshops von 22 verschiedenen Leiter*innen zu unterschiedlichsten Themen: Die Dauer variiert zwischen einem halben Tag und drei Tagen.Alle weiteren Infos und Tickets für die Shows, sowie Workshops findet Ihr auf unserer Website!English version:Germany's biggest English Improfestival will take place in Karlsruhe from August 23th until 31th!We are very excited to have an amazing festival program for you this year!Over the span of 8 days we will have a total of​- 18 totally different shows, 6 by international guest groups, 10 by our festival ensemble and 2 student showcases- 20 unique workshops by 22 different instructors. Varying in topics and lengths from half-day to 3 days.Further information and tickets for the shows and workshops can be found on our website!",https://kalender.karlsruhe.de/db/termine/theater/improfestival_karlsruhe2025n
Achtsamer Genuss Spaziergang durch den Karlsruher Schlossgarten,2025-08-23T10:00:00,Schlosscafé Karlsruhe,,49.0136284,8.4049791,"Der achtsame Stadtspaziergang ist keine normale Stadtführung.Wir erkunden liebevolle Details, tauchen ein in die Atmosphäre des Waldes und erfahren, wie die Achtsamkeitspraxis unsere Sinne (sehen, hören, riechen, schmecken, fühlen) wieder bewusst in den Genuss bringen kann.Wir nehmen uns Zeit, um eine Praline achtsam zu genießen, praktizieren Atemübungen und Entspannungsübungen.Wir halten inne an wundervollen Kulissen und schlendern genussvoll durch den Schlossgarten.Erfahre, wie die Achtsamkeitspraxis während eines Spaziergangs geübt werden kann.Treffpunkt:Schlosscafé Karlsruhe",https://kalender.karlsruhe.de/db/termine/stadtleben/achtsamer_genuss_spaziergang_durch_den-13
Freies Tanzen Karlsruhe,2025-08-24T21:00:00,"Altes Stadion, KIT Campus Süd","Engesserstraße 17, 76131 Karlsruhe",49.011175,8.4146076,barfuss oder mit Tanzschuhen auf Parkettboden in der grossen Sporthalleimmer 2 DJ:Janes von zur Zeit 12 Aktivenkeine Anmeldung erforderlichkommt einfach zwischen 21-23 Uhr vorbeimit der Bitte um Geld-Einwurf in die am DJ Pult stehende Spendendose entsprechend eurer Wertschätzung,https://kalender.karlsruhe.de/db/termine/theater/freies_tanzen_karlsruhe-81
Show must go on,2025-08-24T18:00:00,Kammertheater Karlsruhe,"Herrenstraße 30, 76133 Karlsruhe",49.0089854,8.3980657,"Freddie Mercury – grandioser „Queen“-Frontmann, Meister der Extravaganz, genialer Songschreiber, Sexsymbol für Männer und Frauen. Kein Zweifel, Freddie war einer der ganz Großen. Auch über 30 Jahre nach seinem Tod fasziniert der Macho mit dem Schnauzbart, der glamouröse Diva und zerbrechliche Künstlerseele zugleich war, auf einzigartige Weise. Die Hits von „Queen“ tun ihr Übriges, um den Mythos Mercury am Leben zu halten. In Ingmar Ottos Musical bekommt ein junger Mann, Frederick, den Auftrag, nach der Asche von Freddie Mercury zu suchen. Schlaglichtartig wird anhand dieser Suche das Leben des Sängers nacherzählt, Begegnungen mit Weggefährt:innen wechseln sich ab mit „Queen“-Klassikern. Erleben Sie Freddie Mercurys Weg vom unbekannten Kunststudenten Farrokh Bulsara zum absoluten Ausnahmekünstler.Termine im K1, Herrenstraße 30/32, 76133 Karlsruhe16.-31.07. & 20.-24.08.2025",https://kalender.karlsruhe.de/db/termine/theater/show_must_go_on-4
„Update! Die Sammlung neu sichten – Szenenwechsel 3“,2025-08-24T15:15:00,Städtische Galerie Karlsruhe,"Lorenzstraße 27, 76135 Karlsruhe",49.0003576,8.3834933,,https://kalender.karlsruhe.de/db/termine/ausstellungen/update_die_sammlung_neu_sichten_szenenwechsel3n-9
"Brummi, Monza und Milano. Mopeds der Durlacher Firma Gritzner",2025-08-24T15:00:00,Pfinzgaumuseum Karlsburg Durlach,"Pfinztalstraße 9, 76227 Karlsruhe",48.9984759,8.4738226,"Bei der Führung gibt Christiane Sutter interessante Einblicke über die Firmengeschichte, die Produktion und die Besonderheiten der Durlacher Mopeds der 1950er- und 1960er-Jahre. Eine Anmeldung ist nicht erforderlich, die Teilnahme an der Führung ist kostenlos bzw. im Eintrittspreis inbegriffen.Abbildung:Mopedproduktion bei Gritzner-Kayser, 1956.Stadtarchiv Karlsruhe 8/BA Schlesiger A40/90/4/4",https://kalender.karlsruhe.de/db/termine/ausstellungen/brummi_monza_und_milano_mopeds_der_durlacher-4
Stadtführung Karlsruhe,2025-08-24T14:00:00,City Tour durch Karlsruhe,,,,"Plant ihr, Karlsruhe ein wenig näher kennenzulernen? Die lebendige ehemalige Landeshauptstadt von Baden, wartet darauf, von euch entdeckt zu werden. Bei Stadtführungen in Karlsruhe könnt ihr Kultur, Sehenswürdigkeiten und Geschichte hautnah erleben. Eine geführte Tour bietet euch die Möglichkeit, die Schönheit und Vielfalt von Karlsruhe zu entdecken und euch begeistern zu lassen.Auch andere zusätzliche Termine sind jederzeit nach Rücksprache mit dem Veranstalter möglich.Treffpunkt: Direkt vor dem Rathaus der Stadt KarlsruhePreise:Erwachsene: Euro 10,00Kinder und Jugendliche 6-14 Jahre: freiInfoTel.: 0721/91679888 oder mobil 0170/2935072Internet: www.stadtfuehrungen-karlsruhe.deAnmeldung erforderlichMindestteilnehmerzahl: 6 Personen",https://kalender.karlsruhe.de/db/termine/stadtleben/stadtfuhrung_karlsruhe-209
Stadtführung Karlsruhe,2025-08-24T14:00:00,City Tour durch Karlsruhe,,,,"Plant ihr, Karlsruhe ein wenig näher kennenzulernen? Die lebendige ehemalige Landeshauptstadt von Baden, wartet darauf, von euch entdeckt zu werden. Bei Stadtführungen in Karlsruhe könnt ihr Kultur, Sehenswürdigkeiten und Geschichte hautnah erleben. Eine geführte Tour bietet euch die Möglichkeit, die Schönheit und Vielfalt von Karlsruhe zu entdecken und euch begeistern zu lassen.Auch andere zusätzliche Termine sind jederzeit nach Rücksprache mit dem Veranstalter möglich.Treffpunkt: Direkt vor dem Rathaus der Stadt KarlsruhePreise:Erwachsene: Euro 10,00Kinder und Jugendliche 6-14 Jahre: freiInfoTel.: 0721/91679888 oder mobil 0170/2935072Internet: www.stadtfuehrungen-karlsruhe.deAnmeldung erforderlichMindestteilnehmerzahl: 6 Personen",https://kalender.karlsruhe.de/db/termine/stadtleben/stadtfuhrung_karlsruhe-204
Stadtrundfahrt mit der Tram Linie 2,2025-08-24T14:00:00,City Tour durch Karlsruhe,,,,"Entdecke Karlsruhe abseits der Touristenpfade mit der Straßenbahnlinie 2! Erlebe historische Orte, coole Architektur und Anekdoten - es geht es um Dinge, die man sonst nicht sieht und es gibt spannende Geschichten zu hören, die in keinem Reiseführer stehen. Diese Tour zeigt dir die Fächerstadt aus einer neuen Perspektive.Dauer der Rundfahrt ca. 2 Stunden.Auch Extrafahrten für Gruppen sind jederzeit auf Anfrage möglich.Preise:Erwachsene: Euro 15,00Ein gültiges Ticket von der KVV wird vorausgesetzt.Kinder und Jugendliche 6-14 Jahre: freiInfoTel.: 0721/91679888 oder mobil unter 0170/2935072Um Anmeldung wird gebeten, Mindestteilnehmerzahl: 6 PersonenInternet: www.stadtfuehrungen-karlsruhe.de",https://kalender.karlsruhe.de/db/termine/stadtleben/stadtrundfahrt_mit_der_tram_linie2n-94
Rundgang Areal Alter Schlachthof Karlsruhe,2025-08-24T14:00:00,Alte Fleischmarkthalle - Schlachthofgelände,"Durlacher Allee 62, 76131 Karlsruhe",49.0086387,8.4193531,"Alter Schlachthof – KreativparkEin spannendes Areal, eine spannende Führung!Weshalb ist der Kreativpark Alter Schlachthof so besonders?Kaldaunenwäsche, rote Roben des Bundesverfassungsgerichts, Schlosslichtspiele, Planetarium...Was haben alle diese Dinge mit dem Areal des Alten Schlachthofs zu tun?Neugierig?Erfahren Sie bei unserer Tour wie alles begann, nämlich als Schlachthof, bis hin zum heutigen Kreativpark der sich noch immer weiterentwickelt und interessante Nachbarn wie z. B. das Schloss Gottesaue hat.Erleben Sie die besondere Atmosphäre auf diesem 7ha großen Areal bei einer ca. 1,5-stündigen Führung mit vielen Erzählungen bei dem Sie unter vielem anderen auch erfahren weshalb es dort spukt ...Mehr wird aber noch nicht verraten.Auch andere Termine sind auf Anfrage jederzeit möglich.Auch als Gruppenevent exklusiv buchbar.Wer anschließend einkehren möchte findet ebenfalls zahlreiche Möglichkeiten, gerne geben wir auch hierzu Tipps.Start des Rundgangs direkt an der Durlacher Allee,  Kreuzung Tullastrasse, an den großen Buchstaben "" Alter Schlachthof "".Mindestteilnehmer: 6 PersonenUm Anmeldung wird gebetenPreis: 10,- Euro pro PersonTermine und weitere Infos: 0721 91679888 oder 01702935072http://stadtfuehrungen-karlsruhe.de",https://kalender.karlsruhe.de/db/termine/stadtleben/rundgang_areal_alter_schlachthof_karlsruhe-276
Der kleine Eisbär (ab 3),2025-08-24T14:00:00,marotte Theater,"Kaiserallee 11, 76133 Karlsruhe",49.0102313,8.3851507,"Hoch oben im Norden, wo Schnee und Eis ewig sind, wohnt Lars, der kleine Eisbär. Lars kann schon auf dem Rücken seines Vaters reiten und mit einer Pfote Fische fangen. Nur schwimmen, das kann er noch nicht so gut.
Eines Tages passiert etwas Schreckliches. Lars treibt ganz allein auf einer Eisscholle hinaus aufs Meer. Und erlebt sein erstes großes Abenteuer.
Ein Stück für die ganz Kleinen.
Darüber, wie schön es ist, die Welt zu entdecken.
Und über das schönste Wort, wenn man genug gesehen hat:
Nach Hause...Spiel:Thomas Hänsel",https://kalender.karlsruhe.de/db/termine/theater/der_kleine_eisbar_ab3n-38
Auf den Spuren der Karlsruher Fußballgeschichte,2025-08-24T14:00:00,City Tour durch Karlsruhe,,,,"Diese ganz besondere Stadtführung per Rad beginnt am Carl-Friedrich-Denkmal zwischen Marktplatz und Schloß.Die ca. 2 -stündige Fahrradtour dreht sich ganz um das Thema Fußball in Karlsruhe von der Geschichte bis in die Gegenwart.Wildparkstadion, Engländerplatz sowie das ehemalige KFV Stadion an der Herzstrasse werden angefahren.Die  Teilnehmern dieser interessanten Fahrradtour erfahren viel über die ehemaligen Fußballspieler Gottfried Fuchs, Julius Hirsch, Walther Bensemann und anderen bekanntenFußballspieler, die zu der Entwicklung des Fußballs in Karlsruhe viel beigetragen haben.Auch die Dauerausstellung ""Ein Stadion schreibt Geschichte"" im angrenzenden Altersheim ""Karlsruher Weg"" ist Bestandteil der Fahrradtour.Auch für Gruppen ist diese Führung nach Absprache mit dem Veranstalter jederzeit möglich.Anmeldung erforderlich unter: Marc.Fischer@boservice.org oder Telefon: 0721/91679888 mobil: 01702935072Preise:Erwachsene: Euro 15,00Kinder und Jugendliche 6-14 Jahre: freiInternet: www.stadtfuehrungen-karlsruhe.de",https://kalender.karlsruhe.de/db/termine/stadtleben/auf_den_spuren_der_karlsruher_fuballgeschichte-29
Der kleine Eisbär (ab 3),2025-08-24T11:00:00,marotte Theater,"Kaiserallee 11, 76133 Karlsruhe",49.0102313,8.3851507,"Hoch oben im Norden, wo Schnee und Eis ewig sind, wohnt Lars, der kleine Eisbär. Lars kann schon auf dem Rücken seines Vaters reiten und mit einer Pfote Fische fangen. Nur schwimmen, das kann er noch nicht so gut.
Eines Tages passiert etwas Schreckliches. Lars treibt ganz allein auf einer Eisscholle hinaus aufs Meer. Und erlebt sein erstes großes Abenteuer.
Ein Stück für die ganz Kleinen.
Darüber, wie schön es ist, die Welt zu entdecken.
Und über das schönste Wort, wenn man genug gesehen hat:
Nach Hause...Spiel:Thomas Hänsel",https://kalender.karlsruhe.de/db/termine/theater/der_kleine_eisbar_ab3n-37
Durlacher Kultursommer 2025,2025-08-24T11:00:00,"Durlach, Alter Friedhof",,,,Die Durlacher Bürgerstiftung veranstaltet im Rahmen des Durlacher Kultursommers den 14. Bürgerbrunch. Neben drei lokalen Bands erwartet die Besucher leckere Speisen und kühle Getränke durch das Catering-Team der KaGe04 Durlach. Ebenso findet parallel der beliebte Flohmarkt mit „Schätzen vom Speicher und Keller“ statt.,https://kalender.karlsruhe.de/db/termine/stadtleben/durlacher_kultursommer2025n-23
Kostümführung,2025-08-24T11:00:00,Durlach,Durlach Innenstadt,,,"Als Erfinderin dieses Rundgangs schlüpfe ich gerne selbst in die von mir geschöpften Rolle der „Weißen Frau vom Turmberg“, Durlachs hauseigener Sagen- und Legendenfigur. Dabei könnt ihr Zeugen werden der schaurigen Überlieferungen vergangener Zeiten auf meinem Streifzug rings um den Durlacher Turmberg, sowie des Volksglaubens, der tief im Bewusstsein der Bevölkerung verwurzelt ist. Auf spannende Weise könnt ihr bei dieser Führung alle wichtigen historischen Begebenheiten über die Besiedlung des Turmbergs und seiner ersten Bewohner, der geologischen Besonderheit des Turmbergs, des Turmbergbähnles und seiner Gastronomieentwicklung, über die Durlacher Schützen und einiger gruseligen Geschichten rund um die ""Weiße Frau vom Turmberg"" selbst erhalten.Treffpunkt:Turmbergterrasse neben der Bergstation der ehemaligen Turmbergbahn.Dauer: 2 StundenEmpfehlung:Wetterfeste Kleidung und gutes Schuhwerk für das unebene Terrain rund um den Turmberg.Wichtig: Für diese Führung ist eine verbindliche Voranmeldung erforderlich unter:Telefon: 0721 9483404 oder per Email: kulturmanagement@email.dePreis pro Gast: 18,00 €, ermäßigt 14 (bitte möglichst passend bereit halten)Mindestteilnehmerzahl: 3 Gäste, maximal 25 Gäste. Es gilt die Reihenfolge der Anmeldung.Gruppentermine können gerne in Absprache vereinbart werden.Ihre Daten dienen nur der Anmeldeübersicht oder für eventuelle unvorhergesehene wichtige Informationen. Alle aufgenommenen Daten werden unmittelbar nach Beendigung der bezahlten Führung wieder gelöscht.Die Führung findet bei (fast) jedem Wetter statt und wird nur aufgrund von außergewöhnlichen Ereignissen abgesagt.Es gelten meine Datenschutz- und AGB-Bestimmungen, die auf Wunsch zugesandt werden. Änderungen bleiben vorbehalten.",https://kalender.karlsruhe.de/db/termine/stadtleben/kostumfuhrung-36
Heimatstadt Karlsruhe Stadtführung,2025-08-24T11:00:00,Tourist-Information am Marktplatz,"Kaiserstraße 72-74, 76133 Karlsruhe",49.0097995,8.4041251,"Trotz seinen gerade einmal 300 Jahren blickt Karlsruhe auf eine bewegte Vergangenheit zurück. Als barocke Planstadt ein Novum seiner Zeit, hat sich die Stadt diesen Pioniergeist bis heute erhalten. Unterwegs mit unseren Stadtführern erfahren Sie alles über die Entstehung Karlsruhes und den Werdegang der Stadt zu einem wichtigen Kultur- und Innovationsstandort. Gespickt mit witzigen Anekdoten und den persönlichen Geheimtipps unserer besten Stadtkenner wird jede Führung ein besonderes Erlebnis.",https://kalender.karlsruhe.de/db/termine/stadtleben/heimatstadt_karlsruhe_stadtfuhrung-352
Karlsruhe Stadtführung per Rad,2025-08-24T10:00:00,City Tour durch Karlsruhe,,,,"Diese ganz besondere Stadtführung beginnt direkt an der Pyramide auf dem Marktplatz.Viele Highlights und Insidertipps werden auch Karlsruher überraschen.Die ca. 3-stündige Fahrradtour durch Karlsruhe zeigt Ihnen viele Sehenswürdigkeiten der Stadt.Sollten Sie über kein eigenes Fahrrad verfügen sprechen Sie uns gerne an.Anmeldung erforderlich unter: Marc.Fischer@boservice.org oder Telefon: 0721/91679888 mobil: 0170/2935072Mindestteilnehmeranzahl: 6 PersonenDie Tour kann auch exklusiv als Gruppenevent gebucht werden.Preise:Erwachsene: Euro 18,00Kinder bis 14 Jahre: 10,00Internet: www.stadtfuehrungen-karlsruhe.de",https://kalender.karlsruhe.de/db/termine/sportveranstaltung/karlsruhe_stadtfuhrung_per_rad-57
Auf den Spuren der Wildkatze im Nordschwarzwald unterwegs,2025-08-24T10:00:00,Wildkatzenweg,,,,"Im Nordschwarzwald  gibt es einen vom BUND angelegtenerlebnisreichen Wildkatzenweg über eine Strecke von etwa sechs Kilometern. Heute wandern wir gemeinsam bergauf und bergab und lernen dieses scheue Waldtier bei Spielen und Aktionen genauer kennen.Referentin:Heike Rösgen, Diplom Biologin, M. Sc. Umwelt und Bildung und zertifizierte WaldpädagoginTreffpunkt:Bushaltestelle ""Talwiese"" im Gaistal bei Bad Herrenalb  am Eingang des WildkatzenpfadesAnmeldung:beimTourismusbüroin Bad Herrenalbbis 20. AugustTelefon:07083 5005-0E-Mail:stadt@badherrenalb.deKostenlose Veranstaltung - wir freuen uns über eine Spende für den BUND!",https://kalender.karlsruhe.de/db/termine/stadtleben/auf_den_spuren_der_wildkatze_im_nordschwarzwald
Ostweg - Etappe 12,2025-08-24T05:45:00,Karlsruhe Hauptbahnhof - Halle Treffpunkt,,,,"Streckenverlauf: Stühlingen - Schleitheim - Randenturm - SchaffhausenReine Wanderzeit: 5,5 Stunden, Zwischeneinkehr vorgesehenKörperliche Anforderung:SchwerKilometer Wegstrecke:20Höhenmeter:500 auf, 550 abÖPNV: D-Ticket oder Baden-Württemberg-TicketWichtig: An den Pass oder Perso denken, Franken sind von Vorteil",https://kalender.karlsruhe.de/db/termine/sportveranstaltung/ostweg_etappe12n
Pilzberatung 2025,2025-08-25T17:00:00,Staatliches Museum für Naturkunde Karlsruhe,"Erbprinzenstraße 13, 76133 Karlsruhe",49.0069855,8.4001442,"am Seiteneingang des Pavillons im Nymphengarten hinter dem NaturkundemuseumPilzfachleute helfen bei der Bestimmung gesammelter Pilze, informieren über Speisewert, Merkmale, Bedeutung im Naturhaushalt und vieles mehr.Als Beratende wirken fachkundige Mitglieder der Arbeitsgruppe Pilze des Naturwissenschaftlichen Vereins Karlsruhe.Das Angebot ist kostenlos!Weitere Informationen unterwww.pilze-karlsruhe.de",https://kalender.karlsruhe.de/db/termine/ausstellungen/pilzberatung2025n-2
Heimatstadt Karlsruhe Stadtführung,2025-08-25T14:00:00,Tourist-Information am Marktplatz,"Kaiserstraße 72-74, 76133 Karlsruhe",49.0097995,8.4041251,"Trotz seinen gerade einmal 300 Jahren blickt Karlsruhe auf eine bewegte Vergangenheit zurück. Als barocke Planstadt ein Novum seiner Zeit, hat sich die Stadt diesen Pioniergeist bis heute erhalten. Unterwegs mit unseren Stadtführern erfahren Sie alles über die Entstehung Karlsruhes und den Werdegang der Stadt zu einem wichtigen Kultur- und Innovationsstandort. Gespickt mit witzigen Anekdoten und den persönlichen Geheimtipps unserer besten Stadtkenner wird jede Führung ein besonderes Erlebnis.",https://kalender.karlsruhe.de/db/termine/stadtleben/heimatstadt_karlsruhe_stadtfuhrung-288
Aurora - Wunder des Nordlichts,2025-08-24T19:00:00,PLANET KA Planetarium Karlsruhe,"Alter Schlachthof 4, 76131 Karlsruhe",49.0039151,8.4304661,"Das Polarlicht gehört zu den wunderbarsten Naturerscheinungen, die man erleben kann: als Nordlicht („Aurora Borealis“) im hohen Norden und als Südlicht („Aurora Australis“) im tiefen Süden.Dem koreanischen Astrophotographen Kwon O Chul gelang es weltweit zum ersten Mal, diese Leuchterscheinung in ihren vielen Facetten aufzunehmen. In Echtzeit und 4K-Auflösung offenbart die ultra-hochempfindliche Kameratechnik die Schönheit und Vielfalt des Polarlichts – ein grandioser Tanz der Formen und Farben im „Rundum-Format“ an der Sternenkuppel des Planetariums!Originalaufnahmen von Bord der Internationalen Raumstation ISS und naturgetreue Computer-Visualisierungen bringen uns Legenden und die wissenschaftliche Untersuchung der Polarlichter näher.Eine Produktion von Kwon O ChulZur Einleitung präsentieren wir live den aktuellen Sternenhimmel über Karlsruhe.Dauer ca. 60 MinutenFür Erwachsene und Kinder ab 10 JahreEinlass: ab ca. 30 Min. vor Beginn.Bitte beachten: Kein Nacheinlass!Ungenutzte Tickets verfallen ersatzlos.",https://kalender.karlsruhe.de/db/termine/wirtschaft/aurora_wunder_des_nordlichts-16
Comedy Stadtführung mit Apero,2025-08-24T17:00:00,City Tour durch Karlsruhe,,,,"Die lustige Stadtführung durch KarlsruheEntdecke Karlsruhes berühmteste Orte mit einem Augenzwinkern: Schloß, Marktplatz oder der Botanische Garten - alles begleitet von den professionellen Stadtführern Bettina und Marc, die dich während des Rundgangs garantiert zum Lachen bringen.Die Stadtführung beginnt mit einem Apero (im Preis inklusive).Auch andere zusätzliche Termine jederzeit möglich.Preis: 25,- EuroAnmeldung erforderlich unter: Marc.Fischer1@web.de oder Telefon mobil:01702935072Info.Tel.: 0721/91679888 - 0170/2935072Internet: www.stadtfuehrungen-karlsruhe.de",https://kalender.karlsruhe.de/db/termine/stadtleben/comedy_stadtfuhrung_mit_apero-1
Zeitreise - Vom Urknall zum Menschen,2025-08-24T17:00:00,PLANET KA Planetarium Karlsruhe,"Alter Schlachthof 4, 76131 Karlsruhe",49.0039151,8.4304661,"Wie war das mit dem Urknall? Woher kommen die Sterne und Planeten? Was hat sich auf der Erde abgespielt?Auf einer Zeitreise vom Beginn des Universums bis heute werden Sie Zeuge von der Geburt der ersten Sterne und der Entstehung der Milchstraße. Sie erleben gewaltige Sternexplosionen, katastrophale Kometeneinschläge auf der Ur-Erde und die Entwicklung des Lebens.Um die dabei auftretenden unvorstellbar großen Zeiträume besser zu begreifen, denken wir uns die kosmische Geschichte auf die Länge eines Jahres verkürzt. Das Universum wäre demnach am 1. Januar entstanden und ein Tag entspräche 40 Millionen Jahren in der Wirklichkeit. Das Aussterben der Dinosaurier vor 65 Millionen „realen“ Jahren fiele auf den 30. Dezember des kosmischen Jahres und unsere heutige Zeit, in der wir das Weltall mit Teleskopen erforschen, auf den 31. Dezember kurz vor Mitternacht. Kommen Sie mit auf eine Reise durch rund 14 Milliarden Jahre Weltgeschichte!Eine Produktion zehn deutscher Planetarien, unter anderem des Planetariums Mannheim, und unter Federführung des LWL-Planetariums MünsterDauer der Veranstaltung: ca. 75 MinutenFür Erwachsene und Kinder ab 10 JahrenEinlass: ab ca. 30 Min. vor Beginn.Bitte beachten: Kein Nacheinlass möglich! Bitte seien Sie pünktlich.Ungenutzte Tickets verfallen ersatzlos.",https://kalender.karlsruhe.de/db/termine/wirtschaft/zeitreise_vom_urknall_zum_menschen-20
Ein Sternbild für Flappi,2025-08-24T15:00:00,PLANET KA Planetarium Karlsruhe,"Alter Schlachthof 4, 76131 Karlsruhe",49.0039151,8.4304661,"Kinder- & Familienprogramm:""Ein Sternbild für Flappi""für Kinder ab 4 Jahren und die ganze FamilieFlappi ist anders als die meisten Fledermäuse. Das bekommt sie schon in ihrer Familie zu hören. Es fängt damit an, dass sie nicht wie “anständige Fledermäuse” über Kopf hängend schläft, sondern aufrecht…Vielleicht bringt sie das dazu, dass sie nachts die “Glühwürmchen” am Himmel entdeckt, die aber so weit entfernt sind, dass man sie nicht fangen kann. Ob sie wohl schmecken? – Dass sie “Sterne” heißen, und keine Glühwürmchen sind, erfährt sie von Skybat, der Himmelsfledermaus, die extra vom Mond herabkommt, um der kleinen Flappi auf die Sprünge zu helfen und ihr schon mal ein paar der wichtigsten Sternbilder beizubringen.Ein Sternbild Fledermaus ist jedoch nicht darunter. Es sind bislang alles nur Sternbilder der Menschen.Also macht sie sich selbst auf die Suche durch die Nacht...Ein Plädoyer für Eigensinn und Fantasie.Dauer: gut 1 Stunde. Empfohlen ab 4 Jahren.Einlass: ab ca. 30 Min. vor Beginn.Bitte beachten: Kein Nacheinlass! Bitte seien Sie pünktlich vor Ort.Ungenutzte Tickets verfallen ersatzlos.",https://kalender.karlsruhe.de/db/termine/literatur/ein_sternbild_fur_flappi-24
Dinosaurier - die Geschichte des Überlebens,2025-08-24T13:30:00,PLANET KA Planetarium Karlsruhe,"Alter Schlachthof 4, 76131 Karlsruhe",49.0039151,8.4304661,"Wie fast alle Kinder ist Celeste von Dinosauriern fasziniert. Gerade bereitet sie für ihre Klasse einen Vortrag darüber vor, wie die Dinosaurier ausgestorben sind. Da stellt „Mond“, eine weise und magische Figur, eine verlockende Frage: „Was wäre, wenn ich dir sagen würde, dass es noch Dinosaurier unter uns gibt?“Celeste begibt sich mit „Mond“ auf eine Reise durch die Zeit. Dabei erleben sie ein aufregendes Abenteuer, bei dem sie die Erde sehen, wie sie in der fernen Vergangenheit war.Welche faszinierenden Veränderungen machten diese Tiere im Laufe der Jahrmillionen durch? Wie entwickelten sie sich zu riesigen Kreaturen und erschreckenden Raubtieren? Was geschah an dem Tag, an dem ein katastrophaler Einschlag eines Asteroiden ein Massenaussterben auf der Erde verursachte?Doch es ist noch nicht alles verloren. Celeste wird den Schlüssel zum Überleben der Dinosaurier entdecken...Produziert von Render AreaZur Einleitung präsentieren wir live den aktuellen Sternenhimmel über Karlsruhe.Dauer ca. 60 MinutenFür Kinder ab 7 JahrenEinlass ab ca. 30 Min. vor Beginn.Bitte beachten: Kein Nacheinlass!Ungenutzte Tickets verfallen ersatzlos.",https://kalender.karlsruhe.de/db/termine/wirtschaft/dinosaurier_die_geschichte_des_uberlebens-21
Der Regenbogenfisch,2025-08-24T11:30:00,PLANET KA Planetarium Karlsruhe,"Alter Schlachthof 4, 76131 Karlsruhe",49.0039151,8.4304661,"Im Kinder- & Familienprogramm:Der Regenbogenfisch und seine FreundeDer Regenbogenfisch ist der schönste Fisch im weiten Ozean. Sein Schuppenkleid schimmert in allen Farben des Regenbogens: Rot, Orange, Gelb, Grün, Blau, Indigo und Violett. Eines Tages verliert er seine Glitzerschuppe. Um sie wiederzufinden, taucht ab in das tiefe Meer. Dort findet er neue Freunde, die ihm helfen, seine Glitzerschuppe wiederzubekommen.Wir laden Euch ein, gemeinsam mit dem Regenbogenfisch in die Tiefsee zu tauchen. Dabei lernt ihr, wie die Farben im Regenbogen entstehen, und wie man die Fische sogar am Sternhimmel findet..Eine Kuppelproduktion nach den Büchern von Marcus Pfister, erschienen im NordSüd-Verlag.Nach den Büchern „Der Regenbogenfisch stiftet Frieden“ und „Der Regenbogenfisch entdeckt die Tiefsee“, erschienen im NordSüd-Verlag.Dauer: ca. 1 Stunde.Empfohlen für Kinder ab 4 Jahren.Einlass ab ca. 30 Minuten vor BeginnBitte beachten: Kein Nacheinlass! Bitte seien Sie pünktlich vor Ort.Ungenutzte Tickets verfallen ersatzlos.",https://kalender.karlsruhe.de/db/termine/literatur/der_regenbogenfisch-26
Zeitreise - Vom Urknall zum Menschen,2025-08-23T19:00:00,PLANET KA Planetarium Karlsruhe,"Alter Schlachthof 4, 76131 Karlsruhe",49.0039151,8.4304661,"Wie war das mit dem Urknall? Woher kommen die Sterne und Planeten? Was hat sich auf der Erde abgespielt?Auf einer Zeitreise vom Beginn des Universums bis heute werden Sie Zeuge von der Geburt der ersten Sterne und der Entstehung der Milchstraße. Sie erleben gewaltige Sternexplosionen, katastrophale Kometeneinschläge auf der Ur-Erde und die Entwicklung des Lebens.Um die dabei auftretenden unvorstellbar großen Zeiträume besser zu begreifen, denken wir uns die kosmische Geschichte auf die Länge eines Jahres verkürzt. Das Universum wäre demnach am 1. Januar entstanden und ein Tag entspräche 40 Millionen Jahren in der Wirklichkeit. Das Aussterben der Dinosaurier vor 65 Millionen „realen“ Jahren fiele auf den 30. Dezember des kosmischen Jahres und unsere heutige Zeit, in der wir das Weltall mit Teleskopen erforschen, auf den 31. Dezember kurz vor Mitternacht. Kommen Sie mit auf eine Reise durch rund 14 Milliarden Jahre Weltgeschichte!Eine Produktion zehn deutscher Planetarien, unter anderem des Planetariums Mannheim, und unter Federführung des LWL-Planetariums MünsterDauer der Veranstaltung: ca. 75 MinutenFür Erwachsene und Kinder ab 10 JahrenEinlass: ab ca. 30 Min. vor Beginn.Bitte beachten: Kein Nacheinlass möglich! Bitte seien Sie pünktlich.Ungenutzte Tickets verfallen ersatzlos.",https://kalender.karlsruhe.de/db/termine/wirtschaft/zeitreise_vom_urknall_zum_menschen-19
Aurora - Wunder des Nordlichts,2025-08-23T17:00:00,PLANET KA Planetarium Karlsruhe,"Alter Schlachthof 4, 76131 Karlsruhe",49.0039151,8.4304661,"Das Polarlicht gehört zu den wunderbarsten Naturerscheinungen, die man erleben kann: als Nordlicht („Aurora Borealis“) im hohen Norden und als Südlicht („Aurora Australis“) im tiefen Süden.Dem koreanischen Astrophotographen Kwon O Chul gelang es weltweit zum ersten Mal, diese Leuchterscheinung in ihren vielen Facetten aufzunehmen. In Echtzeit und 4K-Auflösung offenbart die ultra-hochempfindliche Kameratechnik die Schönheit und Vielfalt des Polarlichts – ein grandioser Tanz der Formen und Farben im „Rundum-Format“ an der Sternenkuppel des Planetariums!Originalaufnahmen von Bord der Internationalen Raumstation ISS und naturgetreue Computer-Visualisierungen bringen uns Legenden und die wissenschaftliche Untersuchung der Polarlichter näher.Eine Produktion von Kwon O ChulZur Einleitung präsentieren wir live den aktuellen Sternenhimmel über Karlsruhe.Dauer ca. 60 MinutenFür Erwachsene und Kinder ab 10 JahreEinlass: ab ca. 30 Min. vor Beginn.Bitte beachten: Kein Nacheinlass!Ungenutzte Tickets verfallen ersatzlos.",https://kalender.karlsruhe.de/db/termine/wirtschaft/aurora_wunder_des_nordlichts-15
Captain Schnuppes Weltraumreise,2025-08-23T15:00:00,PLANET KA Planetarium Karlsruhe,"Alter Schlachthof 4, 76131 Karlsruhe",49.0039151,8.4304661,"Kinder- & Familienprogramm:Abenteuer für Kinder mit Illustrationen von Jochen Stuhrmann„Sicherheitsgurte schließen, Erklärungsmodul starten, Triebwerke zünden - keiner ist so schnell wie wir!“Es geht es auf rasante Weltraumreise! Der gutmütige hundeartige Captain Schnuppe besucht mit seinem hyperintelligenten Raumschiff Argo die Planeten unseres Sonnensystems. Begleitet wird er dabei von Sergeant Tuk, der die zwei, durch seine tollpatschige Art, immer wieder in Schwierigkeiten bringt.Das Programm ist eine Produktion der Volkssternwarte Laupheim e.V.Für die Erarbeitung der Geschichte ist es uns gelungen, den Kinderbuchautor Martin Klein zu gewinnen, der bekannte Illustrator Jochen Stuhrmann zeichnete dazu die Figuren.Zu Beginn präsentieren wir live den aktuellen Sternenhimmel über Karlsruhe.Dauer: ca. 1 Stunde. Empfohlen ab 7 Jahren.Einlass: ab 25 Min. vor Beginn.Bitte beachten: Kein Nacheinlass! Bitte seien Sie pünktlich vor Ort.Ungenutzte Tickets verfallen ersatzlos.",https://kalender.karlsruhe.de/db/termine/literatur/captain_schnuppes_weltraumreise-15
Lars - der kleine Eisbär,2025-08-23T13:30:00,PLANET KA Planetarium Karlsruhe,"Alter Schlachthof 4, 76131 Karlsruhe",49.0039151,8.4304661,"Lars - der kleine EisbärIn dem spannenden Abenteuer „Kleiner Eisbär in der Walbucht“ von Hans de Beer rettet der kleine Eisbär Lars die Wale vor den Walfängern und aus einer großen Not, in die sie durch das Abschmelzen eines Gletschers geraten sind.Anschließend erfahrt ihr, wie die Eisbären wirklich leben und was ihre Heimat bedroht.Dauer: ca. 1 Stunde. Empfohlen für Kinder von 4 bis 7 Jahren.Einlass: ab 25 Min. vor Beginn.Bitte beachten: Kein Nacheinlass! Bitte seien Sie pünktlich vor Ort.Ungenutzte Tickets verfallen ersatzlos.",https://kalender.karlsruhe.de/db/termine/literatur/lars_der_kleine_eisbar-21
Dinosaurier - die Geschichte des Überlebens,2025-08-23T11:30:00,PLANET KA Planetarium Karlsruhe,"Alter Schlachthof 4, 76131 Karlsruhe",49.0039151,8.4304661,"Wie fast alle Kinder ist Celeste von Dinosauriern fasziniert. Gerade bereitet sie für ihre Klasse einen Vortrag darüber vor, wie die Dinosaurier ausgestorben sind. Da stellt „Mond“, eine weise und magische Figur, eine verlockende Frage: „Was wäre, wenn ich dir sagen würde, dass es noch Dinosaurier unter uns gibt?“Celeste begibt sich mit „Mond“ auf eine Reise durch die Zeit. Dabei erleben sie ein aufregendes Abenteuer, bei dem sie die Erde sehen, wie sie in der fernen Vergangenheit war.Welche faszinierenden Veränderungen machten diese Tiere im Laufe der Jahrmillionen durch? Wie entwickelten sie sich zu riesigen Kreaturen und erschreckenden Raubtieren? Was geschah an dem Tag, an dem ein katastrophaler Einschlag eines Asteroiden ein Massenaussterben auf der Erde verursachte?Doch es ist noch nicht alles verloren. Celeste wird den Schlüssel zum Überleben der Dinosaurier entdecken...Produziert von Render AreaZur Einleitung präsentieren wir live den aktuellen Sternenhimmel über Karlsruhe.Dauer ca. 60 MinutenFür Kinder ab 7 JahrenEinlass ab ca. 30 Min. vor Beginn.Bitte beachten: Kein Nacheinlass!Ungenutzte Tickets verfallen ersatzlos.",https://kalender.karlsruhe.de/db/termine/wirtschaft/dinosaurier_die_geschichte_des_uberlebens-19
Zeitreise - Vom Urknall zum Menschen,2025-08-22T19:00:00,PLANET KA Planetarium Karlsruhe,"Alter Schlachthof 4, 76131 Karlsruhe",49.0039151,8.4304661,"Wie war das mit dem Urknall? Woher kommen die Sterne und Planeten? Was hat sich auf der Erde abgespielt?Auf einer Zeitreise vom Beginn des Universums bis heute werden Sie Zeuge von der Geburt der ersten Sterne und der Entstehung der Milchstraße. Sie erleben gewaltige Sternexplosionen, katastrophale Kometeneinschläge auf der Ur-Erde und die Entwicklung des Lebens.Um die dabei auftretenden unvorstellbar großen Zeiträume besser zu begreifen, denken wir uns die kosmische Geschichte auf die Länge eines Jahres verkürzt. Das Universum wäre demnach am 1. Januar entstanden und ein Tag entspräche 40 Millionen Jahren in der Wirklichkeit. Das Aussterben der Dinosaurier vor 65 Millionen „realen“ Jahren fiele auf den 30. Dezember des kosmischen Jahres und unsere heutige Zeit, in der wir das Weltall mit Teleskopen erforschen, auf den 31. Dezember kurz vor Mitternacht. Kommen Sie mit auf eine Reise durch rund 14 Milliarden Jahre Weltgeschichte!Eine Produktion zehn deutscher Planetarien, unter anderem des Planetariums Mannheim, und unter Federführung des LWL-Planetariums MünsterDauer der Veranstaltung: ca. 75 MinutenFür Erwachsene und Kinder ab 10 JahrenEinlass: ab ca. 30 Min. vor Beginn.Bitte beachten: Kein Nacheinlass möglich! Bitte seien Sie pünktlich.Ungenutzte Tickets verfallen ersatzlos.",https://kalender.karlsruhe.de/db/termine/wirtschaft/zeitreise_vom_urknall_zum_menschen-18
Die SONNE - unser lebendiger Stern,2025-08-22T17:00:00,PLANET KA Planetarium Karlsruhe,"Alter Schlachthof 4, 76131 Karlsruhe",49.0039151,8.4304661,"Die SONNE - unser lebendiger SternDie Sonne scheint schon seit viereinhalb Milliarden Jahren auf unsere Erde und erwärmt sie inmitten eines unbarmherzig kalten Weltraums. Sie ist unser nächster Stern und das Kraftwerk unseres Planeten, die Quelle der Energie, die Wind und Wetter und alles Leben antreibt.Der Lauf der Sonnenscheibe über den Himmel - Tag für Tag, Monat für Monat - war für unzählige frühere Zivilisationen die einzige Möglichkeit, die Zeit zu messen.Die Sonne hat es in sich: Obwohl die Sonne ein typischer Zwergstern ist, verbraucht sie jede Sekunde 600 Millionen Tonnen Wasserstoff und ist 500 Mal so massiv wie alle Planeten zusammen.Entdecken Sie die Geheimnisse unseres Sterns in dieser Planetariumsshow und erleben Sie nie zuvor gesehene Bilder der gewaltigen Oberfläche der Sonne in einem beeindruckenden Fulldome-Format und lernen Sie den wichtigsten Stern Ihres Lebens besser kennen!Dauer der Veranstaltung: ca. 60 MinutenAb 10 JahrenEinlass: jeweils ab ca. 30 Min. vor Beginn.Bitte beachten: Kein Nacheinlass möglich!Ungenutzte Tickets verfallen ersatzlos.",https://kalender.karlsruhe.de/db/termine/wirtschaft/die_sonne_unser_lebendiger_stern-25
Aurora - Wunder des Nordlichts,2025-08-21T17:00:00,PLANET KA Planetarium Karlsruhe,"Alter Schlachthof 4, 76131 Karlsruhe",49.0039151,8.4304661,"Das Polarlicht gehört zu den wunderbarsten Naturerscheinungen, die man erleben kann: als Nordlicht („Aurora Borealis“) im hohen Norden und als Südlicht („Aurora Australis“) im tiefen Süden.Dem koreanischen Astrophotographen Kwon O Chul gelang es weltweit zum ersten Mal, diese Leuchterscheinung in ihren vielen Facetten aufzunehmen. In Echtzeit und 4K-Auflösung offenbart die ultra-hochempfindliche Kameratechnik die Schönheit und Vielfalt des Polarlichts – ein grandioser Tanz der Formen und Farben im „Rundum-Format“ an der Sternenkuppel des Planetariums!Originalaufnahmen von Bord der Internationalen Raumstation ISS und naturgetreue Computer-Visualisierungen bringen uns Legenden und die wissenschaftliche Untersuchung der Polarlichter näher.Eine Produktion von Kwon O ChulZur Einleitung präsentieren wir live den aktuellen Sternenhimmel über Karlsruhe.Dauer ca. 60 MinutenFür Erwachsene und Kinder ab 10 JahreEinlass: ab ca. 30 Min. vor Beginn.Bitte beachten: Kein Nacheinlass!Ungenutzte Tickets verfallen ersatzlos.",https://kalender.karlsruhe.de/db/termine/wirtschaft/aurora_wunder_des_nordlichts-14
Lars - der kleine Eisbär,2025-08-21T15:00:00,PLANET KA Planetarium Karlsruhe,"Alter Schlachthof 4, 76131 Karlsruhe",49.0039151,8.4304661,"Lars - der kleine EisbärIn dem spannenden Abenteuer „Kleiner Eisbär in der Walbucht“ von Hans de Beer rettet der kleine Eisbär Lars die Wale vor den Walfängern und aus einer großen Not, in die sie durch das Abschmelzen eines Gletschers geraten sind.Anschließend erfahrt ihr, wie die Eisbären wirklich leben und was ihre Heimat bedroht.Dauer: ca. 1 Stunde. Empfohlen für Kinder von 4 bis 7 Jahren.Einlass: ab 25 Min. vor Beginn.Bitte beachten: Kein Nacheinlass! Bitte seien Sie pünktlich vor Ort.Ungenutzte Tickets verfallen ersatzlos.",https://kalender.karlsruhe.de/db/termine/literatur/lars_der_kleine_eisbar-20
Der Karlsruher Hauptfriedhof und das Thema Nachhaltigkeit,2025-08-20T17:00:00,Brunnen vor dem Haupteingang des Hauptfriedhofs,"Haid-und-Neu-Straße 33, 76131 Karlsruhe",49.0140985,8.4301694,"Stadtführungen einmal anders - spannend, informativ und immer überraschend! Die Führungen von stattreisen Karlsruhe 
e.V. ermöglichen neue 
Einblicke in Geschichte und Architektur, in das Alltagsleben früherer Zeiten - und in verborgene Ecken und Winkel
der Stadt, die Einheimische und Gäste der Stadt gleichermaßen faszinieren.Anmeldung und Informationen zur Teilnahmegebühr auf der Website!",https://kalender.karlsruhe.de/db/termine/stadtleben/der_karlsruher_hauptfriedhof_und_das-2
Comedy Stadtführung mit Apero,2025-08-20T17:00:00,City Tour durch Karlsruhe,,,,"Die lustige Stadtführung durch KarlsruheEntdecke Karlsruhes berühmteste Orte mit einem Augenzwinkern: Schloß, Marktplatz oder der Botanische Garten - alles begleitet von den professionellen Stadtführern Bettina und Marc, die dich während des Rundgangs garantiert zum Lachen bringen.Die Stadtführung beginnt mit einem Apero (im Preis inklusive).Auch andere zusätzliche Termine jederzeit möglich.Preis: 25,- EuroAnmeldung erforderlich unter: Marc.Fischer1@web.de oder Telefon mobil:01702935072Info.Tel.: 0721/91679888 - 0170/2935072Internet: www.stadtfuehrungen-karlsruhe.de",https://kalender.karlsruhe.de/db/termine/stadtleben/comedy_stadtfuhrung_mit_apero
Im Namen des Volkes - Karlsruhe hat gesprochen,2025-08-17T14:00:00,Schlossplatz - Karl-Friedrich-Denkmal,"Schlossplatz, 76133 Karlsruhe",49.0122214,8.40416,"Stadtführungen einmal anders - spannend, informativ und immer überraschend! Die Führungen von stattreisen Karlsruhe 
e.V. ermöglichen neue 
Einblicke in Geschichte und Architektur, in das Alltagsleben früherer Zeiten - und in verborgene Ecken und Winkel
der Stadt, die Einheimische und Gäste der Stadt gleichermaßen faszinieren.Anmeldung und Informationen zur Teilnahmegebühr auf der Website!",https://kalender.karlsruhe.de/db/termine/stadtleben/im_namen_des_volkes_karlsruhe_hat_gesprochen-11
Streetart in Karlsruhe - Route C (per Rad),2025-08-17T11:00:00,"vor dem Eingang des Kulturzentrums ""Tollhaus""","Alter Schlachthof 35, 76131 Karlsruhe",49.0044252,8.4317094,"Stadtführungen einmal anders - spannend, informativ und immer überraschend! Die Führungen von stattreisen Karlsruhe 
e.V. ermöglichen neue 
Einblicke in Geschichte und Architektur, in das Alltagsleben früherer Zeiten - und in verborgene Ecken und Winkel
der Stadt, die Einheimische und Gäste der Stadt gleichermaßen faszinieren.Anmeldung und Informationen zur Teilnahmegebühr auf der Website!",https://kalender.karlsruhe.de/db/termine/stadtleben/streetart_in_karlsruhe_route_c_per_rad-1
Hinterhöfe in der Südweststadt,2025-08-16T14:00:00,Hofeinfahrt zur Seniorenresidenz Acabelle de Fleur neben dem Haus Leopoldstraße 49,"Leopoldstraße 49, 76133 Karlsruhe",49.0048106,8.3894255,"Stadtführungen einmal anders - spannend, informativ und immer überraschend! Die Führungen von stattreisen Karlsruhe 
e.V. ermöglichen neue 
Einblicke in Geschichte und Architektur, in das Alltagsleben früherer Zeiten - und in verborgene Ecken und Winkel
der Stadt, die Einheimische und Gäste der Stadt gleichermaßen faszinieren.Anmeldung und Informationen zur Teilnahmegebühr auf der Website!",https://kalender.karlsruhe.de/db/termine/stadtleben/hinterhofe_in_der_sudweststadt-9
Comedy Stadtführung,2025-08-16T14:00:00,City Tour durch Karlsruhe,,,,"Die lustige Stadtführung durch KarlsruheEntdecke Karlsruhes berühmteste Orte mit einem Augenzwinkern: Schloß, Marktplatz oder der Botanische Garten - alles begleitet von professionellen Stadtführern, die dich während des Rundgangs garantiert zum Lachen bringen.Anmeldung erforderlich unter: Marc.Fischer@boservic.org oder Telefon mobil:01702935072Preise:Erwachsene: Euro 15,00Kinder und Jugendliche 6-14 Jahre: freiInfoTel.: 0721/91679888Internet: www.stadtfuehrungen-karlsruhe.de",https://kalender.karlsruhe.de/db/termine/stadtleben/comedy_stadtfuhrung
Groove del Sol,2025-08-15T19:00:00,"Altes Stadion, KIT Campus Süd","Engesserstraße 17, 76131 Karlsruhe",49.011175,8.4146076,"Groove del Sol im AKK.Lia Jmacht Latin-RnB mit Neo-Soul-Schmelz und funky Tiefgang,Feintonfilterschicken dich mit Pop-Grooves und Trompete in den Tanzmodus undPapertrailsbringen rohe Indie-Rock-Energie aufs Parkett. Tanzen statt Büffeln!",https://kalender.karlsruhe.de/db/termine/musik/groove_del_sol
Checkpoint Karlsruhe | 26.08.2025,2025-08-26T18:30:00,AIDS-Hilfe Karlsruhe e.V. - Zentrum für sexuelle Gesundheit,"Sophienstraße 102, 76135 Karlsruhe",49.0080257,8.3825952,"Jeden Dienstagabend von 18:30 - 20:00 Uhr können Sie sich in unserem Checkpoint auf HIVund andere sexuell übertragbare Infektionen (STI)testen lassen.Testung nur mit telefonischer Anmeldung unter 0721 / 35 48 16 0Hinweis: Bei Symptomen (z.B. Juckreiz, Ausfluss) bitte direkt in ärztliche Behandlung begeben. Wir sind KEINE ärztliche Einrichtung!Der Zugang ist barrierefrei!ZeSIA Karlsruhe | Sophienstraße 102, 76135 KarlsruheWeitere Infos unter: www.zesia-ka.de",https://kalender.karlsruhe.de/db/termine/checkpoint_karlsruhe26082025n
Workshop (8-10 Jahre): Vögel – einheimische Arten kennenlernen,2025-08-26T15:00:00,Staatliches Museum für Naturkunde Karlsruhe,"Erbprinzenstraße 13, 76133 Karlsruhe",49.0069855,8.4001442,"für 8- bis 10-JährigeDauer: 1 ½ Std.Kosten inkl. Eintritt und MaterialAnmeldung online ab 18. Juni möglichim Rahmen des Projekts ""Artenkenntnis für alle. Die Karlsruher Taxonomie-Initiative""für drei Jahre gefördert durch die Stiftung Naturschutzfonds und die Privatlotterie Glücksspirale",https://kalender.karlsruhe.de/db/termine/ausstellungen/workshop_8_10_jahre_vogel_einheimische
Sprechstunde: Einfach digital!,2025-08-26T10:00:00,Stadtbibliothek Karlsruhe - Stadtbibliothek im Neuen Ständehaus,"Ständehausstraße 2, 76133 Karlsruhe",49.0089211,8.4003588,"Sie haben Fragen zu Ihrem Smartphone oder einer App? Ihr Tablet 
bereitet Ihnen Kopfzerbrechen? Das neue Update will einfach nicht 
funktionieren? In eineroffenen Sprechstunde jeden Dienstaghilft ein*e 
Mitarbeiter*in der Stadtbibliothek bei Problemenrund um Ihre digitalen 
Endgeräte(Smartphone, Tablet oder Laptop) und deren Nutzung.Bei Fragen zu unserer 
Online-Bibliothek ""Onleihe"" oder der Nutzung von E-Book-Readern besuchen
 Sie bitte unsere Onleihe-Sprechstunde jeden Mittwoch und Donnerstag.Zielgruppe:alle Menschen mit Fragen rund ums SmartphoneAnmeldung:ohne AnmeldungEintritt:kostenfreiOrt:Stadtbibliothek im Neuen Ständehaus, Infotheke im 1. OG",https://kalender.karlsruhe.de/db/termine/literatur/sprechstunde_einfach_digital-33
Klangkaleidoskop,2025-08-25T19:30:00,Ev. Stadtkirche Karlsruhe,"Marktplatz, 76133 Karlsruhe",49.0089483,8.4038789,"Die begehbare Kunstinstallation „STELLAR SANCTUARY“ von Maxin10sity ist vom 14.8. bis 14.9.2025 täglich von 20.30 (August) bzw. 19.30 (Sepember) bis 22.30 Uhr in der Ev. Stadtkirche Karlsruhe zu erleben (nicht am 17.8.).Jeden Montag gibt es dazu mit KLANGKALEIDOSKOP ein besonderes musikalisches Begleitprogramm:Montag, 18. August 2025, 19.30 UhrKLANGKALEIDOSKOP 1duo in progressLeslie Thomé, Flöte & AltflöteFrank Thomé, Marimba, Vibraophon, Handpans, Kalimba, AquaphonArchaische Klänge – Flöte und Trommel im DialogMontag, 25. August 2025, 19.30 UhrKLANGKALEIDOSKOP 2Cheng Hongyu, GuqinRainer Granzin, KlavierChinesische Guqin-Tradition und jazzige Klavierklänge begegnen sichMontag, 1. September 2025, 18.30 UhrKLANGKALEIDOSKOP 3Peter Lehel, Saxophon soloEin Saxophon, ein Atem erfüllt den Kirchenraum mit Schwingung, Tönen und MusikMontag, 8. September 2025, 18.30 UhrKLANGKALEIDOSKOP 4Die LiBellenAnna Toró, Flöte I Eveline Dittmer, ViolineCarola Herz, Saxophon I Erina Beutelspacher, PianoEintritt frei, um Spenden wird gebeten",https://kalender.karlsruhe.de/db/termine/musik/klangkaleidoskop-1
"Das gibt's doch gar nicht, oder doch?",2025-08-24T14:00:00,Schlossplatz - Karl-Friedrich-Denkmal,"Schlossplatz, 76133 Karlsruhe",49.0122214,8.40416,"Stadtführungen einmal anders - spannend, informativ und immer überraschend! Die Führungen von stattreisen Karlsruhe 
e.V. ermöglichen neue 
Einblicke in Geschichte und Architektur, in das Alltagsleben früherer Zeiten - und in verborgene Ecken und Winkel
der Stadt, die Einheimische und Gäste der Stadt gleichermaßen faszinieren.Anmeldung und Informationen zur Teilnahmegebühr auf der Website!",https://kalender.karlsruhe.de/db/termine/stadtleben/das_gibts_doch_gar_nicht_oder_doch-11
Das Musikerviertel rund um den Richard-Wagner-Platz,2025-08-24T11:00:00,Am Siegfriedbrunnen,"Richard-Wagner-Platz, 76185 Karlsruhe",49.012473,8.3708578,"Stadtführungen einmal anders - spannend, informativ und immer überraschend! Die Führungen von stattreisen Karlsruhe 
e.V. ermöglichen neue 
Einblicke in Geschichte und Architektur, in das Alltagsleben früherer Zeiten - und in verborgene Ecken und Winkel
der Stadt, die Einheimische und Gäste der Stadt gleichermaßen faszinieren.Anmeldung und Informationen zur Teilnahmegebühr auf der Website!",https://kalender.karlsruhe.de/db/termine/stadtleben/das_musikerviertel_rund_um_den_richard_wagner_platz
Zauberhafte Aktenwelt,2025-08-23T20:00:00,Theater in der Orgelfabrik,"Amthausstraße 19, 76227 Karlsruhe",48.9978802,8.4712406,"„Zauberhafte Aktenwelt“, ein Theaterstück, das ein zeitloser Spiegel unserer modernen Arbeitswelt ist. Wir nehmen Sie mit in eine absurde Welt, die uns erschreckend vertraut vorkommt – und das macht sie umso grotesker. Wenn Sie einen Abend verbringen wollen, der Sie gleichzeitig zum Lachen und Verzweifeln bringt: Voilà, hier ist er.",https://kalender.karlsruhe.de/db/termine/theater/zauberhafte_aktenwelt-5
Hinterhofidylle in der Innenstadt-West,2025-08-23T14:00:00,Eingang Karl Apotheke in der Karlstr. 18 (hinter Postgalerie),,,,"Stadtführungen einmal anders - spannend, informativ und immer überraschend! Die Führungen von stattreisen Karlsruhe 
e.V. ermöglichen neue 
Einblicke in Geschichte und Architektur, in das Alltagsleben früherer Zeiten - und in verborgene Ecken und Winkel
der Stadt, die Einheimische und Gäste der Stadt gleichermaßen faszinieren.Anmeldung und Informationen zur Teilnahmegebühr auf der Website!",https://kalender.karlsruhe.de/db/termine/stadtleben/hinterhofidylle_in_der_innenstadt_west-15
Zauberhafte Aktenwelt,2025-08-22T20:00:00,Theater in der Orgelfabrik,"Amthausstraße 19, 76227 Karlsruhe",48.9978802,8.4712406,"„Zauberhafte Aktenwelt“, ein Theaterstück, das ein zeitloser Spiegel unserer modernen Arbeitswelt ist. Wir nehmen Sie mit in eine absurde Welt, die uns erschreckend vertraut vorkommt – und das macht sie umso grotesker. Wenn Sie einen Abend verbringen wollen, der Sie gleichzeitig zum Lachen und Verzweifeln bringt: Voilà, hier ist er.",https://kalender.karlsruhe.de/db/termine/theater/zauberhafte_aktenwelt-4
"Rund um den Scheffelplatz (Route 1) - Liebe, Kunst, Millionenviertel",2025-08-22T17:00:00,vor dem Scheffeldenkmal,"Scheffelplatz, 76133 Karlsruhe",49.0130962,8.3899932,"Stadtführungen einmal anders - spannend, informativ und immer überraschend! Die Führungen von stattreisen Karlsruhe 
e.V. ermöglichen neue 
Einblicke in Geschichte und Architektur, in das Alltagsleben früherer Zeiten - und in verborgene Ecken und Winkel
der Stadt, die Einheimische und Gäste der Stadt gleichermaßen faszinieren.Anmeldung und Informationen zur Teilnahmegebühr auf der Website!",https://kalender.karlsruhe.de/db/termine/stadtleben/rund_um_den_scheffelplatz_route_1_liebe
Zauberhafte Aktenwelt,2025-08-21T20:00:00,Theater in der Orgelfabrik,"Amthausstraße 19, 76227 Karlsruhe",48.9978802,8.4712406,"„Zauberhafte Aktenwelt“, ein Theaterstück, das ein zeitloser Spiegel unserer modernen Arbeitswelt ist. Wir nehmen Sie mit in eine absurde Welt, die uns erschreckend vertraut vorkommt – und das macht sie umso grotesker. Wenn Sie einen Abend verbringen wollen, der Sie gleichzeitig zum Lachen und Verzweifeln bringt: Voilà, hier ist er.",https://kalender.karlsruhe.de/db/termine/theater/zauberhafte_aktenwelt-3
Eichamt Karlsruhe,2025-08-21T14:00:00,vor der Gartenpforte des Eichamts,"Stephanienstraße 51, 76133 Karlsruhe",49.0112971,8.3926929,"Stadtführungen einmal anders - spannend, informativ und immer überraschend! Die Führungen von stattreisen Karlsruhe 
e.V. ermöglichen neue 
Einblicke in Geschichte und Architektur, in das Alltagsleben früherer Zeiten - und in verborgene Ecken und Winkel
der Stadt, die Einheimische und Gäste der Stadt gleichermaßen faszinieren.Anmeldung und Informationen zur Teilnahmegebühr auf der Website!",https://kalender.karlsruhe.de/db/termine/stadtleben/eichamt_karlsruhe
Mittwochsreihe - In der Welt der Musik,2025-08-20T20:00:00,Theater in der Orgelfabrik,"Amthausstraße 19, 76227 Karlsruhe",48.9978802,8.4712406,"Hildegard von Bingen, eine Visionärin und Komponistin des Mittelalters, die in einer von Männern dominierten Welt ihre eigene Stimme erhob – durch Musik, Heilkunst und göttliche Eingebungen.",https://kalender.karlsruhe.de/db/termine/musik/mittwochsreihe_in_der_welt_der_musik-2
Klangkaleidoskop,2025-08-18T19:30:00,Ev. Stadtkirche Karlsruhe,"Marktplatz, 76133 Karlsruhe",49.0089483,8.4038789,"Die begehbare Kunstinstallation „STELLAR SANCTUARY“ von Maxin10sity ist vom 14.8. bis 14.9.2025 täglich von 20.30 (August) bzw. 19.30 (Sepember) bis 22.30 Uhr in der Ev. Stadtkirche Karlsruhe zu erleben (nicht am 17.8.).Jeden Montag gibt es dazu mit KLANGKALEIDOSKOP ein besonderes musikalisches Begleitprogramm:Montag, 18. August 2025, 19.30 UhrKLANGKALEIDOSKOP 1duo in progressLeslie Thomé, Flöte & AltflöteFrank Thomé, Marimba, Vibraophon, Handpans, Kalimba, AquaphonArchaische Klänge – Flöte und Trommel im DialogMontag, 25. August 2025, 19.30 UhrKLANGKALEIDOSKOP 2Cheng Hongyu, GuqinRainer Granzin, KlavierChinesische Guqin-Tradition und jazzige Klavierklänge begegnen sichMontag, 1. September 2025, 18.30 UhrKLANGKALEIDOSKOP 3Peter Lehel, Saxophon soloEin Saxophon, ein Atem erfüllt den Kirchenraum mit Schwingung, Tönen und MusikMontag, 8. September 2025, 18.30 UhrKLANGKALEIDOSKOP 4Die LiBellenAnna Toró, Flöte I Eveline Dittmer, ViolineCarola Herz, Saxophon I Erina Beutelspacher, PianoEintritt frei, um Spenden wird gebeten",https://kalender.karlsruhe.de/db/termine/musik/klangkaleidoskop
Zauberhafte Aktenwelt,2025-08-16T20:00:00,Theater in der Orgelfabrik,"Amthausstraße 19, 76227 Karlsruhe",48.9978802,8.4712406,"„Zauberhafte Aktenwelt“, ein Theaterstück, das ein zeitloser Spiegel unserer modernen Arbeitswelt ist. Wir nehmen Sie mit in eine absurde Welt, die uns erschreckend vertraut vorkommt – und das macht sie umso grotesker. Wenn Sie einen Abend verbringen wollen, der Sie gleichzeitig zum Lachen und Verzweifeln bringt: Voilà, hier ist er.",https://kalender.karlsruhe.de/db/termine/theater/zauberhafte_aktenwelt-2
Zauberhafte Aktenwelt,2025-08-15T20:00:00,Theater in der Orgelfabrik,"Amthausstraße 19, 76227 Karlsruhe",48.9978802,8.4712406,"„Zauberhafte Aktenwelt“, ein Theaterstück, das ein zeitloser Spiegel unserer modernen Arbeitswelt ist. Wir nehmen Sie mit in eine absurde Welt, die uns erschreckend vertraut vorkommt – und das macht sie umso grotesker. Wenn Sie einen Abend verbringen wollen, der Sie gleichzeitig zum Lachen und Verzweifeln bringt: Voilà, hier ist er.",https://kalender.karlsruhe.de/db/termine/theater/zauberhafte_aktenwelt-1
Zauberhafte Aktenwelt,2025-08-14T20:00:00,Theater in der Orgelfabrik,"Amthausstraße 19, 76227 Karlsruhe",48.9978802,8.4712406,"„Zauberhafte Aktenwelt“, ein Theaterstück, das ein zeitloser Spiegel unserer modernen Arbeitswelt ist. Wir nehmen Sie mit in eine absurde Welt, die uns erschreckend vertraut vorkommt – und das macht sie umso grotesker. Wenn Sie einen Abend verbringen wollen, der Sie gleichzeitig zum Lachen und Verzweifeln bringt: Voilà, hier ist er.",https://kalender.karlsruhe.de/db/termine/theater/zauberhafte_aktenwelt
Mittwochsreihe - In der Welt der Musik,2025-08-27T20:00:00,Theater in der Orgelfabrik,"Amthausstraße 19, 76227 Karlsruhe",48.9978802,8.4712406,"Niccolò Paganini, der „Teufelsgeiger“, verblüffte seine Zeitgenossen mit einer Virtuosität, die unheimlich schien. Seine Musik war mehr als nur Klang – sie war Magie, Ekstase, ein Spiel mit dem Unmöglichen.",https://kalender.karlsruhe.de/db/termine/musik/mittwochsreihe_in_der_welt_der_musik-3
"Wim Wenders zum 80sten: ""Das Salz der Erde"" in der Kinemathek Karlsruhe",2025-08-27T18:30:00,Kinemathek Karlsruhe e.V.,"Kaiserpassage 6, 76133 Karlsruhe",49.0106085,8.3969705,"In der Reihe KLIMA | KRISEN | UTOPIEN präsentieren Klimabündnis und Kinemathek Karlsruhe am 27.08.2025 um 18:30 Uhr „DAS SALZ DER ERDE“, ausgezeichnet 2015 mit dem César in der Kategorie Bester Dokumentarfilm und einer Oscar-Nominierung.„Ein bewegendes, monumentales Werk, das gerade auf der großen Leinwand eine ungeheure Wucht entfaltet.“ ART – DAS KUNSTMAGAZINDer Dokumentarfilm ist eine Hommage für den im Mai dieses Jahres verstorbenen Fotographen und Umweltaktivisten Sebastião Salgado. Sebastião Salgado war ein enger Freund von Wim Wenders. Vergangenes Jahr standen sie noch gemeinsam auf der Bühne der Alten Oper in Frankfurt am Main. Mit dabei war damals auch Prof. Dr. Klement Tockner, Generaldirektor der Senckenberg Gesellschaft für Naturforschung in Frankfurt am Main, den wir gemeinsam mit Dr. Hubert Höfer, Naturkundemuseum Karlsruhe, zum Gespräch nach dem Film begrüßen dürfen. Themen werden sein das Engagement von  Sebastião Salgado und seiner Stiftung ""Instituto Terra"", die aktuelle Situation indigener Völker sowie der Regenwälder und deren Bedeutung für den Klimawandel.",https://kalender.karlsruhe.de/db/termine/ausstellungen/wim_wenders_zum_80sten_das_salz_der
Sightjogging-Sportlich unterwegs durch Karlsruhe,2025-08-27T18:00:00,City Tour durch Karlsruhe,,,,"Joggst du gerne?Wie wäre es dann einmal, wenn du deine Laufroute ein wenig veränderst und in einer Gruppe Gleichgesinnter vertraute und unbekannte Ecken von Karlsruhe erläufst?Erlebe eine unvergessliche Joggingtour und statt Musik auf den Ohren gibt es bei dieser Tour einiges Amüsantes, Interessantes, Anekdoten und Fakten über die Fächerstadt Karlsruhe zu erfahren.Die ca. 1,5-stündige Joggingtour durch Karlsruhe beginnt direkt auf dem Marktplatz in Karlsruhe an der Pyramide.Preise:Erwachsene: Euro 10,00InfoTel.: 0721/91679888 oder mobil 0179/2935072Internet: www.stadtfuehrungen-karlsruhe.deAnmeldung erforderlichMindestteilnehmerzahl: 6 PersonenAuch andere Termine sind jederzeit möglichBuchbar auch exklusiv als Gruppenevent",https://kalender.karlsruhe.de/db/termine/sportveranstaltung/sightjogging_sportlich_unterwegs_durch_karlsruhe-23
Der Karlsruher Hauptbahnhof - Route 2,2025-08-27T17:00:00,"Bahnhofstraße, Ecke Bahnhofplatz",76137 Karlsruhe,49.0001389,8.4152595,"Stadtführungen einmal anders - spannend, informativ und immer überraschend! Die Führungen von stattreisen Karlsruhe 
e.V. ermöglichen neue 
Einblicke in Geschichte und Architektur, in das Alltagsleben früherer Zeiten - und in verborgene Ecken und Winkel
der Stadt, die Einheimische und Gäste der Stadt gleichermaßen faszinieren.Anmeldung und Informationen zur Teilnahmegebühr auf der Website!",https://kalender.karlsruhe.de/db/termine/stadtleben/der_karlsruher_hauptbahnhof_route2n-7
Wissen in Bildern –  die bunte Welt der Sammelalben,2025-08-27T17:00:00,Badische Landesbibliothek,"Erbprinzenstraße 15, 76133 Karlsruhe",49.0077978,8.3988823,"Wir klappen die Deckel der Vitrinen hoch 
und schauen uns die Sammelalben gemeinsam an. 
Ihre Interessen bestimmen, wofür wir uns Zeit nehmen!Treffpunkt: Ausstellungsraum der BLB",https://kalender.karlsruhe.de/db/termine/ausstellungen/wissen_in_bildern_die_bunte_welt_der_sammelalben-9
VORLESEZEIT in der Kinder- & Jugendbibliothek,2025-08-27T16:00:00,Stadtbibliothek Karlsruhe - Kinder- und Jugendbibliothek Karlsruhe im Prinz-Max-Palais,"Prinz-Max-Palais, Karlstraße 10, 76133 Karlsruhe",49.0111857,8.3947581,"""Lies mir doch was vor!""  - Diesen Wunsch vieler Kinder wollen wir gerne erfüllen und bieten für Kinder von 3 bis 5 Jahren an jedem Mittwochnachmit­tag jeweils um 16 Uhr eine Vorleserunde an.Zielgruppe:von 3 bis 5 JahrenAnmeldung:ohne AnmeldungEintritt:kostenfreiOrt:Kinder- und JugendbibliothekIllustration: AdobeStock - GoodStudio",https://kalender.karlsruhe.de/db/termine/literatur/vorlesezeit_in_der_kinder_jugendbibliothek-16
Workshop (6-7 Jahre): Vögel – einheimische Arten kennenlernen,2025-08-27T15:00:00,Staatliches Museum für Naturkunde Karlsruhe,"Erbprinzenstraße 13, 76133 Karlsruhe",49.0069855,8.4001442,"für 6- bis 7-JährigeDauer: 1 ½ Std.Kosten inkl. Eintritt und MaterialAnmeldung online ab 18. Juni möglichim Rahmen des Projekts ""Artenkenntnis für alle. Die Karlsruher Taxonomie-Initiative""für drei Jahre gefördert durch die Stiftung Naturschutzfonds und die Privatlotterie Glücksspirale",https://kalender.karlsruhe.de/db/termine/ausstellungen/workshop_6_7_jahre_vogel_einheimische-1
Kunsthäppchen „Mensch und Natur – Eine wechselhafte Verbindung“,2025-08-27T15:00:00,Städtische Galerie Karlsruhe,"Lorenzstraße 27, 76135 Karlsruhe",49.0003576,8.3834933,,https://kalender.karlsruhe.de/db/termine/ausstellungen/kunsthappchen_mensch_und_natur_eine
Insekten entdecken am Waldklassenzimmer,2025-08-27T14:30:00,Waldklassenzimmer,Kanalweg,49.0308152,8.3885978,"Was krabbelt, kriecht und fliegt auf dem Waldklassenzimmergelände umher? Heute betrachten wirsechs- und noch mehrbeinige Tiere, die auf und imBoden oder in der Vegetation leben.Referentin:Heike Rösgen, Diplom Biologin, M. Sc. Umwelt und Bildung und zertifizierte WaldpädagoginTreffpunkt:Baumhaus am WaldklassenzimmerAnmeldungbis 22. AugustKostenlose Veranstaltung - wir freuen uns über eine Spende!",https://kalender.karlsruhe.de/db/termine/stadtleben/insekten_entdecken_am_waldklassenzimmer
Stadtführung Karlsruhe,2025-08-27T14:00:00,City Tour durch Karlsruhe,,,,"Plant ihr, Karlsruhe ein wenig näher kennenzulernen? Die lebendige ehemalige Landeshauptstadt von Baden, wartet darauf, von euch entdeckt zu werden. Bei Stadtführungen in Karlsruhe könnt ihr Kultur, Sehenswürdigkeiten und Geschichte hautnah erleben. Eine geführte Tour bietet euch die Möglichkeit, die Schönheit und Vielfalt von Karlsruhe zu entdecken und euch begeistern zu lassen.Auch andere zusätzliche Termine sind jederzeit nach Rücksprache mit dem Veranstalter möglich.Treffpunkt: Direkt vor dem Rathaus der Stadt KarlsruhePreise:Erwachsene: Euro 10,00Kinder und Jugendliche 6-14 Jahre: freiInfoTel.: 0721/91679888 oder mobil 0170/2935072Internet: www.stadtfuehrungen-karlsruhe.deAnmeldung erforderlichMindestteilnehmerzahl: 6 Personen",https://kalender.karlsruhe.de/db/termine/stadtleben/stadtfuhrung_karlsruhe-210
Ferien-Entdeckertag am Waldklassenzimmer,2025-08-27T14:00:00,Waldklassenzimmer,Kanalweg,49.0308152,8.3885978,"Heute sindWaldklassenzimmer und das dazugehörende Gelände geöffnet, ohne dass wir ein spezielles Programm anbieten. Familien können heute entdecken, staunen und frei spielen. Die Nutzung des Geländes erfolgt auf eigene Gefahr und unter Wahrung der Aufsichtspflicht.Ohne Anmeldung-kostenlose Veranstaltung!",https://kalender.karlsruhe.de/db/termine/stadtleben/ferien_entdeckertag_am_waldklassenzimmer-30
Onleihe Sprechstunde,2025-08-27T10:00:00,Stadtbibliothek Karlsruhe - Stadtbibliothek im Neuen Ständehaus,"Ständehausstraße 2, 76133 Karlsruhe",49.0089211,8.4003588,"Die kostenlose Sprech­stunde richtet sich an alle Inter­es­sier­ten mitindivi­du­el­len Fragen rund um die digitale Bibliothek ""Onleihe"". Fachleute der Stadt­bi­blio­thek beant­wor­ten Fragen und zeigen die Handhabung an entspre­chen­den Lesege­rä­ten (E-Book-Reader oder Tablets). Es dürfen gerne eigene Geräte mitge­bracht werden. Eine Anmeldung ist nicht erfor­der­lich.Zielgruppe:Onleihe Nutzer*innenAnmeldung:ohne AnmeldungEintritt:kostenfreiOrt:Stadtbibliothek im Neuen Ständehaus, Infotheke im 2. OG",https://kalender.karlsruhe.de/db/termine/literatur/onleihe_sprechstunde-141
Karlsruher Lichterfest 2025,2025-08-23T15:00:00,Zoologischer Stadtgarten,"Festplatz 7, 76137 Karlsruhe",49.0017172,8.4000128,"Das traditionelleLichterfestverwandelt den Park auch dieses Jahr in ein farbenfrohes Lichtermeer – bereits zum 49. Mal! TausendeKerzen, LEDs und Lampionssorgen für eine magische Sommernacht.Das Lichterfest startet um15:00 Uhrmit einem bunten Programm für Groß und Klein.Ab 19:00 Uhr beginnt der Zoologische Stadtgarten zu leuchten. Seelöwen, bunte Leuchtkegel und ein Elefant begleiten mit ihrer Leuchtkraft die Gondoletta-Boote auf ihrer Fahrt über Schwanen- und Stadtgartensee. Ein leuchtender Pfau, ein Buddha oder ein großer Schmetterling bescheren dem Publikum ein besonderes Parkerlebnis. Vor allem eine Fahrt mit der Gondoletta ist an diesen Abenden herrlich. Vom Wasser aus können die vielen Lampions, Lichter und Leuchtfiguren eindrucksvoll bestaunt werden. Im Stadtgartensee erstrahlt zudem eine Schwanengruppe.DieGondolettaist am Freitag bis 23:00 Uhr und am Samstag bis Mitternacht in Betrieb und bietet in dieser Zeit ausschließlich „Halbe Fahrten“ (halbe Strecke) an.Zudem steht ein großes, zusätzliches gastronomisches Angebot verteilt über den Park zur Verfügung. Getränke und Speisen werden an beiden Tagen bis 23:00 Uhr ausgegeben.Das genaue Programm können Sie dem Link entnehmen.Foto: Roland Fränkle",https://kalender.karlsruhe.de/db/termine/stadtleben/karlsruher_lichterfest2025n-1
Karlsruher Lichterfest 2025,2025-08-22T15:00:00,Zoologischer Stadtgarten,"Festplatz 7, 76137 Karlsruhe",49.0017172,8.4000128,"Das traditionelleLichterfestverwandelt den Park auch dieses Jahr in ein farbenfrohes Lichtermeer – bereits zum 49. Mal! TausendeKerzen, LEDs und Lampionssorgen für eine magische Sommernacht.Das Lichterfest startet um15:00 Uhrmit einem bunten Programm für Groß und Klein.Ab 19:00 Uhr beginnt der Zoologische Stadtgarten zu leuchten. Seelöwen, bunte Leuchtkegel und ein Elefant begleiten mit ihrer Leuchtkraft die Gondoletta-Boote auf ihrer Fahrt über Schwanen- und Stadtgartensee. Ein leuchtender Pfau, ein Buddha oder ein großer Schmetterling bescheren dem Publikum ein besonderes Parkerlebnis. Vor allem eine Fahrt mit der Gondoletta ist an diesen Abenden herrlich. Vom Wasser aus können die vielen Lampions, Lichter und Leuchtfiguren eindrucksvoll bestaunt werden. Im Stadtgartensee erstrahlt zudem eine Schwanengruppe.DieGondolettaist am Freitag bis 23:00 Uhr und am Samstag bis Mitternacht in Betrieb und bietet in dieser Zeit ausschließlich „Halbe Fahrten“ (halbe Strecke) an.Zudem steht ein großes, zusätzliches gastronomisches Angebot verteilt über den Park zur Verfügung. Getränke und Speisen werden an beiden Tagen bis 23:00 Uhr ausgegeben.Das genaue Programm können Sie dem Link entnehmen.Foto: Roland Fränkle",https://kalender.karlsruhe.de/db/termine/stadtleben/karlsruher_lichterfest2025n
Onleihe Sprechstunde,2025-08-21T17:00:00,Stadtbibliothek Karlsruhe - Stadtbibliothek im Neuen Ständehaus - Sprechstunde,"Ständehausstraße 2, 76133 Karlsruhe",49.0089211,8.4003588,"Die kostenlose Sprech­stunde richtet sich an alle Inter­es­sier­ten mitindivi­du­el­len Fragen rund um die digitale Bibliothek ""Onleihe"". Fachleute der Stadt­bi­blio­thek beant­wor­ten Fragen und zeigen die Handhabung an entspre­chen­den Lesege­rä­ten (E-Book-Reader oder Tablets). Es dürfen gerne eigene Geräte mitge­bracht werden. Eine Anmeldung ist nicht erfor­der­lich.Zielgruppe:Onleihe Nutzer*innenAnmeldung:ohne AnmeldungEintritt:kostenfreiOrt:Stadtbibliothek im Neuen Ständehaus, Infotheke im 2. OG",https://kalender.karlsruhe.de/db/termine/literatur/onleihe_sprechstunde-52
"Digitale Infoveranstaltung ""wellcome - Praktische Hilfe nach der Geburt""",2025-08-20T12:00:00,Die Veranstaltung findet online statt,"Kienestraße 35, 70173 Stuttgart",,,"Wir bieten Ehrenamt mit Herz – unterstützen Sie Familien mit BabysWerden Sie wellcome-Ehrenamtliche!Bundesweit unterstützen derzeit rund 4.000 Ehrenamtliche im Rahmen des Angebots „wellcome – Praktische Hilfe nach der Geburt“ Familien mit Babys. Auch in Karlsruhe sind Ehrenamtliche für wellcome aktiv: Seit 2009 wurden schon über 550 Familien begleitet.Zur Gewinnung neuer Ehrenamtlicher initiiert wellcome Deutschland digitale Infoveranstaltungenfür alle, die sich für ein Ehrenamt zur Unterstützung von Familien interessieren: Menschen mit einem Herz für Familien und Freude am Umgang mit Kindern werden gesucht und sind höchst willkommen!Alle Informationen  zum Ehrenamt bei wellcome erhalten Sie bei der digitalen Infoveranstaltung amMittwoch, 20.08.2025, 12-13 UhrDienstag, 23.09.2025, 11-12 UhrDonnerstag, 16.10.2025, 15-16 UhrMontag, 17.11.2025, 19-20 UhrDienstag, 09.12.2025, 11-12 UhrAnmeldung aufwww.wellcome-online.de/ehrenamt-veranstaltungWenn Sie ebenfalls Familien mit Neugeborenen in Karlsruhe unterstützen möchten, freut sich die Karlsruher wellcome-Koordinatorin Claudia Brümmer über Ihren Anruf oder Ihre E-Mail.Kontakt und weitere Informationen:wellcome KarlsruheClaudia Brümmer, Paritätische Sozialdienste gGmbH KarlsruheTel. 0721 / 9 12 30 – 58E-Mail:karlsruhe@wellcome-online.deFacebook:www.facebook.com/hardtwaldzentrum",https://kalender.karlsruhe.de/db/termine/stadtleben/digitale_infoveranstaltung_wellcome
Onleihe Sprechstunde,2025-08-14T17:00:00,Stadtbibliothek Karlsruhe - Stadtbibliothek im Neuen Ständehaus - Sprechstunde,"Ständehausstraße 2, 76133 Karlsruhe",49.0089211,8.4003588,"Die kostenlose Sprech­stunde richtet sich an alle Inter­es­sier­ten mitindivi­du­el­len Fragen rund um die digitale Bibliothek ""Onleihe"". Fachleute der Stadt­bi­blio­thek beant­wor­ten Fragen und zeigen die Handhabung an entspre­chen­den Lesege­rä­ten (E-Book-Reader oder Tablets). Es dürfen gerne eigene Geräte mitge­bracht werden. Eine Anmeldung ist nicht erfor­der­lich.Zielgruppe:Onleihe Nutzer*innenAnmeldung:ohne AnmeldungEintritt:kostenfreiOrt:Stadtbibliothek im Neuen Ständehaus, Infotheke im 2. OG",https://kalender.karlsruhe.de/db/termine/literatur/onleihe_sprechstunde-51
Zauberhafte Aktenwelt,2025-08-28T20:00:00,Theater in der Orgelfabrik,"Amthausstraße 19, 76227 Karlsruhe",48.9978802,8.4712406,"„Zauberhafte Aktenwelt“, ein Theaterstück, das ein zeitloser Spiegel unserer modernen Arbeitswelt ist. Wir nehmen Sie mit in eine absurde Welt, die uns erschreckend vertraut vorkommt – und das macht sie umso grotesker. Wenn Sie einen Abend verbringen wollen, der Sie gleichzeitig zum Lachen und Verzweifeln bringt: Voilà, hier ist er.",https://kalender.karlsruhe.de/db/termine/theater/zauberhafte_aktenwelt-6
Durlacher Kultursommer 2025,2025-08-28T19:00:00,Schlossgarten Durlach,"Schlossgarten Durlach,  Durlach",48.996263,8.4748438,"Zum ersten Mal dabei die fast ausschließlich aus Durlachern bestehende stadtbekannte Uraltband mit Jazz, Dixie, Swing und Blues: Life auf der Bühne mit Wolfgang „WeWe“ Weber, Axel Hauck, Reiner Gorenflo, Hermann Meisel, Gerhard „Gaul“ Stolz und Hans Küchel am Schlagzeug.",https://kalender.karlsruhe.de/db/termine/stadtleben/durlacher_kultursommer2025n-24
Onleihe Sprechstunde,2025-08-28T17:00:00,Stadtbibliothek Karlsruhe - Stadtbibliothek im Neuen Ständehaus - Sprechstunde,"Ständehausstraße 2, 76133 Karlsruhe",49.0089211,8.4003588,"Die kostenlose Sprech­stunde richtet sich an alle Inter­es­sier­ten mitindivi­du­el­len Fragen rund um die digitale Bibliothek ""Onleihe"". Fachleute der Stadt­bi­blio­thek beant­wor­ten Fragen und zeigen die Handhabung an entspre­chen­den Lesege­rä­ten (E-Book-Reader oder Tablets). Es dürfen gerne eigene Geräte mitge­bracht werden. Eine Anmeldung ist nicht erfor­der­lich.Zielgruppe:Onleihe Nutzer*innenAnmeldung:ohne AnmeldungEintritt:kostenfreiOrt:Stadtbibliothek im Neuen Ständehaus, Infotheke im 2. OG",https://kalender.karlsruhe.de/db/termine/literatur/onleihe_sprechstunde-53
VORLESEZEIT mit Basteln in der Kinder- & Jugendbibliothek,2025-08-28T16:00:00,Stadtbibliothek Karlsruhe - Kinder- und Jugendbibliothek Karlsruhe im Prinz-Max-Palais,"Prinz-Max-Palais, Karlstraße 10, 76133 Karlsruhe",49.0111857,8.3947581,"Wir lauschen einer wunderschönen Geschichte und basteln anschließend etwas Passendes zum Thema der Geschichte, um unserer Kreativität freien Lauf zu lassen.Zielgruppe:ab 5 JahrenAnmeldung:unter Tel. 0721 / 133-4262Eintritt:kostenfreiOrt: Kinder- und JugendbibliothekIllustration: AdobeStock - GoodStudio",https://kalender.karlsruhe.de/db/termine/literatur/vorlesezeit_mit_basteln_in_der_kinder_jugendbibliothek-4
Christian Hip Hop & Heels Tanzworkshop,2025-08-28T14:00:00,Tanzschule Dance Loft by Mary,"Dieselstraße 8, 76327 Pfinztal",49.007824,8.5242328,"Heels CLASS?  & Hip-Hop Tanzen?Ein Safe Space du selbst zu sein?Spaß, Leidenschaft, Bewegung erleben ? Respektvoller Umgang?Neue Mitmenschen kennenlernen?Das erlebst du bei uns;)Kachiist eineprofessionelle Tänzerin aus Los Angeles, deren Karriere sie um die ganze Welt geführt hat - sie trat mit Künstlern wie Camila Cabello, Khalid, Rihanna, Major Lazer, Kehlani und Shakira auf,auf Bühnen wie dem Super Bowl, den GRAMMYs und auf globalen Tourneen. Außerdem lebte sie mehrere Jahre in Mexiko und der Schweiz, bevor sie nach LA zurückkehrte, wo sie weiterhin tanzt, unterrichtet und kreativ tätig ist.Obwohl ihre Tanzerfahrung jahrelangen Erfolg widerspiegelt, ist die tiefere Geschichte eine der Erlösung. Lange Zeit suchte sie ihre Bestimmung in der Performance, ohne zu wissen, dass der wahre Autor ihrer Gabe darauf wartete, erkannt zu werden. Erst später in ihrer Karriere begegnete sie der verwandelnden Liebe Jesu - und alles änderte sich. Ihre Arbeit, die einst vom Ehrgeiz getrieben war, wurzelte in der Anbetung.Jetzt ist es ihr ein Herzensanliegen, sich dem anzuschließen, was Gott in der kreativen Welt tut -eine Erweckung im Tanz, in der Musik und in der Kunst, in der Exzellenz und Salbung nicht mehr voneinander getrennt sind. Sie glaubt, dass Gott die Unterhaltungsindustrie zu seiner Ehre zurückfordert und dass Künstler nicht nur dazu berufen sind, die Kultur zu beeinflussen, sondern auch den Himmel zu reflektieren.In jedem Raum, den sie betritt, ist ihr Wunsch einfach: Seine Gegenwart zu tragen, seinen Charakter zu reflektieren und Teil der größeren Geschichte zu sein, die er durch die Kunst erzählt.Lasst euch überraschen ;)Tanzen ist mehr als Bewegung– es ist Ausdruck von Freude, Hingabe und Anbetung. Bei uns verbinden wir moderne Tanzstile mit einer christlichen Bedeutung.Wir von DLD Ministrymöchten Tänzern langfristig die Möglichkeit bieten, sich zu entfalten, Community zu schaffen, gemeinsam Raum für mehr schaffen uvm.",https://kalender.karlsruhe.de/db/termine/sportveranstaltung/christian_hip_hop_heels_tanzworkshop
Heimatstadt Karlsruhe Stadtführung,2025-08-28T14:00:00,Tourist-Information am Marktplatz,"Kaiserstraße 72-74, 76133 Karlsruhe",49.0097995,8.4041251,"Trotz seinen gerade einmal 300 Jahren blickt Karlsruhe auf eine bewegte Vergangenheit zurück. Als barocke Planstadt ein Novum seiner Zeit, hat sich die Stadt diesen Pioniergeist bis heute erhalten. Unterwegs mit unseren Stadtführern erfahren Sie alles über die Entstehung Karlsruhes und den Werdegang der Stadt zu einem wichtigen Kultur- und Innovationsstandort. Gespickt mit witzigen Anekdoten und den persönlichen Geheimtipps unserer besten Stadtkenner wird jede Führung ein besonderes Erlebnis.",https://kalender.karlsruhe.de/db/termine/stadtleben/heimatstadt_karlsruhe_stadtfuhrung-301
Exkursion: Heuschrecken in der Stadt,2025-08-28T11:00:00,Staatliches Museum für Naturkunde Karlsruhe,"Erbprinzenstraße 13, 76133 Karlsruhe",49.0069855,8.4001442,"geführte Exkursion mit Dr. Slobodan Ivkovicin Zusammenarbeit mit dem Naturschutzzentrum Karlsruhe-Rappenwört (NAZKA)Anmeldung im NAZKA unter 0721/950470 (oder unterinfo@nazka.de)Treffpunkt: Karlsruhe, Alter Flugplatz, am Eingang Lilienthalstraße (Grünabfallcontainer)Dauer: ca. 2 Std.Teilnahme freiWas sind Heuschrecken? Was ist Bioakustik? Wie viele Arten gibt es in der Umgebung von Karlsruhe? Antworten auf diese und weitere Fragen erhalten Sie bei einer Exkursion mit dem Experten Dr. Slobodan Ivkovic vom Naturkundemuseum Karlsruhe. In Baden-Württemberg gibt es mehr als 70 Heuschreckenarten. Wir schauen uns zusammen das Naturschutzgebiet des Alten Flugplatzes Karlsruhe und die Umgebung an. Hier haben Sie die Möglichkeit, einige häufig vorkommende Arten wie das Grüne Heupferd (Tettigonia viridissima), die Zweifarbige Beißschrecke (Bicolorana bicolor) und den Gemeinen Grashüpfer (Pseudochorthippus parallelus), aber auch einige seltene Arten wie die Gefleckte Keulenschrecke (Myrmeleotettix maculatus) zu beobachten.im Rahmen des Projekts ""Artenkenntnis für alle. Die Karlsruher Taxonomie-Initiative""für drei Jahre gefördert durch die Stiftung Naturschutzfonds und die Privatlotterie Glücksspirale",https://kalender.karlsruhe.de/db/termine/ausstellungen/exkursion_heuschrecken_in_der_stadt
"Fahrradführungen zu ""Media art is here""",,Stadtgebiet Karlsruhe,,,,"Die UNESCO Creative City of Media Arts Karlsruhe lädt zu kostenlosen Fahrradführungen ein, die zu den verschiedenen Stationen der AusstellungMedia art is herein der Innenstadt führen. Hierbei erfahren Sie Hintergrundinformationen und können die Mitarbeitenden, die bei des Umsetzung beteiligt waren ausfragen.Für die Teilnahme an den Führungen sind keine Vorkenntnisse nötig. Die Touren dauern jeweils etwa 1,5 – 2 Stunden, führen über eine Strecke von rund 4 Kilometern und setzten lediglich ein eigenes Fahrrad sowie ein Smartphone für zwei der Kunstwert voraus (App Download erforderlich für eines der Werke).Termine28.08 |19:00 Uhr Start: Botanischer Garten Karlsruhe, Großer Torbogen, Schlossgartenseite am gelben Pfeilschild | Ende: Marktplatz04.09 |19:00 Uhr Start: Botanischer Garten Karlsruhe, Großer Torbogen, Schlossgartenseite am gelben Pfeilschild | Ende: Marktplatz11.09 |17:00 Uhr Start: Grünstreifen mit 
Springbrunnen an der Ettlinger Straße, Höhe Novotel Karlsruhe City am 
gelben Pfeilschild | Ende: Botanischer GartenTeilnahmeDie Gruppengröße bei den Führungen ist auf maximal 15 Personen begrenzt. Die Anmeldung hierfür erfolgt bitte per E-Mail an:cityofmediaarts@kultur.karlsruhe.demit dem BetreffFahrradführungund der teilnehmenden Personenzahl.Media art is hereAuch 2025 bringt die AusstellungMedia art is hereKunst dahin, wo das Leben spielt: Auf Straßen, Plätzen und in Gärten 
begegnen Besuchende zukunftsweisenden Medienkunstwerken, die den 
öffentlichen Raum neu denken und erlebbar machen – interaktiv, 
inspirierend und kostenlos zugänglich.",https://kalender.karlsruhe.de/db/termine/ausstellungen/fahrradfuhrungen_zu_media_art_is_here
Media art is here 2025,,Stadtgebiet Karlsruhe,,,,"Auch 2025 bringt die AusstellungMedia art is hereKunst dahin, wo das Leben spielt: Auf Straßen, Plätzen und in Gärten 
begegnen Besuchende zukunftsweisenden Medienkunstwerken, die den 
öffentlichen Raum neu denken und erlebbar machen – interaktiv, 
inspirierend und kostenlos zugänglich.Gezeigt werden Werke von lokalen und internationalen Künstler*innen, die
 die Grenzen zwischen physischem und virtuellem Raum ausloten und den 
Einfluss digitaler Medien auf Gesellschaft, Identität und Nachhaltigkeit
 thematisieren. Durch ihre Platzierung mitten im urbanen Raum eröffnen 
die künstlerischen Arbeiten neue, überraschende Perspektiven und fördern
 den Austausch zwischen Kunst, Stadt und Gesellschaft.So verwandelt die Medienkunst in Karlsruhe alltägliche Räume in Orte 
neuer Wahrnehmung und hinterfragt gesellschaftliche, ökologische sowie 
physikalische Zusammenhänge direkt vor Ort. Die Ausstellung schafft 
dabei nicht nur ästhetische Erlebnisse, sondern auch neue Formen der 
Teilhabe: Viele Werke laden zur aktiven Beteiligung ein und machen 
Medienkunst für ein breites Publikum direkt erlebbar.Media art is herewird realisiert vom Kulturamt der Stadt Karlsruhe in enger Kooperation mit demZKM | Zentrum für Kunst und Medien. Teil der EventreiheKunst | Sommer | Technikdes KIT.",https://kalender.karlsruhe.de/db/termine/ausstellungen/media_art_is_here2025n
Zauberhafte Aktenwelt,2025-08-29T20:00:00,Theater in der Orgelfabrik,"Amthausstraße 19, 76227 Karlsruhe",48.9978802,8.4712406,"„Zauberhafte Aktenwelt“, ein Theaterstück, das ein zeitloser Spiegel unserer modernen Arbeitswelt ist. Wir nehmen Sie mit in eine absurde Welt, die uns erschreckend vertraut vorkommt – und das macht sie umso grotesker. Wenn Sie einen Abend verbringen wollen, der Sie gleichzeitig zum Lachen und Verzweifeln bringt: Voilà, hier ist er.",https://kalender.karlsruhe.de/db/termine/theater/zauberhafte_aktenwelt-7
Durlacher Kultursommer 2025,2025-08-29T19:00:00,Schlossgarten Durlach,"Schlossgarten Durlach,  Durlach",48.996263,8.4748438,"Ob Soul, Rock oder Pop – „The Finest“ bringen die Vielfalt der Musik live auf die Bühne. Mit Leidenschaft und Spielfreude interpretieren sie Cover-Songs, die begeistern und überraschen. Kommt mit auf eine musikalische Reise, auch mal abseits der üblichen Pfade.",https://kalender.karlsruhe.de/db/termine/stadtleben/durlacher_kultursommer2025n-25
Fledermausnacht,2025-08-29T18:30:00,Waldklassenzimmer,Kanalweg,49.0308152,8.3885978,"Im Rahmen der europäischen Batnight lernen wir diegeheimnisvollen Flattertiere genauer kennen undgehen mit einem Batdetektor „auf die Jagd“.Referentin:Heike Rösgen, Biologin und  zertifizierte Waldpädagogin, ehrenamtliche Fledermaus-SachverständigeAnmeldungbis 22. AugustKostenlose Veranstaltung - wir freuen uns über eine Spende!",https://kalender.karlsruhe.de/db/termine/stadtleben/fledermausnacht-3
Sightjogging-Sportlich unterwegs durch Karlsruhe,2025-08-29T18:00:00,City Tour durch Karlsruhe,,,,"Joggst du gerne?Wie wäre es dann einmal, wenn du deine Laufroute ein wenig veränderst und in einer Gruppe Gleichgesinnter vertraute und unbekannte Ecken von Karlsruhe erläufst?Erlebe eine unvergessliche Joggingtour und statt Musik auf den Ohren gibt es bei dieser Tour einiges Amüsantes, Interessantes, Anekdoten und Fakten über die Fächerstadt Karlsruhe zu erfahren.Die ca. 1,5-stündige Joggingtour durch Karlsruhe beginnt direkt auf dem Marktplatz in Karlsruhe an der Pyramide.Preise:Erwachsene: Euro 10,00InfoTel.: 0721/91679888 oder mobil 0179/2935072Internet: www.stadtfuehrungen-karlsruhe.deAnmeldung erforderlichMindestteilnehmerzahl: 6 PersonenAuch andere Termine sind jederzeit möglichBuchbar auch exklusiv als Gruppenevent",https://kalender.karlsruhe.de/db/termine/sportveranstaltung/sightjogging_sportlich_unterwegs_durch_karlsruhe-24
Comedy Stadtführung mit Apero,2025-08-29T17:00:00,City Tour durch Karlsruhe,,,,"Die lustige Stadtführung durch KarlsruheEntdecke Karlsruhes berühmteste Orte mit einem Augenzwinkern: Schloß, Marktplatz oder der Botanische Garten - alles begleitet von den professionellen Stadtführern Bettina und Marc, die dich während des Rundgangs garantiert zum Lachen bringen.Die Stadtführung beginnt mit einem Apero (im Preis inklusive).Auch andere zusätzliche Termine jederzeit möglich.Preis: 25,- EuroAnmeldung erforderlich unter: Marc.Fischer1@web.de oder Telefon mobil:01702935072Info.Tel.: 0721/91679888 - 0170/2935072Internet: www.stadtfuehrungen-karlsruhe.de",https://kalender.karlsruhe.de/db/termine/stadtleben/comedy_stadtfuhrung_mit_apero-2
„Update! Die Sammlung neu sichten – Szenenwechsel 3“,2025-08-29T16:00:00,Städtische Galerie Karlsruhe,"Lorenzstraße 27, 76135 Karlsruhe",49.0003576,8.3834933,,https://kalender.karlsruhe.de/db/termine/ausstellungen/update_die_sammlung_neu_sichten_szenenwechsel3n-10
Abenteuer zwischen Buchseiten Kuratorin Flora Seifried liest Euch vor!,2025-08-29T16:00:00,Städtische Galerie Karlsruhe,"Lorenzstraße 27, 76135 Karlsruhe",49.0003576,8.3834933,"Das Team der SGK liest Euch vor!Im Rahmen der Vorlesereihe für Kinder ab 4 Jahren kann inmittenvon Kunst vielen spannenden Geschichten gelauscht werden.Parallel findet eine Führung für Erwachsene durch die SonderoderSammlungsausstellung statt.Termine, jeweils 16 Uhr:—> 25/07/2025 mit Kuratorin Christina Korzen—> 29/08/2025 mit Kuratorin Flora SeifriedÜbrigens: immer freitags ab 14 Uhr ist der Eintritt in die SGK frei!",https://kalender.karlsruhe.de/db/termine/ausstellungen/abenteuer_zwischen_buchseiten_kuratorin-1
VORLESEZEIT in Neureut,2025-08-29T16:00:00,Stadtbibliothek Karlsruhe - Stadtteilbibliothek Neureut,"Rubensstraße 21, 76149 Karlsruhe",49.0446178,8.3830479,In der Bibliothek wird jeden Freitag um 16 Uhr vorgelesen.Für Kinder ab 3 Jahren.Zielgruppe:ab 5 JahrenAnmeldung:unter Tel. 0721 7818976Eintritt:kostenfreiOrt: Stadtteilbibliothek NeureutIllustration: AdobeStock - GoodStudio,https://kalender.karlsruhe.de/db/termine/literatur/vorlesezeit_in_neureut-16
Hinterhofidylle in der Innenstadt-Ost,2025-08-29T15:00:00,Brunnen Lidellplatz,"Lidellplatz, 76133 Karlsruhe",49.0072125,8.4073859,"Stadtführungen einmal anders - spannend, informativ und immer überraschend! Die Führungen von stattreisen Karlsruhe 
e.V. ermöglichen neue 
Einblicke in Geschichte und Architektur, in das Alltagsleben früherer Zeiten - und in verborgene Ecken und Winkel
der Stadt, die Einheimische und Gäste der Stadt gleichermaßen faszinieren.Anmeldung und Informationen zur Teilnahmegebühr auf der Website!",https://kalender.karlsruhe.de/db/termine/stadtleben/hinterhofidylle_in_der_innenstadt_ost-3
Stadtführung für Senioren,2025-08-29T15:00:00,City Tour durch Karlsruhe,,,,"Die Firma BOService Karlsruhe bietet ab sofort jeden Freitag in Karlsruhe eine neue Stadtführung speziell für Senioren an:Diese  neue konzipierte Stadtführung kombiniert die Schwerpunkte unserer Stadtführungen mit den besonderen Ansprüchen von Seniorinnen und Senioren.Sie ist besonders geeignet für Ältere, die nicht mehr so schnell vorwärts kommen, aber trotzdem neugierig sind auf eine spannende und kurzweilige Stadtführung durch die Fächerstadt Karlsruhe.Bei dieser Stadtführung nehmen unsere Stadtführerinnen und Stadtführer besondere Rücksicht auf die Bedürfnisse der älteren Gäste. Während des Rundgangs gibt es immer wieder mal Sitzgelegenheiten  sowie die Möglichkeit für längere Verschnaufpausen.Die Führung  beginnt direkt auf dem Marktplatz in Karlsruhe an der Pyramide.Die Führung kann zu Fuß oder mit der Tram Linie 2 durchgeführt werden.Nach ca. 2  Stunden erreichen wir wieder unseren Ausgangspunkt Marktplatz Karlsruhe.Auch andere zusätzliche Termine sind jederzeit nach Rücksprache mit dem Veranstalter möglich.Preise:Erwachsene: Euro 10,00Begleitperson: freiInfoTel.: 0721/91679888Internet: www.stadtfuehrungen-karlsruhe.deAnmeldung erforerlich",https://kalender.karlsruhe.de/db/termine/stadtleben/stadtfuhrung_fur_senioren-40
Stadtführung Karlsruhe,2025-08-29T14:00:00,City Tour durch Karlsruhe,,,,"Plant ihr, Karlsruhe ein wenig näher kennenzulernen? Die lebendige ehemalige Landeshauptstadt von Baden, wartet darauf, von euch entdeckt zu werden. Bei Stadtführungen in Karlsruhe könnt ihr Kultur, Sehenswürdigkeiten und Geschichte hautnah erleben. Eine geführte Tour bietet euch die Möglichkeit, die Schönheit und Vielfalt von Karlsruhe zu entdecken und euch begeistern zu lassen.Auch andere zusätzliche Termine sind jederzeit nach Rücksprache mit dem Veranstalter möglich.Treffpunkt: Direkt vor dem Rathaus der Stadt KarlsruhePreise:Erwachsene: Euro 10,00Kinder und Jugendliche 6-14 Jahre: freiInfoTel.: 0721/91679888 oder mobil 0170/2935072Internet: www.stadtfuehrungen-karlsruhe.deAnmeldung erforderlichMindestteilnehmerzahl: 6 Personen",https://kalender.karlsruhe.de/db/termine/stadtleben/stadtfuhrung_karlsruhe-211
Stadtrundfahrt mit der Tram Linie 2,2025-08-29T14:00:00,City Tour durch Karlsruhe,,,,"Entdecke Karlsruhe abseits der Touristenpfade mit der Straßenbahnlinie 2! Erlebe historische Orte, coole Architektur und Anekdoten - es geht es um Dinge, die man sonst nicht sieht und es gibt spannende Geschichten zu hören, die in keinem Reiseführer stehen. Diese Tour zeigt dir die Fächerstadt aus einer neuen Perspektive.Dauer der Rundfahrt ca. 2 Stunden.Auch Extrafahrten für Gruppen sind jederzeit auf Anfrage möglich.Preise:Erwachsene: Euro 15,00Ein gültiges Ticket von der KVV wird vorausgesetzt.Kinder und Jugendliche 6-14 Jahre: freiInfoTel.: 0721/91679888 oder mobil unter 0170/2935072Um Anmeldung wird gebeten, Mindestteilnehmerzahl: 6 PersonenInternet: www.stadtfuehrungen-karlsruhe.de",https://kalender.karlsruhe.de/db/termine/stadtleben/stadtrundfahrt_mit_der_tram_linie2n-95
Zauberhafte Aktenwelt,2025-08-30T20:00:00,Theater in der Orgelfabrik,"Amthausstraße 19, 76227 Karlsruhe",48.9978802,8.4712406,"„Zauberhafte Aktenwelt“, ein Theaterstück, das ein zeitloser Spiegel unserer modernen Arbeitswelt ist. Wir nehmen Sie mit in eine absurde Welt, die uns erschreckend vertraut vorkommt – und das macht sie umso grotesker. Wenn Sie einen Abend verbringen wollen, der Sie gleichzeitig zum Lachen und Verzweifeln bringt: Voilà, hier ist er.",https://kalender.karlsruhe.de/db/termine/theater/zauberhafte_aktenwelt-8
Durlacher Kultursommer 2025,2025-08-30T19:00:00,Schlossgarten Durlach,"Schlossgarten Durlach,  Durlach",48.996263,8.4748438,"Die Formation TRIPOD spielt selbstkomponierte, arrangierte Global Pop Music. Inspiriert von Musik aus aller Welt, von Rock, Pop, Folk und Jazz und andere Genres, schaffen wir daraus eigene Lieder und Klangwelten. Auf der Bühne spielen wir live mit Posaune, Irish Bouzouki, Piano, Darbouka und Gitarre, hinterlegt mit eigenen Percussion- und Begleit-Tracks.",https://kalender.karlsruhe.de/db/termine/stadtleben/durlacher_kultursommer2025n-26
Sightjogging-Sportlich unterwegs durch Karlsruhe,2025-08-30T18:00:00,City Tour durch Karlsruhe,,,,"Joggst du gerne?Wie wäre es dann einmal, wenn du deine Laufroute ein wenig veränderst und in einer Gruppe Gleichgesinnter vertraute und unbekannte Ecken von Karlsruhe erläufst?Erlebe eine unvergessliche Joggingtour und statt Musik auf den Ohren gibt es bei dieser Tour einiges Amüsantes, Interessantes, Anekdoten und Fakten über die Fächerstadt Karlsruhe zu erfahren.Die ca. 1,5-stündige Joggingtour durch Karlsruhe beginnt direkt auf dem Marktplatz in Karlsruhe an der Pyramide.Preise:Erwachsene: Euro 10,00InfoTel.: 0721/91679888 oder mobil 0179/2935072Internet: www.stadtfuehrungen-karlsruhe.deAnmeldung erforderlichMindestteilnehmerzahl: 6 PersonenAuch andere Termine sind jederzeit möglichBuchbar auch exklusiv als Gruppenevent",https://kalender.karlsruhe.de/db/termine/sportveranstaltung/sightjogging_sportlich_unterwegs_durch_karlsruhe-25
Stadtführung Karlsruhe,2025-08-30T14:00:00,City Tour durch Karlsruhe,,,,"Plant ihr, Karlsruhe ein wenig näher kennenzulernen? Die lebendige ehemalige Landeshauptstadt von Baden, wartet darauf, von euch entdeckt zu werden. Bei Stadtführungen in Karlsruhe könnt ihr Kultur, Sehenswürdigkeiten und Geschichte hautnah erleben. Eine geführte Tour bietet euch die Möglichkeit, die Schönheit und Vielfalt von Karlsruhe zu entdecken und euch begeistern zu lassen.Auch andere zusätzliche Termine sind jederzeit nach Rücksprache mit dem Veranstalter möglich.Treffpunkt: Direkt vor dem Rathaus der Stadt KarlsruhePreise:Erwachsene: Euro 10,00Kinder und Jugendliche 6-14 Jahre: freiInfoTel.: 0721/91679888 oder mobil 0170/2935072Internet: www.stadtfuehrungen-karlsruhe.deAnmeldung erforderlichMindestteilnehmerzahl: 6 Personen",https://kalender.karlsruhe.de/db/termine/stadtleben/stadtfuhrung_karlsruhe-212
Stadtrundfahrt mit der Tram Linie 2,2025-08-30T14:00:00,City Tour durch Karlsruhe,,,,"Entdecke Karlsruhe abseits der Touristenpfade mit der Straßenbahnlinie 2! Erlebe historische Orte, coole Architektur und Anekdoten - es geht es um Dinge, die man sonst nicht sieht und es gibt spannende Geschichten zu hören, die in keinem Reiseführer stehen. Diese Tour zeigt dir die Fächerstadt aus einer neuen Perspektive.Dauer der Rundfahrt ca. 2 Stunden.Auch Extrafahrten für Gruppen sind jederzeit auf Anfrage möglich.Preise:Erwachsene: Euro 15,00Ein gültiges Ticket von der KVV wird vorausgesetzt.Kinder und Jugendliche 6-14 Jahre: freiInfoTel.: 0721/91679888 oder mobil unter 0170/2935072Um Anmeldung wird gebeten, Mindestteilnehmerzahl: 6 PersonenInternet: www.stadtfuehrungen-karlsruhe.de",https://kalender.karlsruhe.de/db/termine/stadtleben/stadtrundfahrt_mit_der_tram_linie2n-96
Rundgang Areal Alter Schlachthof Karlsruhe,2025-08-30T14:00:00,Alte Fleischmarkthalle - Schlachthofgelände,"Durlacher Allee 62, 76131 Karlsruhe",49.0086387,8.4193531,"Alter Schlachthof – KreativparkEin spannendes Areal, eine spannende Führung!Weshalb ist der Kreativpark Alter Schlachthof so besonders?Kaldaunenwäsche, rote Roben des Bundesverfassungsgerichts, Schlosslichtspiele, Planetarium...Was haben alle diese Dinge mit dem Areal des Alten Schlachthofs zu tun?Neugierig?Erfahren Sie bei unserer Tour wie alles begann, nämlich als Schlachthof, bis hin zum heutigen Kreativpark der sich noch immer weiterentwickelt und interessante Nachbarn wie z. B. das Schloss Gottesaue hat.Erleben Sie die besondere Atmosphäre auf diesem 7ha großen Areal bei einer ca. 1,5-stündigen Führung mit vielen Erzählungen bei dem Sie unter vielem anderen auch erfahren weshalb es dort spukt ...Mehr wird aber noch nicht verraten.Auch andere Termine sind auf Anfrage jederzeit möglich.Auch als Gruppenevent exklusiv buchbar.Wer anschließend einkehren möchte findet ebenfalls zahlreiche Möglichkeiten, gerne geben wir auch hierzu Tipps.Start des Rundgangs direkt an der Durlacher Allee,  Kreuzung Tullastrasse, an den großen Buchstaben "" Alter Schlachthof "".Mindestteilnehmer: 6 PersonenUm Anmeldung wird gebetenPreis: 10,- Euro pro PersonTermine und weitere Infos: 0721 91679888 oder 01702935072http://stadtfuehrungen-karlsruhe.de",https://kalender.karlsruhe.de/db/termine/stadtleben/rundgang_areal_alter_schlachthof_karlsruhe-277
Google Pixel Supercup der Frauen,2025-08-30T14:00:00,BBBank Wildpark,"Adenauerring 17, 76131 Karlsruhe",49.020061,8.4130034,"Der erste Titel der Saison wird in Karlsruhe vergeben!Im Google Pixel Supercup der Frauen trifft der FC Bayern München, amtierender Meister und Pokalsieger, auf den Vizemeister VfL Wolfsburg. Erleben Sie den Klassiker des deutschen Frauenfußballs live im BBBank Wildpark!Seien Sie dabei, wenn zwei absolute Topteams mit zahlreichen Nationalspielerinnen um den ersten Titel der neuen Saison kämpfen - Spitzenfußball garantiert!",https://kalender.karlsruhe.de/db/termine/sportveranstaltung/google_pixel_supercup_der_frauen
Hinterhöfe in der Weststadt,2025-08-30T11:00:00,"vor dem Geschäft ""Unser Onkel""","Nelkenstraße 17 Ecke Goethestraße, 76135 Karlsruhe",,,"Stadtführungen einmal anders - spannend, informativ und immer überraschend! Die Führungen von stattreisen Karlsruhe 
e.V. ermöglichen neue 
Einblicke in Geschichte und Architektur, in das Alltagsleben früherer Zeiten - und in verborgene Ecken und Winkel
der Stadt, die Einheimische und Gäste der Stadt gleichermaßen faszinieren.Anmeldung und Informationen zur Teilnahmegebühr auf der Website!",https://kalender.karlsruhe.de/db/termine/stadtleben/hinterhofe_in_der_weststadt-7
Heimatstadt Karlsruhe Stadtführung,2025-08-30T11:00:00,Tourist-Information am Marktplatz,"Kaiserstraße 72-74, 76133 Karlsruhe",49.0097996,8.4041251,"Trotz seinen gerade einmal 300 Jahren blickt Karlsruhe auf eine bewegte Vergangenheit zurück. Als barocke Planstadt ein Novum seiner Zeit, hat sich die Stadt diesen Pioniergeist bis heute erhalten. Unterwegs mit unseren Stadtführern erfahren Sie alles über die Entstehung Karlsruhes und den Werdegang der Stadt zu einem wichtigen Kultur- und Innovationsstandort. Gespickt mit witzigen Anekdoten und den persönlichen Geheimtipps unserer besten Stadtkenner wird jede Führung ein besonderes Erlebnis.",https://kalender.karlsruhe.de/db/termine/stadtleben/heimatstadt_karlsruhe_stadtfuhrung-353
Karlsruhe Stadtführung per Rad,2025-08-30T10:00:00,City Tour durch Karlsruhe,,,,"Diese ganz besondere Stadtführung beginnt direkt an der Pyramide auf dem Marktplatz.Viele Highlights und Insidertipps werden auch Karlsruher überraschen.Die ca. 3-stündige Fahrradtour durch Karlsruhe zeigt Ihnen viele Sehenswürdigkeiten der Stadt.Sollten Sie über kein eigenes Fahrrad verfügen sprechen Sie uns gerne an.Anmeldung erforderlich unter: Marc.Fischer@boservice.org oder Telefon: 0721/91679888 mobil: 0170/2935072Mindestteilnehmeranzahl: 6 PersonenDie Tour kann auch exklusiv als Gruppenevent gebucht werden.Preise:Erwachsene: Euro 18,00Kinder bis 14 Jahre: 10,00Internet: www.stadtfuehrungen-karlsruhe.de",https://kalender.karlsruhe.de/db/termine/sportveranstaltung/karlsruhe_stadtfuhrung_per_rad-58
Genutzte Natur - Menschengeprägte Lebensräume zwischen Nagold und Enz,2025-08-30T07:45:00,Hauptbahnhof Karlsruhe,"Bahnhofplatz 1, 76137 Karlsruhe",48.993799,8.4001849,"Streckenverlauf: Hirsau - Oberreichenbach - Bruckmisse - Würzbach - Heselmisse - Kleinenztal - Riesenstein - Bad WildbadReine Wanderzeit: 7,5 Stunden, Schlusseinkehr vorgesehenKörperliche Anforderung:SchwerKilometer Wegstrecke:25Höhenmeter:700 auf, 600 abÖPNV: D-Ticket oder KVV Tageskarte RegioX",https://kalender.karlsruhe.de/db/termine/sportveranstaltung/genutzte_natur_menschengepragte_lebensraume
Freies Tanzen Karlsruhe,2025-08-31T21:00:00,"Altes Stadion, KIT Campus Süd","Engesserstraße 17, 76131 Karlsruhe",49.011175,8.4146076,barfuss oder mit Tanzschuhen auf Parkettboden in der grossen Sporthalleimmer 2 DJ:Janes von zur Zeit 12 Aktivenkeine Anmeldung erforderlichkommt einfach zwischen 21-23 Uhr vorbeimit der Bitte um Geld-Einwurf in die am DJ Pult stehende Spendendose entsprechend eurer Wertschätzung,https://kalender.karlsruhe.de/db/termine/theater/freies_tanzen_karlsruhe-82
Durlacher Kultursommer 2025,2025-08-31T19:30:00,Schlossgarten Durlach,"Schlossgarten Durlach,  Durlach",48.996263,8.4748438,"Lunova macht das Cover zum Original. Du kennst den Song, aber erkennst du ihn auch wieder? Die Sängerin Luise de Calheiros Veloso hat eine vierköpfige Band um sich geschart, die ihr Handwerk versteht. Mit Raffinesse und Spielfreude präsentiert Lunova feine Songs in neuem Gewand und lässt das Cover zum Original werden – frisch, originell und tanzbar.",https://kalender.karlsruhe.de/db/termine/stadtleben/durlacher_kultursommer2025n-28
Altwerden in Durlach,2025-08-31T18:00:00,"Christkönighaus St. Peter und Paul,  Kanzlerstraße 5, 76227 Karlsruhe",,,,"Klaus Scheuermann, langjähriger Leiter des Anna-Leimbach-Hauses und Vorsitzender des Vincentius-Caritas-Vereins Durlach gibt eine Übersicht über die verschiedenen Lebenshilfe- und Unterstützungsangebote für ältere Menschen in Durlach.",https://kalender.karlsruhe.de/db/termine/stadtleben/altwerden_in_durlach
Comedy Stadtführung mit Apero,2025-08-31T17:00:00,City Tour durch Karlsruhe,,,,"Die lustige Stadtführung durch KarlsruheEntdecke Karlsruhes berühmteste Orte mit einem Augenzwinkern: Schloß, Marktplatz oder der Botanische Garten - alles begleitet von den professionellen Stadtführern Bettina und Marc, die dich während des Rundgangs garantiert zum Lachen bringen.Die Stadtführung beginnt mit einem Apero (im Preis inklusive).Auch andere zusätzliche Termine jederzeit möglich.Preis: 25,- EuroAnmeldung erforderlich unter: Marc.Fischer1@web.de oder Telefon mobil:01702935072Info.Tel.: 0721/91679888 - 0170/2935072Internet: www.stadtfuehrungen-karlsruhe.de",https://kalender.karlsruhe.de/db/termine/stadtleben/comedy_stadtfuhrung_mit_apero-3
Tanzabend beim TSC Rot-Weiss Karlsruhe,2025-08-31T17:00:00,Tanzsportzentrum des TSC Rot-Weiss Karlsruhe e.V.,"Eichelbergstraße 34, 76189 Karlsruhe",48.9981931,8.3489715,"Bei unseren monatlichen Tanzabenden könnt Ihr ganz zwanglos zu bester Tanzmusik über das Parkett schweben, sei es zum Üben und Festigen der erlernten Schritte, zum Ausprobieren oder einfach nur so zum Genießen.Der Eintritt ist frei!",https://kalender.karlsruhe.de/db/termine/musik/tanzabend_beim_tsc_rot_weiss_karlsruhe-6
„Update! Die Sammlung neu sichten – Szenenwechsel 3“,2025-08-31T15:15:00,Städtische Galerie Karlsruhe,"Lorenzstraße 27, 76135 Karlsruhe",49.0003576,8.3834933,,https://kalender.karlsruhe.de/db/termine/ausstellungen/update_die_sammlung_neu_sichten_szenenwechsel3n-11
"Pleiten, Pech und Pannen",2025-08-31T14:00:00,"Apotheke Kronenstraße 24, Kaiserstraße Ecke Kronenstraße",76133 Karlsruhe,49.0145529,8.3869012,"Stadtführungen einmal anders - spannend, informativ und immer überraschend! Die Führungen von stattreisen Karlsruhe 
e.V. ermöglichen neue 
Einblicke in Geschichte und Architektur, in das Alltagsleben früherer Zeiten - und in verborgene Ecken und Winkel
der Stadt, die Einheimische und Gäste der Stadt gleichermaßen faszinieren.Anmeldung und Informationen zur Teilnahmegebühr auf der Website!",https://kalender.karlsruhe.de/db/termine/stadtleben/pleiten_pech_und_pannen-3
Stadtführung Karlsruhe,2025-08-31T14:00:00,City Tour durch Karlsruhe,,,,"Plant ihr, Karlsruhe ein wenig näher kennenzulernen? Die lebendige ehemalige Landeshauptstadt von Baden, wartet darauf, von euch entdeckt zu werden. Bei Stadtführungen in Karlsruhe könnt ihr Kultur, Sehenswürdigkeiten und Geschichte hautnah erleben. Eine geführte Tour bietet euch die Möglichkeit, die Schönheit und Vielfalt von Karlsruhe zu entdecken und euch begeistern zu lassen.Auch andere zusätzliche Termine sind jederzeit nach Rücksprache mit dem Veranstalter möglich.Treffpunkt: Direkt vor dem Rathaus der Stadt KarlsruhePreise:Erwachsene: Euro 10,00Kinder und Jugendliche 6-14 Jahre: freiInfoTel.: 0721/91679888 oder mobil 0170/2935072Internet: www.stadtfuehrungen-karlsruhe.deAnmeldung erforderlichMindestteilnehmerzahl: 6 Personen",https://kalender.karlsruhe.de/db/termine/stadtleben/stadtfuhrung_karlsruhe-213
Stadtrundfahrt mit der Tram Linie 2,2025-08-31T14:00:00,City Tour durch Karlsruhe,,,,"Entdecke Karlsruhe abseits der Touristenpfade mit der Straßenbahnlinie 2! Erlebe historische Orte, coole Architektur und Anekdoten - es geht es um Dinge, die man sonst nicht sieht und es gibt spannende Geschichten zu hören, die in keinem Reiseführer stehen. Diese Tour zeigt dir die Fächerstadt aus einer neuen Perspektive.Dauer der Rundfahrt ca. 2 Stunden.Auch Extrafahrten für Gruppen sind jederzeit auf Anfrage möglich.Preise:Erwachsene: Euro 15,00Ein gültiges Ticket von der KVV wird vorausgesetzt.Kinder und Jugendliche 6-14 Jahre: freiInfoTel.: 0721/91679888 oder mobil unter 0170/2935072Um Anmeldung wird gebeten, Mindestteilnehmerzahl: 6 PersonenInternet: www.stadtfuehrungen-karlsruhe.de",https://kalender.karlsruhe.de/db/termine/stadtleben/stadtrundfahrt_mit_der_tram_linie2n-97
Rundgang Areal Alter Schlachthof Karlsruhe,2025-08-31T14:00:00,Alte Fleischmarkthalle - Schlachthofgelände,"Durlacher Allee 62, 76131 Karlsruhe",49.0086387,8.4193531,"Alter Schlachthof – KreativparkEin spannendes Areal, eine spannende Führung!Weshalb ist der Kreativpark Alter Schlachthof so besonders?Kaldaunenwäsche, rote Roben des Bundesverfassungsgerichts, Schlosslichtspiele, Planetarium...Was haben alle diese Dinge mit dem Areal des Alten Schlachthofs zu tun?Neugierig?Erfahren Sie bei unserer Tour wie alles begann, nämlich als Schlachthof, bis hin zum heutigen Kreativpark der sich noch immer weiterentwickelt und interessante Nachbarn wie z. B. das Schloss Gottesaue hat.Erleben Sie die besondere Atmosphäre auf diesem 7ha großen Areal bei einer ca. 1,5-stündigen Führung mit vielen Erzählungen bei dem Sie unter vielem anderen auch erfahren weshalb es dort spukt ...Mehr wird aber noch nicht verraten.Auch andere Termine sind auf Anfrage jederzeit möglich.Auch als Gruppenevent exklusiv buchbar.Wer anschließend einkehren möchte findet ebenfalls zahlreiche Möglichkeiten, gerne geben wir auch hierzu Tipps.Start des Rundgangs direkt an der Durlacher Allee,  Kreuzung Tullastrasse, an den großen Buchstaben "" Alter Schlachthof "".Mindestteilnehmer: 6 PersonenUm Anmeldung wird gebetenPreis: 10,- Euro pro PersonTermine und weitere Infos: 0721 91679888 oder 01702935072http://stadtfuehrungen-karlsruhe.de",https://kalender.karlsruhe.de/db/termine/stadtleben/rundgang_areal_alter_schlachthof_karlsruhe-278
Durlacher Kultursommer 2025,2025-08-31T14:00:00,Schlossgarten Durlach,"Schlossgarten Durlach,  Durlach",48.996263,8.4748438,„Musikalischer Streifzug durch Europa“ – Die Durlacher Harmonikavereinigung 1931/52 e. V. bietet schwungvolle Musik zur Kaffeestunde auf der Bühne des Kultursommers an.,https://kalender.karlsruhe.de/db/termine/stadtleben/durlacher_kultursommer2025n-27
Auf den Spuren der Karlsruher Fußballgeschichte,2025-08-31T14:00:00,City Tour durch Karlsruhe,,,,"Diese ganz besondere Stadtführung per Rad beginnt am Carl-Friedrich-Denkmal zwischen Marktplatz und Schloß.Die ca. 2 -stündige Fahrradtour dreht sich ganz um das Thema Fußball in Karlsruhe von der Geschichte bis in die Gegenwart.Wildparkstadion, Engländerplatz sowie das ehemalige KFV Stadion an der Herzstrasse werden angefahren.Die  Teilnehmern dieser interessanten Fahrradtour erfahren viel über die ehemaligen Fußballspieler Gottfried Fuchs, Julius Hirsch, Walther Bensemann und anderen bekanntenFußballspieler, die zu der Entwicklung des Fußballs in Karlsruhe viel beigetragen haben.Auch die Dauerausstellung ""Ein Stadion schreibt Geschichte"" im angrenzenden Altersheim ""Karlsruher Weg"" ist Bestandteil der Fahrradtour.Auch für Gruppen ist diese Führung nach Absprache mit dem Veranstalter jederzeit möglich.Anmeldung erforderlich unter: Marc.Fischer@boservice.org oder Telefon: 0721/91679888 mobil: 01702935072Preise:Erwachsene: Euro 15,00Kinder und Jugendliche 6-14 Jahre: freiInternet: www.stadtfuehrungen-karlsruhe.de",https://kalender.karlsruhe.de/db/termine/stadtleben/auf_den_spuren_der_karlsruher_fuballgeschichte-30
Streetart in Karlsruhe - Route B (per Rad),2025-08-31T11:00:00,Straßenbahnhaltestelle Tivoli,"Rüppurrer Straße Höhe Tivoliplatz, 76137 Karlsruhe",,,"Stadtführungen einmal anders - spannend, informativ und immer überraschend! Die Führungen von stattreisen Karlsruhe 
e.V. ermöglichen neue 
Einblicke in Geschichte und Architektur, in das Alltagsleben früherer Zeiten - und in verborgene Ecken und Winkel
der Stadt, die Einheimische und Gäste der Stadt gleichermaßen faszinieren.Anmeldung und Informationen zur Teilnahmegebühr auf der Website!",https://kalender.karlsruhe.de/db/termine/stadtleben/streetart_in_karlsruhe_route_b_per_rad-3
Sonntagsführung für Familien: VERSAMMELT,2025-08-31T11:00:00,Staatliches Museum für Naturkunde Karlsruhe,"Erbprinzenstraße 13, 76133 Karlsruhe",49.0069855,8.4001442,"Führung durch die Große Sonderausstellung ""Versammelt""Kosten: Ausstellungseintritt, Erwachsene zzgl. 2 €",https://kalender.karlsruhe.de/db/termine/ausstellungen/sonntagsfuhrung_fur_familien_versammelt
Pit Pinguin (ab 3) im Waldzentrum,2025-08-31T11:00:00,Waldzentrum Karlsruhe,"Linkenheimer Allee 10, 76131 Karlsruhe",49.0304857,8.4067057,"Eines Tages liegt ein Ei im Nest.Mama und Papa freuen sich riesig.Aus dem Ei schlüpft eine winziger
grauer Wuschel.Mama und Papa haben alle Flügel voll zu
tun.Aus dem grauen Wuschel wird ein
hungriger kleiner Pinguin.Pit lernt laufen und wie man im ewigen
Eis überlebt.Eines Tages ist Pit groß und das Nest
wird ihm zu klein.Mama und Papa sind ein wenig traurig.Aber das Leben ist voller
Überraschungen.Und eines Tages liegt ein Ei im Nest...Spiel: Friederike Krahl",https://kalender.karlsruhe.de/db/termine/theater/pit_pinguin_ab_3_im_waldzentrum
Heimatstadt Karlsruhe Stadtführung,2025-08-31T11:00:00,Tourist-Information am Marktplatz,"Kaiserstraße 72-74, 76133 Karlsruhe",49.0097996,8.4041251,"Trotz seinen gerade einmal 300 Jahren blickt Karlsruhe auf eine bewegte Vergangenheit zurück. Als barocke Planstadt ein Novum seiner Zeit, hat sich die Stadt diesen Pioniergeist bis heute erhalten. Unterwegs mit unseren Stadtführern erfahren Sie alles über die Entstehung Karlsruhes und den Werdegang der Stadt zu einem wichtigen Kultur- und Innovationsstandort. Gespickt mit witzigen Anekdoten und den persönlichen Geheimtipps unserer besten Stadtkenner wird jede Führung ein besonderes Erlebnis.",https://kalender.karlsruhe.de/db/termine/stadtleben/heimatstadt_karlsruhe_stadtfuhrung-354
Karlsruhe Stadtführung per Rad,2025-08-31T10:00:00,City Tour durch Karlsruhe,,,,"Diese ganz besondere Stadtführung beginnt direkt an der Pyramide auf dem Marktplatz.Viele Highlights und Insidertipps werden auch Karlsruher überraschen.Die ca. 3-stündige Fahrradtour durch Karlsruhe zeigt Ihnen viele Sehenswürdigkeiten der Stadt.Sollten Sie über kein eigenes Fahrrad verfügen sprechen Sie uns gerne an.Anmeldung erforderlich unter: Marc.Fischer@boservice.org oder Telefon: 0721/91679888 mobil: 0170/2935072Mindestteilnehmeranzahl: 6 PersonenDie Tour kann auch exklusiv als Gruppenevent gebucht werden.Preise:Erwachsene: Euro 18,00Kinder bis 14 Jahre: 10,00Internet: www.stadtfuehrungen-karlsruhe.de",https://kalender.karlsruhe.de/db/termine/sportveranstaltung/karlsruhe_stadtfuhrung_per_rad-59
Sommerakademie Karlsruhe 2025,,Alter Schlachthof Karlsruhe,"Alter Schlachthof, 76131 Karlsruhe",49.00626,8.4297718,"Sommerakademie
Karlsruhe 2025Vom02. - 06. September
2025findet auf dem Schlachthofareal zum fünften Mal die Karlsruher
Sommerakademie statt.Während der
Sommerakademie werden die Ateliers zu Orten der Beschäftigung in den
unterschiedlichsten Disziplinen künstlerischer und kunsthandwerklicher Art.Die Kursdauer von 5
Tagen bietet die Möglichkeit, sich über einen längeren Zeitraum konzentriert
einem Thema zu widmen. Das Angebot umfasst Malerei, experimentelles Zeichnen,
Siebdruck, Bildhauerei, Aluguß, Keramik, Fotografie, Performance,
Steinbildhauerei und Aquarell.Die unterschiedlichen
Kursbereiche bieten allen Teilnehmern*innen die Möglichkeit, Ihre Interessen in
den unterschiedlichen Bereichen fortzuführen oder neue Beschäftigungsräume für
sich zu erobern und auszutesten. Erfahrene Dozentinnen und Dozenten vermitteln
ein praktisches und theoretisches Fundament und begleiten die Teilnehmer*innen
mit Ihrer großen Erfahrung aus der Praxis. Am Freitag, den 30. August 2024 von
15 bis 17 Uhr präsentieren die Teilnehmer:innen ihre Ergebnisse der Woche in
der Fleischmarkthalle, der Eintritt hierzu ist frei.Das Angebot der
Sommerakademie richtet sich gleichermaßen an Anfänger und Fortgeschrittene.
Neben dem breit gefächerten Kunst- und Kulturangebot überzeugt das Flair des
alten Schlachthofes mit seinen unterschiedlichen Ateliers, Werkstätten und
Büros aus dem 19. Jahrhundert und natürlich das familiäre Miteinander der dort
ansässigen Kreativ- und Kulturschaffenden.www.sommerakademie-karlsruhe.dekontakt@sommerakademie-karlsruhe.de",https://kalender.karlsruhe.de/db/termine/ausstellungen/sommerakademie_karlsruhe2025n
Klangkaleidoskop,2025-09-01T18:30:00,Ev. Stadtkirche Karlsruhe,"Marktplatz, 76133 Karlsruhe",49.0089483,8.4038789,"Die begehbare Kunstinstallation „STELLAR SANCTUARY“ von Maxin10sity ist vom 14.8. bis 14.9.2025 täglich von 20.30 (August) bzw. 19.30 (Sepember) bis 22.30 Uhr in der Ev. Stadtkirche Karlsruhe zu erleben (nicht am 17.8.).Jeden Montag gibt es dazu mit KLANGKALEIDOSKOP ein besonderes musikalisches Begleitprogramm:Montag, 18. August 2025, 19.30 UhrKLANGKALEIDOSKOP 1duo in progressLeslie Thomé, Flöte & AltflöteFrank Thomé, Marimba, Vibraophon, Handpans, Kalimba, AquaphonArchaische Klänge – Flöte und Trommel im DialogMontag, 25. August 2025, 19.30 UhrKLANGKALEIDOSKOP 2Cheng Hongyu, GuqinRainer Granzin, KlavierChinesische Guqin-Tradition und jazzige Klavierklänge begegnen sichMontag, 1. September 2025, 18.30 UhrKLANGKALEIDOSKOP 3Peter Lehel, Saxophon soloEin Saxophon, ein Atem erfüllt den Kirchenraum mit Schwingung, Tönen und MusikMontag, 8. September 2025, 18.30 UhrKLANGKALEIDOSKOP 4Die LiBellenAnna Toró, Flöte I Eveline Dittmer, ViolineCarola Herz, Saxophon I Erina Beutelspacher, PianoEintritt frei, um Spenden wird gebeten",https://kalender.karlsruhe.de/db/termine/musik/klangkaleidoskop-2
Pilzberatung 2025,2025-09-01T17:00:00,Staatliches Museum für Naturkunde Karlsruhe,"Erbprinzenstraße 13, 76133 Karlsruhe",49.0069855,8.4001442,"am Seiteneingang des Pavillons im Nymphengarten hinter dem NaturkundemuseumPilzfachleute helfen bei der Bestimmung gesammelter Pilze, informieren über Speisewert, Merkmale, Bedeutung im Naturhaushalt und vieles mehr.Als Beratende wirken fachkundige Mitglieder der Arbeitsgruppe Pilze des Naturwissenschaftlichen Vereins Karlsruhe.Das Angebot ist kostenlos!Weitere Informationen unterwww.pilze-karlsruhe.de",https://kalender.karlsruhe.de/db/termine/ausstellungen/pilzberatung2025n-3
Stadtführung Karlsruhe,2025-09-01T14:00:00,City Tour durch Karlsruhe,,,,"Plant ihr, Karlsruhe ein wenig näher kennenzulernen? Die lebendige ehemalige Landeshauptstadt von Baden, wartet darauf, von euch entdeckt zu werden. Bei Stadtführungen in Karlsruhe könnt ihr Kultur, Sehenswürdigkeiten und Geschichte hautnah erleben. Eine geführte Tour bietet euch die Möglichkeit, die Schönheit und Vielfalt von Karlsruhe zu entdecken und euch begeistern zu lassen.Auch andere zusätzliche Termine sind jederzeit nach Rücksprache mit dem Veranstalter möglich.Treffpunkt: Direkt vor dem Rathaus der Stadt KarlsruhePreise:Erwachsene: Euro 10,00Kinder und Jugendliche 6-14 Jahre: freiInfoTel.: 0721/91679888 oder mobil 0170/2935072Internet: www.stadtfuehrungen-karlsruhe.deAnmeldung erforderlichMindestteilnehmerzahl: 6 Personen",https://kalender.karlsruhe.de/db/termine/stadtleben/stadtfuhrung_karlsruhe-214
Stadtrundfahrt mit der Tram Linie 2,2025-09-01T14:00:00,City Tour durch Karlsruhe,,,,"Entdecke Karlsruhe abseits der Touristenpfade mit der Straßenbahnlinie 2! Erlebe historische Orte, coole Architektur und Anekdoten - es geht es um Dinge, die man sonst nicht sieht und es gibt spannende Geschichten zu hören, die in keinem Reiseführer stehen. Diese Tour zeigt dir die Fächerstadt aus einer neuen Perspektive.Dauer der Rundfahrt ca. 2 Stunden.Auch Extrafahrten für Gruppen sind jederzeit auf Anfrage möglich.Preise:Erwachsene: Euro 15,00Ein gültiges Ticket von der KVV wird vorausgesetzt.Kinder und Jugendliche 6-14 Jahre: freiInfoTel.: 0721/91679888 oder mobil unter 0170/2935072Um Anmeldung wird gebeten, Mindestteilnehmerzahl: 6 PersonenInternet: www.stadtfuehrungen-karlsruhe.de",https://kalender.karlsruhe.de/db/termine/stadtleben/stadtrundfahrt_mit_der_tram_linie2n-98
Rundgang Areal Alter Schlachthof Karlsruhe,2025-09-01T14:00:00,Alte Fleischmarkthalle - Schlachthofgelände,"Durlacher Allee 62, 76131 Karlsruhe",49.0086387,8.4193531,"Alter Schlachthof – KreativparkEin spannendes Areal, eine spannende Führung!Weshalb ist der Kreativpark Alter Schlachthof so besonders?Kaldaunenwäsche, rote Roben des Bundesverfassungsgerichts, Schlosslichtspiele, Planetarium...Was haben alle diese Dinge mit dem Areal des Alten Schlachthofs zu tun?Neugierig?Erfahren Sie bei unserer Tour wie alles begann, nämlich als Schlachthof, bis hin zum heutigen Kreativpark der sich noch immer weiterentwickelt und interessante Nachbarn wie z. B. das Schloss Gottesaue hat.Erleben Sie die besondere Atmosphäre auf diesem 7ha großen Areal bei einer ca. 1,5-stündigen Führung mit vielen Erzählungen bei dem Sie unter vielem anderen auch erfahren weshalb es dort spukt ...Mehr wird aber noch nicht verraten.Auch andere Termine sind auf Anfrage jederzeit möglich.Auch als Gruppenevent exklusiv buchbar.Wer anschließend einkehren möchte findet ebenfalls zahlreiche Möglichkeiten, gerne geben wir auch hierzu Tipps.Start des Rundgangs direkt an der Durlacher Allee,  Kreuzung Tullastrasse, an den großen Buchstaben "" Alter Schlachthof "".Mindestteilnehmer: 6 PersonenUm Anmeldung wird gebetenPreis: 10,- Euro pro PersonTermine und weitere Infos: 0721 91679888 oder 01702935072http://stadtfuehrungen-karlsruhe.de",https://kalender.karlsruhe.de/db/termine/stadtleben/rundgang_areal_alter_schlachthof_karlsruhe-279
Pit Pinguin (ab 3) im Waldzentrum,2025-09-01T14:00:00,Waldzentrum Karlsruhe,"Linkenheimer Allee 10, 76131 Karlsruhe",49.0304857,8.4067057,"Eines Tages liegt ein Ei im Nest.Mama und Papa freuen sich riesig.Aus dem Ei schlüpft eine winziger
grauer Wuschel.Mama und Papa haben alle Flügel voll zu
tun.Aus dem grauen Wuschel wird ein
hungriger kleiner Pinguin.Pit lernt laufen und wie man im ewigen
Eis überlebt.Eines Tages ist Pit groß und das Nest
wird ihm zu klein.Mama und Papa sind ein wenig traurig.Aber das Leben ist voller
Überraschungen.Und eines Tages liegt ein Ei im Nest...Spiel: Friederike Krahl",https://kalender.karlsruhe.de/db/termine/theater/pit_pinguin_ab_3_im_waldzentrum-1
Heimatstadt Karlsruhe Stadtführung,2025-09-01T14:00:00,Tourist-Information am Marktplatz,"Kaiserstraße 72-74, 76133 Karlsruhe",49.0097996,8.4041251,"Trotz seinen gerade einmal 300 Jahren blickt Karlsruhe auf eine bewegte Vergangenheit zurück. Als barocke Planstadt ein Novum seiner Zeit, hat sich die Stadt diesen Pioniergeist bis heute erhalten. Unterwegs mit unseren Stadtführern erfahren Sie alles über die Entstehung Karlsruhes und den Werdegang der Stadt zu einem wichtigen Kultur- und Innovationsstandort. Gespickt mit witzigen Anekdoten und den persönlichen Geheimtipps unserer besten Stadtkenner wird jede Führung ein besonderes Erlebnis.",https://kalender.karlsruhe.de/db/termine/stadtleben/heimatstadt_karlsruhe_stadtfuhrung-289
Emil Wachter - Ein Sommerspaziergang,,Chinesische Teepavillons im Fasanengarten (Schlossgarten Karlsruhe),,,,,https://kalender.karlsruhe.de/db/termine/ausstellungen/emil_wachter_ein_sommerspaziergang-1
LitNight  -- ENTFÄLLT --,2025-09-02T19:30:00,Stadtbibliothek Karlsruhe - Amerikanische Bibliothek,"Kanalweg 52, 76149 Karlsruhe",49.0330246,8.3922699,Join us every 1st and 3rd Tuesday of the month at the American Library for reading and discussing literature in English.Simply stop by!,https://kalender.karlsruhe.de/db/termine/literatur/litnight_entfallt_
Checkpoint Karlsruhe | 02.09.2025,2025-09-02T18:30:00,AIDS-Hilfe Karlsruhe e.V. - Zentrum für sexuelle Gesundheit,"Sophienstraße 102, 76135 Karlsruhe",49.0080257,8.3825952,"Jeden Dienstagabend von 18:30 - 20:00 Uhr können Sie sich in unserem Checkpoint auf HIVund andere sexuell übertragbare Infektionen (STI)testen lassen.Testung nur mit telefonischer Anmeldung unter 0721 / 35 48 16 0Hinweis: Bei Symptomen (z.B. Juckreiz, Ausfluss) bitte direkt in ärztliche Behandlung begeben. Wir sind KEINE ärztliche Einrichtung!Der Zugang ist barrierefrei!ZeSIA Karlsruhe | Sophienstraße 102, 76135 KarlsruheWeitere Infos unter: www.zesia-ka.de",https://kalender.karlsruhe.de/db/termine/checkpoint_karlsruhe02092025n
Sprechstunde: Einfach digital!,2025-09-02T10:00:00,Stadtbibliothek Karlsruhe - Stadtbibliothek im Neuen Ständehaus - Sprechstunde,"Ständehausstraße 2, 76133 Karlsruhe",49.0089212,8.4003588,"Sie haben Fragen zu Ihrem Smartphone oder einer App? Ihr Tablet 
bereitet Ihnen Kopfzerbrechen? Das neue Update will einfach nicht 
funktionieren? In eineroffenen Sprechstunde jeden Dienstaghilft ein*e 
Mitarbeiter*in der Stadtbibliothek bei Problemenrund um Ihre digitalen 
Endgeräte(Smartphone, Tablet oder Laptop) und deren Nutzung.Bei Fragen zu unserer 
Online-Bibliothek ""Onleihe"" oder der Nutzung von E-Book-Readern besuchen
 Sie bitte unsere Onleihe-Sprechstunde jeden Mittwoch und Donnerstag.Zielgruppe:alle Menschen mit Fragen rund ums SmartphoneAnmeldung:ohne AnmeldungEintritt:kostenfreiOrt:Stadtbibliothek im Neuen Ständehaus, Infotheke im 1. OG",https://kalender.karlsruhe.de/db/termine/literatur/sprechstunde_einfach_digital-15
Sprechstunde: Einfach digital!,2025-08-26T10:00:00,Stadtbibliothek Karlsruhe - Stadtbibliothek im Neuen Ständehaus - Sprechstunde,"Ständehausstraße 2, 76133 Karlsruhe",49.0089212,8.4003588,"Sie haben Fragen zu Ihrem Smartphone oder einer App? Ihr Tablet 
bereitet Ihnen Kopfzerbrechen? Das neue Update will einfach nicht 
funktionieren? In eineroffenen Sprechstunde jeden Dienstaghilft ein*e 
Mitarbeiter*in der Stadtbibliothek bei Problemenrund um Ihre digitalen 
Endgeräte(Smartphone, Tablet oder Laptop) und deren Nutzung.Bei Fragen zu unserer 
Online-Bibliothek ""Onleihe"" oder der Nutzung von E-Book-Readern besuchen
 Sie bitte unsere Onleihe-Sprechstunde jeden Mittwoch und Donnerstag.Zielgruppe:alle Menschen mit Fragen rund ums SmartphoneAnmeldung:ohne AnmeldungEintritt:kostenfreiOrt:Stadtbibliothek im Neuen Ständehaus, Infotheke im 1. OG",https://kalender.karlsruhe.de/db/termine/literatur/sprechstunde_einfach_digital-16
Offener Mittagsimbiss für alle,2025-08-22T12:00:00,Hardtwaldzentrum,"Kanalweg 40/42, 76149 Karlsruhe",49.0305562,8.3930973,"Gemeinsam essen, gemeinsam plaudern, miteinander lachen!Zu unserem monatlichen Mittagsimbiss laden wir alle ein, die Lust auf Austausch und Gemeinschaft haben.Wer bei der Vorbereitung helfen möchte, kann gerne ab 10 Uhr kommen.Wir bereiten zusammen ein einfaches vegetarisches Gericht zu:Diesmal gibt es original marokkanischer Couscous.Das Angebot ist kostenlos. Gerne weitersagen!Eine Anmeldung ist nicht notwendig. Falls Essen übrigbleibt, kann gerne etwas mit nach Hause genommen werden (Behälter mitbringen).Der Treffpunkt Hardtwaldzentrum ist ein Angebot des Seniorennetzwerks und des Startpunkt Elterncafés. Es finden regelmäßige Treffen sowie besondere Veranstaltungen statt.  Alle zwischen 0 und 104 sind herzlich dazu eingeladen.Das Hardtwaldzentrum ist barrierefrei, barrierefreie Toiletten sind vorhanden.Die Angebote werden gefördert durch die Stadt Karlsruhe.Weitere Informationen:Susanne Butz, Servicestelle für ehrenamtliches und soziales EngagementTel. 0721 91230-34, E-Mail gfd@paritaet-ka.de, Web www.paritaet-ka.de/treffpunkt",https://kalender.karlsruhe.de/db/termine/stadtleben/offener_mittagsimbiss_fur_alle-2
Mittwochsreihe - In der Welt der Musik,2025-09-03T20:00:00,Theater in der Orgelfabrik,"Amthausstraße 19, 76227 Karlsruhe",48.9978802,8.4712406,"Isadora Duncan, die „Mutter des modernen Tanzes“, befreite den Körper aus den starren Formen des Balletts und ließ ihn zu einem Ausdruck reiner Emotion werden.

Mit einem ganz besonderen Gast. Mechthild Großmann als Isadora Duncan.",https://kalender.karlsruhe.de/db/termine/musik/mittwochsreihe_in_der_welt_der_musik-4
Comedy Stadtführung mit Apero,2025-09-03T17:00:00,City Tour durch Karlsruhe,,,,"Die lustige Stadtführung durch KarlsruheEntdecke Karlsruhes berühmteste Orte mit einem Augenzwinkern: Schloß, Marktplatz oder der Botanische Garten - alles begleitet von den professionellen Stadtführern Bettina und Marc, die dich während des Rundgangs garantiert zum Lachen bringen.Die Stadtführung beginnt mit einem Apero (im Preis inklusive).Auch andere zusätzliche Termine jederzeit möglich.Preis: 25,- EuroAnmeldung erforderlich unter: Marc.Fischer1@web.de oder Telefon mobil:01702935072Info.Tel.: 0721/91679888 - 0170/2935072Internet: www.stadtfuehrungen-karlsruhe.de",https://kalender.karlsruhe.de/db/termine/stadtleben/comedy_stadtfuhrung_mit_apero-4
KI-Austauschrunde,2025-09-03T17:00:00,Badische Landesbibliothek,"Erbprinzenstraße 15, 76133 Karlsruhe",49.0077978,8.3988823,"Nutzen Sie die
Gelegenheit, sich in regelmäßigen Abständen mit anderen über das Thema
Künstliche Intelligenz auszutauschen. In einer offenen Gesprächsrunde können
Fragen, Bedenken und neue Erkenntnisse zum Thema Künstliche Intelligenz
diskutiert werden. Tanja Dauth von der Arbeitsgruppe NextEducation der DHBW
Karlsruhe und Ellen Stöckle aus dem Team der Teaching Library der Badischen
Landesbibliothek werden den Einstieg in die Diskussion erleichtern.Veranstaltungsort: Arena in der Lernwerkstatt",https://kalender.karlsruhe.de/db/termine/literatur/ki_austauschrunde-4
Offene Bibliotheksführung,2025-09-03T17:00:00,Stadtbibliothek Karlsruhe - Stadtbibliothek im Neuen Ständehaus,"Ständehausstraße 2, 76133 Karlsruhe",49.0089212,8.4003588,"Was erwartet Sie?Bei einem Rundgang durch die Zentralbibliothek im Neuen Ständehaus lernen Sie unsere Medienabteilungen sowie Arbeits- und Leseplätze kennen. Wir erläutern unsere Sortierung sowie unseren Online-Bibliothekskatalog, damit Sie Ihre gewünschten Medien ganz einfach finden. Darüber hinaus erhalten Sie Informationen über alle Möglichkeiten, die Sie mit unserem Bibliotheksausweis - auch in unseren Stadtteilbibliotheken - haben (inkl. digitaler Angebote, Blick in Ihr Online-Benutzerkonto, Computernutzung uvm.). Wir freuen uns auf Sie!Zielgruppe:Für Neukund*innen und alle InteressiertenAnmeldung:ohne AnmeldungEintritt:kostenfreiOrt:Stadtbibliothek im Neuen Ständehaus, Infotheke im EGBild: Boris Burghardt",https://kalender.karlsruhe.de/db/termine/literatur/offene_bibliotheksfuhrung-18
VORLESEZEIT in der Kinder- & Jugendbibliothek,2025-09-03T16:00:00,Stadtbibliothek Karlsruhe - Kinder- und Jugendbibliothek Karlsruhe im Prinz-Max-Palais,"Prinz-Max-Palais, Karlstraße 10, 76133 Karlsruhe",49.0111857,8.3947581,"""Lies mir doch was vor!""  - Diesen Wunsch vieler Kinder wollen wir gerne erfüllen und bieten für Kinder von 3 bis 5 Jahren an jedem Mittwochnachmit­tag jeweils um 16 Uhr eine Vorleserunde an.Zielgruppe:von 3 bis 5 JahrenAnmeldung:ohne AnmeldungEintritt:kostenfreiOrt:Kinder- und JugendbibliothekIllustration: AdobeStock - GoodStudio",https://kalender.karlsruhe.de/db/termine/literatur/vorlesezeit_in_der_kinder_jugendbibliothek-15
Lese- und Mitmachgeschichten,2025-09-03T15:00:00,Waldklassenzimmer,Kanalweg,49.0308152,8.3885978,"Unsere Leseratte hat sich umgesehen undlustige und spannende Geschichten über den Wald und seine Bewohnergefunden. Wer möchte, kann am Ende seineeigene Leseratte bastelnund mit nach Hause nehmen.Treffpunkt:Esskastanie am Waldklassenzimmer(bei schlechtem Wetter im Waldklassenzimmer)Referentin:Heike Rösgen, Diplom-Biologin, M.Sc. Umwelt und Bildung und zertifizierte WaldpädagoginAnmeldungbis 30. AugustKostenlose Veranstaltung- wir freuen uns über eine Spende!",https://kalender.karlsruhe.de/db/termine/stadtleben/lese_und_mitmachgeschichten
Ferien-Entdeckertag am Waldklassenzimmer,2025-09-03T14:00:00,Waldklassenzimmer,Kanalweg,49.0308152,8.3885978,"Heute sindWaldklassenzimmer und das dazugehörende Gelände geöffnet, ohne dass wir ein spezielles Programm anbieten. Familien können heute entdecken, staunen und frei spielen. Die Nutzung des Geländes erfolgt auf eigene Gefahr und unter Wahrung der Aufsichtspflicht.Ohne Anmeldung-kostenlose Veranstaltung!",https://kalender.karlsruhe.de/db/termine/stadtleben/ferien_entdeckertag_am_waldklassenzimmer-31
Die drei kleinen Schweinchen (ab 3),2025-09-03T10:00:00,marotte Theater,"Kaiserallee 11, 76133 Karlsruhe",49.0102313,8.3851507,"Die drei Schweinchen Billi, Zilli und Willi haben eine gute Zeit. Eines Tages beschließen sie ein Haus zu bauen. Der Friede ist dahin. Billi will Spaß am Bauen, Zilli will ein schön geschmücktes Haus und Willi ein stabiles Haus, ohne Spaß und ohne Schmuck. So entstehen ein Stroh-, ein Holz-, und ein Steinhaus. Jeder lebt für sich allein.
Das ist die Chance für den Wolf!
Nach einer halsbrecherischen Verfolgungsjagd bleibt der Wolf auf der Strecke und die drei Schweinchen sind wieder zusammen – im Steinhaus.
Das blieb nach dem Abenteuer übrig, und mit viel Spaß und schön geschmückt läßt es sich darin auch zu dritt gut leben.
Die Geschichte wird von einem Clown erzählt, mit einem Fahrrad als Bühne, drei Spielzeug-Schweinchen, einem Klappmaul-Wolf und dem Publikum.


Spiel:	Thomas Hänsel
Regie: Holger Friedrich",https://kalender.karlsruhe.de/db/termine/theater/die_drei_kleinen_schweinchen_ab3n-3
Onleihe Sprechstunde,2025-09-03T10:00:00,Stadtbibliothek Karlsruhe - Stadtbibliothek im Neuen Ständehaus,"Ständehausstraße 2, 76133 Karlsruhe",49.0089212,8.4003588,"Die kostenlose Sprech­stunde richtet sich an alle Inter­es­sier­ten mitindivi­du­el­len Fragen rund um die digitale Bibliothek ""Onleihe"". Fachleute der Stadt­bi­blio­thek beant­wor­ten Fragen und zeigen die Handhabung an entspre­chen­den Lesege­rä­ten (E-Book-Reader oder Tablets). Es dürfen gerne eigene Geräte mitge­bracht werden. Eine Anmeldung ist nicht erfor­der­lich.Zielgruppe:Onleihe Nutzer*innenAnmeldung:ohne AnmeldungEintritt:kostenfreiOrt:Stadtbibliothek im Neuen Ständehaus, Infotheke im 2. OG",https://kalender.karlsruhe.de/db/termine/literatur/onleihe_sprechstunde-142
Zauberhafte Aktenwelt,2025-09-04T20:00:00,Theater in der Orgelfabrik,"Amthausstraße 19, 76227 Karlsruhe",48.9978802,8.4712406,"„Zauberhafte Aktenwelt“, ein Theaterstück, das ein zeitloser Spiegel unserer modernen Arbeitswelt ist. Wir nehmen Sie mit in eine absurde Welt, die uns erschreckend vertraut vorkommt – und das macht sie umso grotesker. Wenn Sie einen Abend verbringen wollen, der Sie gleichzeitig zum Lachen und Verzweifeln bringt: Voilà, hier ist er.",https://kalender.karlsruhe.de/db/termine/theater/zauberhafte_aktenwelt-9
Durlacher Kultursommer 2025,2025-09-04T19:00:00,Schlossgarten Durlach,"Schlossgarten Durlach,  Durlach",48.996263,8.4748438,"Hans Möckel ist schon seit Jahrzehnten in Sachen ‚Badischer Blues‘ zugange. Das heißt Blues mit Texten im Karlsruher Dialekt. Blond & Blue. Da sein Genuschel oft schwer zu verstehen ist, kommt das Format des Blues ihm entgegen, wo die ersten zwei gesungene Zeilen immer wiederholt werden. Wer‘s beim erschde Mol net versteht, versteht‘s dann beim zweide Mol.",https://kalender.karlsruhe.de/db/termine/stadtleben/durlacher_kultursommer2025n-29
Karaoke,2025-09-04T18:00:00,"Kaiserstraße 47, Kulturküche","Kaiserstraße 47, 76131 Karlsruhe",49.0090696,8.412492,"Lust auf einen Abend voller Musik und guter Laune? Dann komm zu Karaoke mit Patrick und zeig dein Talent – oder sing einfach aus Spaß mit! Egal ob Solo, Duett oder Gruppenauftritt – hier zählt nur der Spaß am Singen.Jeden 1. Donnerstag im MonatWir freuen uns auf euch!",https://kalender.karlsruhe.de/db/termine/musik/karaoke-3
"Kunst nach Feierabend „Identität – Porträt, Maske, Inszenierung“",2025-09-04T17:00:00,Städtische Galerie Karlsruhe,"Lorenzstraße 27, 76135 Karlsruhe",49.0003576,8.3834933,"Kurzführung durch die Sonderausstellungen oderSammlungspräsentation donnerstags um 17 Uhr.? Dauer: 30 min, Kosten: frei (zzgl. Eintritt)",https://kalender.karlsruhe.de/db/termine/ausstellungen/kunst_nach_feierabend_identitat_portrat-1
Onleihe Sprechstunde,2025-09-04T17:00:00,Stadtbibliothek Karlsruhe - Stadtbibliothek im Neuen Ständehaus - Sprechstunde,"Ständehausstraße 2, 76133 Karlsruhe",49.0089212,8.4003588,"Die kostenlose Sprech­stunde richtet sich an alle Inter­es­sier­ten mitindivi­du­el­len Fragen rund um die digitale Bibliothek ""Onleihe"". Fachleute der Stadt­bi­blio­thek beant­wor­ten Fragen und zeigen die Handhabung an entspre­chen­den Lesege­rä­ten (E-Book-Reader oder Tablets). Es dürfen gerne eigene Geräte mitge­bracht werden. Eine Anmeldung ist nicht erfor­der­lich.Zielgruppe:Onleihe Nutzer*innenAnmeldung:ohne AnmeldungEintritt:kostenfreiOrt:Stadtbibliothek im Neuen Ständehaus, Infotheke im 2. OG",https://kalender.karlsruhe.de/db/termine/literatur/onleihe_sprechstunde-54
Heuschrecken in der Rheinniederung,2025-09-04T14:00:00,Straßenbahnhaltestelle Daxlanden-Altrheinbrücke,Straßenbahnhaltestelle Daxlanden-Altrheinbrücke,,,"Heuschrecken prägen mit ihrem Gezirpe und Gehüpfe die Klangkulisse unserer Sommerwiesen und erfüllen sie mit Leben. Sie besiedeln vor allem unbewaldete Flächen, vom Moor bis zur Sanddüne und von der Nasswiese bis zum Halbtrockenrasen. So klein sie auch sind, ihr Formen- und Farbenreichtum ist verblüffend.In Baden-Württemberg wurden bisher rund 70 Heuschreckenarten festgestellt. Einige davon lernen Sie bei dieser Veranstaltung näher kennen. Wie zirpen Heuschrecken, was fressen und wie leben sie, welche Arten sind bedroht und wie kann man sie schützen?Mit Unterstützung vom Ökomobil Karlsruhe machen wir uns auf, die heimische Heuschreckenfauna zu erforschen.Referentin:Juliane Zimmermann, Regierungspräsidium Karlsruhe, ÖkomobilKostenfreie VeranstaltungAnmeldung bis 01.09.25 erforderlich",https://kalender.karlsruhe.de/db/termine/stadtleben/heuschrecken_in_der_rheinniederung
Heimatstadt Karlsruhe Stadtführung,2025-09-04T14:00:00,Tourist-Information am Marktplatz,"Kaiserstraße 72-74, 76133 Karlsruhe",49.0097996,8.4041251,"Trotz seinen gerade einmal 300 Jahren blickt Karlsruhe auf eine bewegte Vergangenheit zurück. Als barocke Planstadt ein Novum seiner Zeit, hat sich die Stadt diesen Pioniergeist bis heute erhalten. Unterwegs mit unseren Stadtführern erfahren Sie alles über die Entstehung Karlsruhes und den Werdegang der Stadt zu einem wichtigen Kultur- und Innovationsstandort. Gespickt mit witzigen Anekdoten und den persönlichen Geheimtipps unserer besten Stadtkenner wird jede Führung ein besonderes Erlebnis.",https://kalender.karlsruhe.de/db/termine/stadtleben/heimatstadt_karlsruhe_stadtfuhrung-302
"Furzipups, der Knatterdrache (ab 3)",2025-09-04T10:00:00,marotte Theater,"Kaiserallee 11, 76133 Karlsruhe",49.0102313,8.3851507,"Der kleine Drache Furzipups, der zur Gattung der Knatterdrachen gehört, führt kein einfaches Leben. 
Im Gegensatz zu seinen Artgenossen gelingt ihm das Feuerspucken einfach überhaupt nicht. 
Dabei ist es sogar Pflicht für einen richtigen Drachen, dass er bei Gefahr Feuer spuckt. 
So sehr er es auch versucht, über ein paar kleine Rauchwölkchen kommt er nicht hinaus. Stattdessen kommt bei ihm immer nur ein dicker Pups..Spiel: Sebastian Kreutz   Regie: Thomas Hänsel",https://kalender.karlsruhe.de/db/termine/theater/furzipups_der_knatterdrache_ab3n-52
Room to Grow,,Orangerie,"Hans-Thoma-Straße 6, 76133 Karlsruhe",49.0131603,8.3988634,"Nach einer umfangreichen Sanierung öffnet die Orangerie der Kunsthalle Karlsruhe endlich wieder ihre Türen – und das mitten im Herzen der Stadt! Während die Arbeiten in einigen Teilen des Innenraums noch bis November andauern, steht die einzigartige, lichtdurchflutete Rotunde für ein ganz besonderes Kulturprojekt offen:Room to Grow– ein offener Festivalmonat für kreative Ideen sowie gemeinschaftliche und lebendige Aktionen.Zahlreiche Karlsruher Vereine, Gruppen und Initiativen gestalten auf Einladung der Kunsthalle ein vielseitiges und offenes Programm aus Lesungen, Tanz, Konzerten, Workshops, Tauschbörsen, Sprachcafés, Diskussionsrunden, Kunstaktionen und vielem mehr!Die Veranstaltungen sind kostenfrei und richten sich an alle, die
neugierig sind und gemeinsam Kultur erleben möchten. Die Rotunde kann dienstags
bis freitags von 14:00 bis 20:00 Uhr und am Wochenende von 10:00 bis 17:00 Uhr
besucht werden. Zudem lädt ein kreatives Häkel-Gemeinschaftsprojekt zum Mitmachen ein. So wird die Orangerie zu einem lebendigen Ort der Begegnung – für Ideen, für Gemeinschaft und für Karlsruhe.",https://kalender.karlsruhe.de/db/termine/stadtleben/room_to_grow
Zauberhafte Aktenwelt,2025-09-05T20:00:00,Theater in der Orgelfabrik,"Amthausstraße 19, 76227 Karlsruhe",48.9978802,8.4712406,"„Zauberhafte Aktenwelt“, ein Theaterstück, das ein zeitloser Spiegel unserer modernen Arbeitswelt ist. Wir nehmen Sie mit in eine absurde Welt, die uns erschreckend vertraut vorkommt – und das macht sie umso grotesker. Wenn Sie einen Abend verbringen wollen, der Sie gleichzeitig zum Lachen und Verzweifeln bringt: Voilà, hier ist er.",https://kalender.karlsruhe.de/db/termine/theater/zauberhafte_aktenwelt-10
Durlacher Kultursommer 2025,2025-09-05T19:00:00,Schlossgarten Durlach,"Schlossgarten Durlach,  Durlach",48.996263,8.4748438,"Blues for Frets führt durch die Vielfalt akustischer, bluesorientierter Musik der älteren und neueren Generation. Durch verschiedene Instrumente wie Gitarre, Mandoline, Ukulele, Kontrabass, Harp und Percussion entsteht ein vielseitiger Sound.",https://kalender.karlsruhe.de/db/termine/stadtleben/durlacher_kultursommer2025n-30
Comedy Stadtführung mit Apero,2025-09-05T17:00:00,City Tour durch Karlsruhe,,,,"Die lustige Stadtführung durch KarlsruheEntdecke Karlsruhes berühmteste Orte mit einem Augenzwinkern: Schloß, Marktplatz oder der Botanische Garten - alles begleitet von den professionellen Stadtführern Bettina und Marc, die dich während des Rundgangs garantiert zum Lachen bringen.Die Stadtführung beginnt mit einem Apero (im Preis inklusive).Auch andere zusätzliche Termine jederzeit möglich.Preis: 25,- EuroAnmeldung erforderlich unter: Marc.Fischer1@web.de oder Telefon mobil:01702935072Info.Tel.: 0721/91679888 - 0170/2935072Internet: www.stadtfuehrungen-karlsruhe.de",https://kalender.karlsruhe.de/db/termine/stadtleben/comedy_stadtfuhrung_mit_apero-5
»The Story That Never Ends«. Die Sammlung des ZKM,2025-09-05T16:00:00,Zentrum für Kunst und Medien (ZKM),"Lorenzstraße 19, 76135 Karlsruhe",49.0012852,8.3836005,"Dipl. Theol. Tobias Licht (kath.)Am ersten Freitag eines Monats gestalten die evangelische und katholische Kirche in Zusammenarbeit mit der Museumskommunikation die Freitagsführung. Theologen führen, gemeinsam mit Kunstvermittler/innen der Museumskommunikation, an diesen Terminen durch eine ZKM-Ausstellung und regen zu gedanklichen Überschreitungen an.Anmeldung erbeten unter: fuehrungen@zkm.deBegrenzte Teilnehmendenzahl, Führung und Eintritt freiTreffpunkt: Infotheke im FoyerGemeinsame Veranstaltungsreihe des Bildungszentrums Roncalli-Forum Karlsruhe, der Evangelischen Erwachsenenbildung Karlsruhe und des ZKM / Zentrum für Kunst und Medien.",https://kalender.karlsruhe.de/db/termine/ausstellungen/the_story_that_never_ends_die_sammlung_des_zkm
„Update! Die Sammlung neu sichten – Szenenwechsel 3“,2025-09-05T16:00:00,Städtische Galerie Karlsruhe,"Lorenzstraße 27, 76135 Karlsruhe",49.0003576,8.3834933,,https://kalender.karlsruhe.de/db/termine/ausstellungen/update_die_sammlung_neu_sichten_szenenwechsel3n-12
VORLESEZEIT in Neureut,2025-09-05T16:00:00,Stadtbibliothek Karlsruhe - Stadtteilbibliothek Neureut,"Rubensstraße 21, 76149 Karlsruhe",49.0446178,8.3830479,In der Bibliothek wird jeden Freitag um 16 Uhr vorgelesen.Für Kinder ab 3 Jahren.Zielgruppe:ab 5 JahrenAnmeldung:unter Tel. 0721 7818976Eintritt:kostenfreiOrt: Stadtteilbibliothek NeureutIllustration: AdobeStock - GoodStudio,https://kalender.karlsruhe.de/db/termine/literatur/vorlesezeit_in_neureut-15
Stadtführung für Senioren,2025-09-05T15:00:00,City Tour durch Karlsruhe,,,,"Die Firma BOService Karlsruhe bietet ab sofort jeden Freitag in Karlsruhe eine neue Stadtführung speziell für Senioren an:Diese  neue konzipierte Stadtführung kombiniert die Schwerpunkte unserer Stadtführungen mit den besonderen Ansprüchen von Seniorinnen und Senioren.Sie ist besonders geeignet für Ältere, die nicht mehr so schnell vorwärts kommen, aber trotzdem neugierig sind auf eine spannende und kurzweilige Stadtführung durch die Fächerstadt Karlsruhe.Bei dieser Stadtführung nehmen unsere Stadtführerinnen und Stadtführer besondere Rücksicht auf die Bedürfnisse der älteren Gäste. Während des Rundgangs gibt es immer wieder mal Sitzgelegenheiten  sowie die Möglichkeit für längere Verschnaufpausen.Die Führung  beginnt direkt auf dem Marktplatz in Karlsruhe an der Pyramide.Die Führung kann zu Fuß oder mit der Tram Linie 2 durchgeführt werden.Nach ca. 2  Stunden erreichen wir wieder unseren Ausgangspunkt Marktplatz Karlsruhe.Auch andere zusätzliche Termine sind jederzeit nach Rücksprache mit dem Veranstalter möglich.Preise:Erwachsene: Euro 10,00Begleitperson: freiInfoTel.: 0721/91679888Internet: www.stadtfuehrungen-karlsruhe.deAnmeldung erforerlich",https://kalender.karlsruhe.de/db/termine/stadtleben/stadtfuhrung_fur_senioren-41
LESEKATER in der Kinder- & Jugendbibliothek,2025-09-05T10:30:00,Stadtbibliothek Karlsruhe - Kinder- und Jugendbibliothek Karlsruhe im Prinz-Max-Palais,"Prinz-Max-Palais, Karlstraße 10, 76133 Karlsruhe",49.0111857,8.3947581,"Habt ihr schon unseren neuen Lieblingskater kennengelernt? Es ist der Lesekater, er liebt Bilderbücher über alles – und lädt euch ein zur kuscheligen Krabbelgruppe rund um Sprache, Reime & Geschichten!Gemeinsam schnurren, lauschen, blättern, singen und spielen wir – ganz entspannt, ganz ohne Nebenwirkungen. Denn wer früh das Lesen lieben lernt, bekommt später keinen Kater, sondern nur noch mehr Leselust!Zielgruppe:von 0 bis 3 JahrenAnmeldung:jugendbibliothek@kultur.karlsruhe.deEintritt:kostenfreiOrt:Kinder- und JugendbibliothekIllustration: AdobeStock -GoodStudio",https://kalender.karlsruhe.de/db/termine/literatur/lesekater_in_der_kinder_jugendbibliothek-2
Workshop (Erwachsene und Familien mit Kindern ab 8 Jahren): Pflanzen bestimmen – wie geht das?,2025-08-23T10:30:00,Staatliches Museum für Naturkunde Karlsruhe,"Erbprinzenstraße 13, 76133 Karlsruhe",49.0069855,8.4001442,Kurs für Erwachsene und Familien mit Kindern ab 8 Jahrenmit Dr. Judith BieberichPflanzen kennenlernen und bestimmenDauer: 2 Std.Anmeldung onlineBitte beachten: Für jede teilnehmende Person muss eine eigene Buchung durchgeführt werden!Ort: Pavillon im NymphengartenTeilnahme frei.,https://kalender.karlsruhe.de/db/termine/ausstellungen/workshop_erwachsene_und_familien_mit
Zauberhafte Aktenwelt,2025-09-06T20:00:00,Theater in der Orgelfabrik,"Amthausstraße 19, 76227 Karlsruhe",48.9978802,8.4712406,"„Zauberhafte Aktenwelt“, ein Theaterstück, das ein zeitloser Spiegel unserer modernen Arbeitswelt ist. Wir nehmen Sie mit in eine absurde Welt, die uns erschreckend vertraut vorkommt – und das macht sie umso grotesker. Wenn Sie einen Abend verbringen wollen, der Sie gleichzeitig zum Lachen und Verzweifeln bringt: Voilà, hier ist er.",https://kalender.karlsruhe.de/db/termine/theater/zauberhafte_aktenwelt-11
Comedy Stadtführung mit Apero,2025-09-06T17:00:00,City Tour durch Karlsruhe,,,,"Die lustige Stadtführung durch KarlsruheEntdecke Karlsruhes berühmteste Orte mit einem Augenzwinkern: Schloß, Marktplatz oder der Botanische Garten - alles begleitet von den professionellen Stadtführern Bettina und Marc, die dich während des Rundgangs garantiert zum Lachen bringen.Die Stadtführung beginnt mit einem Apero (im Preis inklusive).Auch andere zusätzliche Termine jederzeit möglich.Preis: 25,- EuroAnmeldung erforderlich unter: Marc.Fischer1@web.de oder Telefon mobil:01702935072Info.Tel.: 0721/91679888 - 0170/2935072Internet: www.stadtfuehrungen-karlsruhe.de",https://kalender.karlsruhe.de/db/termine/stadtleben/comedy_stadtfuhrung_mit_apero-6
It’s a match – Art Speeddating,2025-09-06T15:00:00,Zentrum für Kunst und Medien (ZKM),"Lorenzstraße 19, 76135 Karlsruhe",49.0012852,8.3836005,"10 Teilnehmende. 10 Werke. 10 Begegnungen.Ihr geht gerne in Ausstellungen, euch fehlt aber jemand, um sich darüber auszutauschen? Oder ihr habt einfach mal wieder Lust, neue Leute kennenzulernen? – In beiden Fällen seid ihr bei unserem beliebten Format „It’s a match – Art Speeddating“ genau richtig.Um Dating im herkömmlichen Sinne geht es hier also nicht, sondern um den Austausch mit unterschiedlichsten Menschen und das Kennenlernen anderer Perspektiven - auf die Kunst, aber auch den Alltag. Im Laufe des Art Speeddatings lernt ihr an jedem Kunstwerk eine neue Person kennen und könnt mithilfe interessanter Fragen, die von den Kunstwerken inspiriert sind, ins Gespräch kommen.Wer weiß, vielleicht findet sich bei einem anschließenden Drink und Austausch sogar euer neuer Art Buddy?Anmeldung unterspeeddating@zkm.de",https://kalender.karlsruhe.de/db/termine/ausstellungen/its_a_match_art_speeddating-4
Jumbo und Winz (ab 3),2025-09-06T14:00:00,marotte Theater,"Kaiserallee 11, 76133 Karlsruhe",49.0102313,8.3851507,"Jumbo und Winz sind beste Freunde.
Doch jeder der beiden wäre gern ein bisschen wie der andere.
Als sie in das geheimnisvolle Land hinter der Mauer reisen, geht ihr Wunsch in Erfüllung. Mit ungeahnten Folgen…

Eine zärtliche Geschichte über Freundschaft und Akzeptanz – auch sich selbst gegenüber.

Spiel: Friederike Krahl
Regie: Eva Kaufmann, Berlin",https://kalender.karlsruhe.de/db/termine/theater/jumbo_und_winz_ab3n-8
Offene Pforte 2025,2025-09-06T12:00:00,Private Gärten und Höfe der Offenen Pforte,,,,"Zwei Hochbeete mit Gewürzen und Gemüse sowie ein Goldfischbecken laden ein zum Verweilen. Der hintere Teil des Gartens bildet den urigen und verwunschenen Part. Zudem können dort verschiedensten Kunstobjekte entdeckt werden, die Hans-Jürgen Kurz in seinem Freilustatelier selbstständig herstellt.Wo?Roggenbachstraße 8, Stadtteil: NordstadtWann?Samstag, 6. September von 12 bis 19 UhrWer?Christine Schmidt-Staub und Hans-Jürgen Kurz",https://kalender.karlsruhe.de/db/termine/stadtleben/offene_pforte2025n-24
Workshop: INFINITY. BODY AS MATERIAL AND BEYOND.,2025-09-06T11:00:00,TanzAreal Karlsruhe,"Hardtstraße 37a, 76185 Karlsruhe",49.013903,8.3578352,"The movement research based workshop features a Gaga class and improvisation session exploring tools for development choreographic materials. The sessions offer experimentation with different strategies of turning on our attentiveness to physical experience as well as to our world of fantasy while moving. Via the body we will evoke the connective pathways between movement, sensation and mental perception.The workshop aims to stimulate creative force and easy body-mind flow. It is created to connect individuals with the interest, passion and unique language lies in their body.About Gaga -Gaga is the movement language developed by Ohad Naharin throughout many years, parallel to his work as a world-renowned choreographer. Gaga classes are predicated on a deep activation of the body and physical sensations. We provide a framework for discovering and strengthening the body and adding flexibility, stamina, agility, and skills including coordination and efficiency while stimulating the senses and the imagination. Participants awaken numb areas, increase their awareness of habits, and improve their efficiency of movement inside multilayered tasks, and they are encouraged to connect to pleasure inside moments of effort. The research of Gaga is in a continual process of evolution, and the classes vary and develop accordingly.INFOOpen LevelWorkshop in englischer SpracheOrt: TanzAreal KarlsruheBitte bringt euch bequeme Kleidung und Wasser mitTeilnahmegebühr: 35 bis 50 Euro je nach eigenen RessourcenAnmeldung anworkshop@tanzareal.debis zum 02.09.2025About Smadar Goshen -Smadar Goshen is a dancer and choreographer. She creates pieces for stage, focused on body and movement, since 2011. She holds a BA in Dance and an MA in Choreography from the Jerusalem Academy of Music and Dance. In addition Goshen is a certified Gyrotonic & Gyrokinesis trainer and a certified Gaga instructor.Her work often explores the tension and relation between individuals and the systems they inhabit — biological, social, political, and geological. As a result, Goshen is busy with communication approaches, survival strategies, adaptive patterns and the way it is engraved in, and expressed by, the human body. Many of her performances place the audience close to the performers, fostering deep sensory engagement. Named one of the 10 most promising dance pioneers in the 2023tanzyearbook, Smadar is currently part of the Réseau GRAND LUXE residency program, supported by Theater Freiburg. From 2024–2026, she received a three-year grant from the City of Stuttgart and the Landesverband Freie Tanz- und Theaterschaffende BW. Smadar’s works has been presented internationally, including platforms such as Suzanne Dellal Centre (Tel Aviv), Machol Shalem Dance Festival (Jerusalem), Dance Waves Festival (Cyprus), Derida Dance Center (Sofia), Theater RAMPE and E-werk (Germany) among others.",https://kalender.karlsruhe.de/db/termine/theater/workshop_infinity_body_as_material_and_beyond
Jumbo und Winz (ab 3),2025-09-06T11:00:00,marotte Theater,"Kaiserallee 11, 76133 Karlsruhe",49.0102313,8.3851507,"Jumbo und Winz sind beste Freunde.
Doch jeder der beiden wäre gern ein bisschen wie der andere.
Als sie in das geheimnisvolle Land hinter der Mauer reisen, geht ihr Wunsch in Erfüllung. Mit ungeahnten Folgen…

Eine zärtliche Geschichte über Freundschaft und Akzeptanz – auch sich selbst gegenüber.

Spiel: Friederike Krahl
Regie: Eva Kaufmann, Berlin",https://kalender.karlsruhe.de/db/termine/theater/jumbo_und_winz_ab3n-7
Heimatstadt Karlsruhe Stadtführung,2025-09-06T11:00:00,Tourist-Information am Marktplatz,"Kaiserstraße 72-74, 76133 Karlsruhe",49.0097996,8.4041251,"Trotz seinen gerade einmal 300 Jahren blickt Karlsruhe auf eine bewegte Vergangenheit zurück. Als barocke Planstadt ein Novum seiner Zeit, hat sich die Stadt diesen Pioniergeist bis heute erhalten. Unterwegs mit unseren Stadtführern erfahren Sie alles über die Entstehung Karlsruhes und den Werdegang der Stadt zu einem wichtigen Kultur- und Innovationsstandort. Gespickt mit witzigen Anekdoten und den persönlichen Geheimtipps unserer besten Stadtkenner wird jede Führung ein besonderes Erlebnis.",https://kalender.karlsruhe.de/db/termine/stadtleben/heimatstadt_karlsruhe_stadtfuhrung-355
Karlsruhe Stadtführung per Rad,2025-09-06T10:00:00,City Tour durch Karlsruhe,,,,"Stadtführungen mit dem FahrradErlebe Karlsruhe aktiv auf einer geführten Fahrradtour. Entdecke die grünen Oasen der Stadt, radle entlang des Albufers und genieße die frische Luft, während Du interessante Fakten über die Fächerstadt Karlsruhe erfährst.Solltest du über kein eigenes Fahrrad verfügen sprich uns gerne an.Anmeldung erforderlich unter: Marc.Fischer@boservice.org oder Telefon: 0721/91679888 mobil: 0170/2935072Erwachsene: Euro 18,00Mindestteilnehmeranzahl: 6 PersonenDie Tour kann auch exklusiv als Gruppenevent gebucht werden.Preise:Kinder bis 14 Jahre: 10,00Internet: www.stadtfuehrungen-karlsruhe.de",https://kalender.karlsruhe.de/db/termine/sportveranstaltung/karlsruhe_stadtfuhrung_per_rad-73
Karlsruhe Stadtführung per Rad,2025-09-06T10:00:00,City Tour durch Karlsruhe,,,,"Diese ganz besondere Stadtführung beginnt direkt an der Pyramide auf dem Marktplatz.Viele Highlights und Insidertipps werden auch Karlsruher überraschen.Die ca. 3-stündige Fahrradtour durch Karlsruhe zeigt Ihnen viele Sehenswürdigkeiten der Stadt.Sollten Sie über kein eigenes Fahrrad verfügen sprechen Sie uns gerne an.Anmeldung erforderlich unter: Marc.Fischer@boservice.org oder Telefon: 0721/91679888 mobil: 0170/2935072Mindestteilnehmeranzahl: 6 PersonenDie Tour kann auch exklusiv als Gruppenevent gebucht werden.Preise:Erwachsene: Euro 18,00Kinder bis 14 Jahre: 10,00Internet: www.stadtfuehrungen-karlsruhe.de",https://kalender.karlsruhe.de/db/termine/sportveranstaltung/karlsruhe_stadtfuhrung_per_rad-61
Robotik-Workshop mit NAO,2025-09-06T10:00:00,Stadtbibliothek Karlsruhe - Stadtbibliothek im Neuen Ständehaus - NAO-Workshop,"Ständehausstraße 2, 76133 Karlsruhe",49.0089212,8.4003588,"In Kleingruppen lernt ihr, was einen humanoiden Roboter ausmacht und wie man ihn programmiert.In Kooperation mit dem Karlsruher Institut für Technologie (KIT).Zielgruppe:von 11 bis 14 JahrenAnmeldung:bibliothekspaedagogik@kultur.karlsruhe.deEintritt:kostenfreiOrt:Stadtbibliothek im Neuen Ständehaus, Lernstudio (1. OG)Bild: KIT, AdobeStock – Pugun & Photo Studio",https://kalender.karlsruhe.de/db/termine/literatur/robotik_workshop_mit_nao
"Sommerferien Schauspielworkshop ""Improvisation"" für Jugendliche von 12-16 Jahren",2025-09-07T10:00:00,"Imagine, Schauspielschule für Kinder und Jugendliche","Ettlinger Straße5, 76133 Karlsruhe",,,"In diesem Workshop für Jugendliche improvisieren wir unser eigenes Stück.Deine Ideen, Geschichten, Phantasien, Wünsche, Träume und auch Konflikte.Ohne vorgegebenen Text entwickeln wir gemeinsam Szenen und Performances.Aber wie improvisiert man? Wie lernt man spontan zu sein? Wie gelingt es auf  die Ideen des Mitspielers einzugehen? Wie soll daraus ein Stück entstehen?Das üben wir intensiv mit verschiedenen Improspielen, Übungen und Techniken.Und am letzten Workshoptag zeigt ihr Eure Ideen auf der imagine-Bühne vor Publikum.06.09.25.-07.09.2025 jeweils 10-16 UhrDieser Workshop ist für Anfänger sowie Fortgeschrittene geeignet.",https://kalender.karlsruhe.de/db/termine/theater/sommerferien_schauspielworkshop_improvisation
Science Camp Klima und Umwelt,,TRIANGEL Transfer | Kultur | Raum,"Kaiserstraße 93, 76133 Karlsruhe",49.0092217,8.4087317,"Was beeinflusst unser Klima? Wie können wir Veränderungen in unserer Umwelt erkennen?Im Science Camp: Klima & Umwelt tauchst du mitten in die spannende Welt der Forschung ein.Erforsche mit uns die Atmosphäre, den Wasserkreislauf, Ökosysteme und Böden. Wir untersuchen, welchen Einfluss der Mensch und die Stadt auf das Klima haben - mit Experimenten, Recherchen und eigenen Datenerhebungen.Das erwartet dich:Keine Vorkenntnisse nötig - einfach mitmachen!Forsche an spannenden FragestellungenBekomme von Klima- und Wetterforscherinnen exklusive Einblicke in aktuelle ForschungsthemenBeim gemeinsamen Bouldern und Pizzaessen gibt es genug Zeit zum Entspannen und AustauschenFür Jugendliche der Klassenstufen 7-10.Kostenpflichtige Anmeldung: 100€ - finanzielle Unterstützung möglich.Weitere Informationen zum Science Camp und der Anmeldung findest du auf unserer Website!",https://kalender.karlsruhe.de/db/termine/wirtschaft/science_camp_klima_und_umwelt
Durlacher Kultursommer 2025,2025-09-07T19:00:00,Schlossgarten Durlach,"Schlossgarten Durlach,  Durlach",48.996263,8.4748438,"Rock Brigade – das heißt Oldies, Pop, Rock und Soul-Klassiker. Die Truppe von Musikern aus dem Umland von Karlsruhe lässt die Musikgeschichte der letzten 6 Dekaden wieder aufleben. Präsentiert werden Meilensteine der Rock- und Pop-Geschichte, zwischen Oldies und „80-ties“ bis „90-ties“. Still got the Rock",https://kalender.karlsruhe.de/db/termine/stadtleben/durlacher_kultursommer2025n-31
Beobachtungsabend der Astronomischen Vereinigung Karlsruhe,2025-09-07T19:00:00,Sternwarte Karlsruhe,"Krokusweg 49, 76199 Karlsruhe",48.9766906,8.4146765,"Zu Beginn öffnen wir den Spalt der Kuppel damit die warme Luft entweichen kann. In dieser Zeit wird die Sternwarte vorgestellt. Wir erzählen kurz die Historie des Refraktors und gehen auf einige technische Details wie die mechanische Nachführung ein. Die astronomischen Objekte werden eingestellt und können von den Besuchern mit dem Auge am Okular beobachtet werden. Bitte beachten Sie, dass Sie dazu am historischen Refraktor einige Tritte hoch steigen müssen, was z.B. mit einer Gehhilfe nicht möglich ist.Parallel dazu stehen auch die Teleskope im Außenbereich zur visuellen Beobachtung, aber auch zur ""elektronisch unterstützten"" Astronomie (EAA, electronically assisted astronomy) mittels Live Kamera zur Verfügung.Während der Beobachtung erklären wir das Objekt und geben allgemeine Erläuterungen zum Beispiel über den entsprechenden Objekttyp wie Planetarischer Nebel oder Kugelsternhaufen. Natürlich beantworten wir auch Ihre Fragen zum jeweiligen Objekt sowie zur Astronomie allgemein. Auch für Fragen zum Hobby Astronomie und zu Teleskopen stehen wir zur Verfügung.Die Veranstaltung ist fürKinder ab sechs Jahrengeeignet welche wirsehr gerne willkommen heißen. Eltern sind für die Sicherheit Ihrer Kinder selbst verantwortlich. Speisen und Getränke bieten wir leider nicht an. In der Kuppel kann es sehr kalt werden. Bitte bringen Sie geeignete Kleidung mit.",https://kalender.karlsruhe.de/db/termine/wirtschaft/beobachtungsabend_der_astronomischen-17
Das Deutsche Volk | ein Dokumentarfilm v. Marcin Wierzchowski,2025-09-07T18:00:00,"Filmtheater Schauburg, Marienstraße 16, 76137 Karlsruhe",,,,"Screening Special inKarlsruhe:Schauburg– 07.09. um 18.00 Uhr |Q&Amit Regisseur M. WierzchowskiDAS DEUTSCHE  VOLKIn der Nacht des 19. Februar 2020 erschießt ein Rassist neun junge Menschen in Hanau. Zurück bleiben trauernde Familien und Überlebende, die nicht nur für die Ermordeten, sondernauch um Wahrheit und Gerechtigkeit kämpfen. Vier Jahre lang begleitet Regisseur Marcin Wierzchowski ihren unermüdlichen Widerstand gegen das Vergessen – und stellt die aktuell wieder drängende Frage: Wer gehört zu Deutschland und wer nicht?#SAYTHEIRNAMESFerhat Unvar, Hamza Kurtović, Said Nesar Hashemi, Vili Viorel Păun, Mercedes Kierpacz, Kaloyan Velkov, Fatih Saraçoğlu, Sedat Gürbüz und Gökhan Gültekin„Das Deutsche Volk“ lief in der Berlinale-Reihe Special außerhalb des Wettbewerbs. Für seine Dokumentation „Hanau – Eine Nacht und ihre Folgen“ wurde Marcin Wierzchowski im Jahr 2022 bereits mit einem Grimme-Preis ausgezeichnet.",https://kalender.karlsruhe.de/db/termine/literatur/das_deutsche_volk_ein_dokumentarfilm
Kammerchorkonzert,2025-09-07T18:00:00,Kleine Kirche Karlsruhe,"Kaiserstraße 131 nähe Marktplatz,  Karlsruhe",,,"KAMMERCHORKONZERTWerke von Schumann, Brahms, Elgar, DistlerCanto FiorenteLeitung: Daniel ReinhardEintritt frei, um Spenden wird gebeten",https://kalender.karlsruhe.de/db/termine/musik/kammerchorkonzert
Comedy Stadtführung mit Apero,2025-09-07T17:00:00,City Tour durch Karlsruhe,,,,"Die lustige Stadtführung durch KarlsruheEntdecke Karlsruhes berühmteste Orte mit einem Augenzwinkern: Schloß, Marktplatz oder der Botanische Garten - alles begleitet von den professionellen Stadtführern Bettina und Marc, die dich während des Rundgangs garantiert zum Lachen bringen.Die Stadtführung beginnt mit einem Apero (im Preis inklusive).Auch andere zusätzliche Termine jederzeit möglich.Preis: 25,- EuroAnmeldung erforderlich unter: Marc.Fischer1@web.de oder Telefon mobil:01702935072Info.Tel.: 0721/91679888 - 0170/2935072Internet: www.stadtfuehrungen-karlsruhe.de",https://kalender.karlsruhe.de/db/termine/stadtleben/comedy_stadtfuhrung_mit_apero-7
"Max Beckmann (1884-1950), Der Abtransport der Sphinxe (1945)",2025-09-07T15:30:00,Zentrum für Kunst und Medien (ZKM) |  Kubus,"Lorenzstraße 19 , 76135 Karlsruhe",49.0012852,8.3836005,"OKR i.R. Helmut Strack (evang.)1945 malt Max Beckmann in seinem Amsterdamer Exil unter dem Eindruck des nahenden Endes des II. Weltkrieges das Bild „Abtransport der Sphinxe“. Es spiegelt die Schrecken des Krieges und der Nazidiktatur ebenso wider wie eine gewisse Skepsis gegenüber dem Kommenden, gepaart mit Hoffnung auf Besserung der Zeiten. Seit alters her stehen Sphingen für die Mächte der Destruktion, des Unheils und der Gewalttat. Solche „Mächte und Gewalten“ finden sich nicht nur in der altägyptischen und antiken griechischen Mythologie, sondern auch in Schriften der Bibel wieder. Beckmanns Gemälde darf als einer der Höhepunkte seiner Malerei gelten. Enthält es eine Botschaft an uns Heutige? Und welche? Kehren die Sphingen 80 Jahre nach dem Ende des II. Weltkriegs zurück?Bis auf Weiteres finden die Führungen in der Ausstellung der Kunsthalle im ZKM statt. Treffpunkt ist jeweils die Infothek des ZKMKunst und Religion stehen in einem engen Zusammenhang. Über Jahrhunderte dominierten Gegenstände des christlichen Glaubens – biblische Geschichte und das Leben der Heiligen – die Kunst. Das wird an zahlreichen Werken der Alten Meister in der Karlsruher Kunsthalle deutlich. So ist es seit vielen Jahren eine gute Übung, durch die Reihe „Kunst und Kirche“ die wechselseitige Erschließung dieser Schätze zu erproben. In der Neuzeit hat die Kunst sich emanzipiert und schließlich in der Moderne ihre volle Autonomie gefunden. Religion und Kirche tun gut daran, auf die Wahrnehmung von Wirklichkeit zu achten, wie sie in den Werken der unterschiedlichsten Künstlerinnen und Künstler zum Ausdruck kommt. Diese Wahrnehmung einzuüben, mit den Augen gelebten Glaubens und in theologischer Reflexion aufzunehmen und so in einen Dialog zu kommen, das ist eine der Zielrichtungen dieser Veranstaltungsreihe.Verantwortlich:Dipl.-Theol. Tobias Licht (kath.)Pfr. i.R. Eckhart Marggraf (evang.)Pfr. PD Dr. Wolfgang Vögele (evang.)Gemeinsame Veranstaltung der Arbeitsgemeinschaftchristlicher Kirchen (ACK), Karlsruhe, des Bildungszentrums Karlsruhe (Bildungswerk der Erzdiözese Freiburg), der Evangelischen Erwachsenenbildung Karlsruhe und der Staatlichen Kunsthalle Karlsruhe.",https://kalender.karlsruhe.de/db/termine/ausstellungen/max_beckmann_1884_1950_der_abtransport_der_sphinxe1945n
„Update! Die Sammlung neu sichten – Szenenwechsel 3“,2025-09-07T15:15:00,Städtische Galerie Karlsruhe,"Lorenzstraße 27, 76135 Karlsruhe",49.0003576,8.3834933,,https://kalender.karlsruhe.de/db/termine/ausstellungen/update_die_sammlung_neu_sichten_szenenwechsel3n-13
Takt & Torte - TanzCafe in der Waldstadt,2025-09-07T15:00:00,Katholische Kirche St. Hedwig  Karlsruhe-Waldstadt,"Königsberger Straße 55, 76131 Karlsruhe-Waldstadt",49.0316495,8.4409367,"TanzCafe in der Waldstadt – Gemeinsam Tanzen für alle!Erleben
Sie einen beschwingten Nachmittag voller Musik, Tanz und
Gemeinschaft! DasTanzCafe in der Waldstadtlädt
alle Altersgruppen und Bevölkerungsgruppen ein, gemeinsam das
Tanzbein zu schwingen – ob allein, mit Partner oder in der Gruppe.""Kaffee und Kuchen stehen bereit - wir freuen uns über eine Spende""Musik
für alle GenerationenOffen
für alle – inklusiv & barrierefreiEintritt 5,- EuroDiese
vomBewegungsCafe
Karlsruheorganisierte
Veranstaltung ist zum ersten Mal an diesem Ort. Kommen Sie vorbei und genießen Sie einen
unvergesslichen Nachmittag mit Musik, Bewegung und Begegnung!Kontakt
& weitere Infos:Ulrich
Jaedtka, Initiator BewegungsCafe Karlsruhebewegungscafe@gmail.com",https://kalender.karlsruhe.de/db/termine/stadtleben/takt_torte_tanzcafe_in_der_waldstadt
Michel in der Suppenschüssel (ab 5) im Waldzentrum,2025-09-07T14:00:00,Waldzentrum Karlsruhe,"Linkenheimer Allee 10, 76131 Karlsruhe",49.0304857,8.4067057,"Hast du schon mal was von Michel gehört?
Michel aus Lönneberga in Smäland in Schweden?
Dieser Michel ist 5 Jahre alt und so stark wie ein kleiner Ochse. Und wenn er schläft, sieht er aus wie ein kleiner Engel.
Und wenn er nicht schläft, hat er mehr Unsinn im Kopf, als das Jahr Tage hat.
Jedenfalls verging kein Tag, an dem nicht irgendeiner stöhnte: „Oh dieser Michel!“
Dabei tat er das alles nur aus lauter Freundlichkeit und damit alle ein lustiges Leben haben…

 „Wie man Kinderbücher schreibt?
Man muss nur einfach selbst ein Kind gewesen sein. Und sich daran erinnern wie es war.“  (Astrid Lindgren)Spiel: 		Friederike Krahl und Thomas HänselRegie:		Lisa Augustinowski",https://kalender.karlsruhe.de/db/termine/theater/michel_in_der_suppenschussel_ab_5_im_waldzentrum-1
Märchenhafter Oberwald,2025-09-07T14:00:00,Post Südstadt e.V.,"Ettlinger Allee 9, 76199 Karlsruhe-Rüpppur",,,"Ein besonderes Naturerlebnis für Kinder ab 5 Jahren und ErwachseneDer Oberwald mit seinen nassen bis trockenen Lebensräumen birgt manche Schätze. Diese wollen wir auf einem 1,5 km langen Spaziergang entdecken und dazu Märchen lauschen, die Brücken schlagen zwischen der Phantasie und der Wirklichkeit. Spiel und Spaß kommen dabei nicht zur kurz.Leitung:Annette Volz, Märchenerzählerin + Biodiversitätsbotschafterin NABUKostenbeitrag:2 € / Kind, 3 € / Erwachsene/rAnmeldung:maerchen-reise@web.de oder Tel. 0721-886653",https://kalender.karlsruhe.de/db/termine/stadtleben/marchenhafter_oberwald-3
Auf den Spuren der Karlsruher Fußballgeschichte,2025-09-07T14:00:00,City Tour durch Karlsruhe,,,,"Diese ganz besondere Stadtführung per Rad beginnt am Carl-Friedrich-Denkmal zwischen Marktplatz und Schloß.Die ca. 2 -stündige Fahrradtour dreht sich ganz um das Thema Fußball in Karlsruhe von der Geschichte bis in die Gegenwart.Wildparkstadion, Engländerplatz sowie das ehemalige KFV Stadion an der Herzstrasse werden angefahren.Die  Teilnehmern dieser interessanten Fahrradtour erfahren viel über die ehemaligen Fußballspieler Gottfried Fuchs, Julius Hirsch, Walther Bensemann und anderen bekanntenFußballspieler, die zu der Entwicklung des Fußballs in Karlsruhe viel beigetragen haben.Auch die Dauerausstellung ""Ein Stadion schreibt Geschichte"" im angrenzenden Altersheim ""Karlsruher Weg"" ist Bestandteil der Fahrradtour.Auch für Gruppen ist diese Führung nach Absprache mit dem Veranstalter jederzeit möglich.Anmeldung erforderlich unter: Marc.Fischer@boservice.org oder Telefon: 0721/91679888 mobil: 01702935072Preise:Erwachsene: Euro 15,00Kinder und Jugendliche 6-14 Jahre: freiInternet: www.stadtfuehrungen-karlsruhe.de",https://kalender.karlsruhe.de/db/termine/stadtleben/auf_den_spuren_der_karlsruher_fuballgeschichte-31
Europäischer Tag der Jüdischen Kultur,2025-09-07T13:00:00,Jüdische Kultusgemeinde Karlsruhe K.d.ö.R.,"Knielinger Allee 11, 76133 Karlsruhe",49.0164913,8.3872134,"Anlässlich des Europäischen Tages der Jüdischen Kultur öffnen wir am 07.
September 2025 wieder unsere Türen für alle Interessierten.Trotz der schwierigen Zeiten, auch für Jüdinnen und Juden, bleibt unsere
Hoffnung und das Vertrauen in das Gute bestehen. Wir verschließen uns und das
jüdische Leben nicht, da wir und dieses Leben ein Teil der Gesellschaft sind.
Symbol hierfür ist die für alle geöffnete Tür am 07. September 2025.Wir laden herzlich zu interessanten Begegnungen und unserem vielseitigen Programm
ein.Die Veranstaltungsreihe beginnt mit der Stadtführung „Auf den Spuren
Jüdischen Lebens in Karlsruhe“. Hierfür ist die Anmeldung bis 05. September 2025 an
die Mailadresse info@jg-karlsruhe.de erforderlich. Der Beginn wird im Anschluss der
Anmeldung mitgeteilt. Die Teilnehmeranzahl ist begrenzt.Um weiter in die Geschichte einzutauchen findet um 13:00 Uhr die Begehung
des alten Jüdischen Friedhofes und Kulturdenkmals in der Karlsruher
Kriegsstraße 36 statt. Erst im Jahr 2023 wurde die anliegende Straße zu Ehren
des dort begrabenen Rabbiners Netanel Weil umbenannt. Die Begehung findet
gemeinsam mit unserem Oberrabbiner, Dr. David Vinitz statt. Hierfür ist ebenfalls
eine Anmeldung bis zum 05. September 2025 erforderlich. (info@jg-karlsruhe.de)Die traditionellen, koscheren Köstlichkeiten aus unserer Gemeindeküche,
hinter welchen ebenso eigene Geschichten stecken, können ab 14:30 Uhr in der
Gemeinde probiert werden. Es werden Rezepte vorbereitet, mit welchem Sie sich
die traditionelle Küche „mit nach Hause“ nehmen können.Um 16:00 Uhr findet in der Synagoge ein Vortrag zum Thema „füreinander
streiten“ statt.Abgeschlossen wird der Tag der offenen Tür mit dem abendlichen Konzert um 18:00 Uhr, bei welchem uns das synagogale Ensemble mit dem Solisten, Kantor André Sitnow musikalisch erfreuen wird. Die Ticktes zum Preis von 20,00 €
können am Veranstaltungstag an der Abendkasse erworben werden. (Nur Barzahlung
möglich)Wir freuen uns auf Ihren Besuch.",https://kalender.karlsruhe.de/db/termine/stadtleben/europaischer_tag_der_judischen_kultur-1
"""Tag der offenen Tür"" im Badischen Schulmuseum Karlsruhe",2025-09-07T13:00:00,"Badisches Schulmuseum Karlsruhe, Waldenserschule Palmbach","Henri-Arnaud-Straße 7, 76228 Kalsruhe - Palmbach",,,"Zum einem""Tag der offenen Tür""lädt das Badische Schulmuseum in die ehemalige Waldenserschule in den Stadtteil Palmbach ein.Betreten Sie eine Welt, in der Schiefertafel, Fibel, Feder und Tintenfass einst treue Begleiter im Unterricht waren - heute wirken sie im Zeitalter von Laptops, Handys und Co. wie Relikte aus einer anderen Zeit. Er erwartet Sie ein historisches Klassenzimmer aus früherer Zeit und ein Klassenzimmer aus den 50er Jahren sowie eine liebevoll eingerichtete Lehrerwohnung ""anno 1890"" im Dachgeschoss. Darüber hinaus Exponate zu den Themen Schule und Religion.Ein historisches Highlight ist dasSchulwandbild ""Palmbacher Märchenwelt""von 1929, erschaffen vom bekannten deutschen Maler Hans Fischer-Schuppach.Gerne begrüßen wir Sie bei Kaffee und Kuchen im Schulmuseum.Für Besuchergruppen und Schulklassen vereinbaren wir gerne Termine für einen historischen Schulunterricht bei Fräulein Lehrerin.Bei einem Besuch in Palmbach können Sie außerdem den örtlichen Waldenserweg erkunden. Siehe www.waldenserweg.de",https://kalender.karlsruhe.de/db/termine/stadtleben/tag_der_offenen_tur_im_badischen_schulmuseum_karlsruhe-3
Offene Pforte 2025,2025-09-07T12:00:00,Private Gärten und Höfe der Offenen Pforte,,,,"Zwei Hochbeete mit Gewürzen und Gemüse sowie ein Goldfischbecken laden ein zum Verweilen. Der hintere Teil des Gartens bildet den urigen und verwunschenen Part. Zudem können dort verschiedensten Kunstobjekte entdeckt werden, die Hans-Jürgen Kurz in seinem Freilustatelier selbstständig herstellt.Wo?Roggenbachstraße 8, Stadtteil: NordstadtWann?Sonntag, 7. September von 12 bis 19 UhrWer?Christine Schmidt-Staub und Hans-Jürgen Kurz",https://kalender.karlsruhe.de/db/termine/stadtleben/offene_pforte2025n-27
Der Karlsruher Hauptfriedhof - Bestattungsriten der Kulturen und Glaubensrichtungen,2025-09-07T11:00:00,Brunnen vor dem Haupteingang des Hauptfriedhofs,"Haid-und-Neu-Straße 33, 76131 Karlsruhe",49.0140985,8.4301694,"Stadtführungen einmal anders - spannend, informativ und immer überraschend! Die Führungen von stattreisen Karlsruhe 
e.V. ermöglichen neue 
Einblicke in Geschichte und Architektur, in das Alltagsleben früherer Zeiten - und in verborgene Ecken und Winkel
der Stadt, die Einheimische und Gäste der Stadt gleichermaßen faszinieren.Anmeldung und Informationen zur Teilnahmegebühr auf der Website!",https://kalender.karlsruhe.de/db/termine/stadtleben/der_karlsruher_hauptfriedhof_bestattungsriten-2
Michel in der Suppenschüssel (ab 5) im Waldzentrum,2025-09-07T11:00:00,Waldzentrum Karlsruhe,"Linkenheimer Allee 10, 76131 Karlsruhe",49.0304857,8.4067057,"Hast du schon mal was von Michel gehört?
Michel aus Lönneberga in Smäland in Schweden?
Dieser Michel ist 5 Jahre alt und so stark wie ein kleiner Ochse. Und wenn er schläft, sieht er aus wie ein kleiner Engel.
Und wenn er nicht schläft, hat er mehr Unsinn im Kopf, als das Jahr Tage hat.
Jedenfalls verging kein Tag, an dem nicht irgendeiner stöhnte: „Oh dieser Michel!“
Dabei tat er das alles nur aus lauter Freundlichkeit und damit alle ein lustiges Leben haben…

 „Wie man Kinderbücher schreibt?
Man muss nur einfach selbst ein Kind gewesen sein. Und sich daran erinnern wie es war.“  (Astrid Lindgren)Spiel: 		Friederike Krahl und Thomas HänselRegie:		Lisa Augustinowski",https://kalender.karlsruhe.de/db/termine/theater/michel_in_der_suppenschussel_ab_5_im_waldzentrum
Heimatstadt Karlsruhe Stadtführung,2025-09-07T11:00:00,Tourist-Information am Marktplatz,"Kaiserstraße 72-74, 76133 Karlsruhe",49.0097996,8.4041251,"Trotz seinen gerade einmal 300 Jahren blickt Karlsruhe auf eine bewegte Vergangenheit zurück. Als barocke Planstadt ein Novum seiner Zeit, hat sich die Stadt diesen Pioniergeist bis heute erhalten. Unterwegs mit unseren Stadtführern erfahren Sie alles über die Entstehung Karlsruhes und den Werdegang der Stadt zu einem wichtigen Kultur- und Innovationsstandort. Gespickt mit witzigen Anekdoten und den persönlichen Geheimtipps unserer besten Stadtkenner wird jede Führung ein besonderes Erlebnis.",https://kalender.karlsruhe.de/db/termine/stadtleben/heimatstadt_karlsruhe_stadtfuhrung-356
Trink Wasser! – Spazier-Tour zu Karlsruher Trinkbrunnen,2025-09-07T11:00:00,Tourist-Information am Marktplatz,"Kaiserstraße 72-74, 76133 Karlsruhe",49.0097996,8.4041251,"Karlsruhe ist eine wichtige ""Wasser- und Brunnenstadt"" in Deutschland. Besonders die Trinkbrunnenkultur erweist sich als vielfältig. An 44 öffentlichen Trinkbrunnen lässt sich der Durst stillen. Sie reichen von den prächtigen Denkmalbrunnen des Stadtbaumeisters Friedrich Weinbrenner über den ""Wasserschöpfenden Knaben"" vor der Kleinen Kirche bis hin zu zeitgenössischen Trinkbrunnen-Skulpturen wie dem ""Waldbrunnen"" oder dem ""Herrenbrunnen"" in der Kaiserstraße.Angesichts des Klimawandels, der immer mehr Hitzetage mit sich bringt, werden Trinkbrunnen immer wichtiger für die Stadt. Sie sind kostengünstige, gut kontrollierte und gesunde Wasserquellen, verbessern das Mikroklima und dienen als Orte des geselligen Miteinanders. Zugleich tragen sie zum Klimaschutz bei: Leitungswasser spart Plastikmüll und CO2 .Dauer:2 StundenTreffpunkt:Touristinformation am MarktplatzPreis:12,00 € pro PersonHinweis:Im Sinne der Nachhaltigkeit bitten wir Sie, Ihr eigenes Trinkgefäß mitzubringen. Es werden aber auch Trinkbecher zur Verfügung gestellt. Bezahlung direkt beim Anbieter. Es gelten die AGB/Stornobedingungen des Anbieters.",https://kalender.karlsruhe.de/db/termine/stadtleben/trink_wasser_spazier_tour_zu_karlsruher_trinkbrunnen-13
Joggingtour Karlsruhe,2025-09-07T11:00:00,City Tour durch Karlsruhe,,,,"Karlsruhe von einer anderen Seite entdecken? Du möchtest die Stadt erkunden, Sport soll aber nicht zu kurz kommen?Dann bist du bei uns genau richtig! Egal ob Laufanfänger oder Laufprofi, früher Vogel oder Nachteule, privat oder geschäftlich, alleine oder in der Kleingruppe unterwegs. Wir haben für jeden das passende Angebot. Auf unseren Lauftouren bleibt niemand auf der Strecke, weder konditionell noch kulturell.Wir verbinden Laufsport und Stadtführung auf eine einzigartige Weise. Mit uns bekommst du nützliche Informationen für deinen Aufenthalt, Fun Facts und Geheimtipp von Einheimischen.Auch andere zusätzliche Termine sind jederzeit nach Rücksprache mit dem Veranstalter möglich.Treffpunkt: Direkt vor dem Rathaus der Stadt KarlsruhePreise:Erwachsene: Euro 10,00Kinder und Jugendliche 6-14 Jahre: freiInfoTel.: 0721/91679888 oder mobil 0170/2935072Internet: www.stadtfuehrungen-karlsruhe.deAnmeldung erforderlichMindestteilnehmerzahl: 6 Personen",https://kalender.karlsruhe.de/db/termine/stadtleben/joggingtour_karlsruhe-9
Karlsruhe Stadtführung per Rad,2025-09-07T10:00:00,City Tour durch Karlsruhe,,,,"Stadtführungen mit dem FahrradErlebe Karlsruhe aktiv auf einer geführten Fahrradtour. Entdecke die grünen Oasen der Stadt, radle entlang des Albufers und genieße die frische Luft, während Du interessante Fakten über die Fächerstadt Karlsruhe erfährst.Solltest du über kein eigenes Fahrrad verfügen sprich uns gerne an.Anmeldung erforderlich unter: Marc.Fischer@boservice.org oder Telefon: 0721/91679888 mobil: 0170/2935072Erwachsene: Euro 18,00Mindestteilnehmeranzahl: 6 PersonenDie Tour kann auch exklusiv als Gruppenevent gebucht werden.Preise:Kinder bis 14 Jahre: 10,00Internet: www.stadtfuehrungen-karlsruhe.de",https://kalender.karlsruhe.de/db/termine/sportveranstaltung/karlsruhe_stadtfuhrung_per_rad-74
Karlsruhe Stadtführung per Rad,2025-09-07T10:00:00,City Tour durch Karlsruhe,,,,"Stadtführungen mit dem FahrradErlebe Karlsruhe aktiv auf einer geführten Fahrradtour. Entdecke die grünen Oasen der Stadt, radle entlang des Albufers und genieße die frische Luft, während Du interessante Fakten über die Fächerstadt Karlsruhe erfährst.Solltest du über kein eigenes Fahrrad verfügen sprich uns gerne an.Anmeldung erforderlich unter: Marc.Fischer@boservice.org oder Telefon: 0721/91679888 mobil: 0170/2935072Erwachsene: Euro 18,00Mindestteilnehmeranzahl: 6 PersonenDie Tour kann auch exklusiv als Gruppenevent gebucht werden.Preise:Kinder bis 14 Jahre: 10,00Internet: www.stadtfuehrungen-karlsruhe.de",https://kalender.karlsruhe.de/db/termine/sportveranstaltung/karlsruhe_stadtfuhrung_per_rad-72
Karlsruhe Stadtführung per Rad,2025-09-07T10:00:00,City Tour durch Karlsruhe,,,,"Mit dem Fahrrad / E-Bike zeigen wir dir interessante Ecken von Karlsruhe, die dir ansonsten verborgen bleiben.Unsere Gästeführer sind fachlich ausgebildet und Mitglied im Bundesverband der Deutschen Gästeführer e.V.Solltest du über kein eigenes Fahrrad verfügen sprich uns gerne an.Anmeldung erforderlich unter: Marc.Fischer@boservice.org oder Telefon: 0721/91679888 mobil: 0170/2935072Mindestteilnehmeranzahl: 6 PersonenDie Tour kann auch exklusiv als Gruppenevent gebucht werden.Preise:Erwachsene: Euro 18,00Kinder bis 14 Jahre: 10,00Internet: www.stadtfuehrungen-karlsruhe.de",https://kalender.karlsruhe.de/db/termine/sportveranstaltung/karlsruhe_stadtfuhrung_per_rad-64
Bionik bei Pflanzen,2025-09-07T10:00:00,KIT Botanischer Garten,"Am Fasanengarten 2, 76131 Karlsruhe",49.0127476,8.4190266,"Jeder kennt den Lotuseffekt als Paradepferd für bionische
Erfindungen bei Pflanzen. Aber kennen Sie auch den bionischen Wärmetauscher,
den Schneebesen-Effekt bei Salvinia oder den bionischen Salzstreuer?Diese Führung ist besonders auch für Kinder ab 8
Jahren sehr interessant. Sie ist ein Streifzug durch die Pflanzenweilt, bei dem
altbewährte und aktuelle bionische Anwendungen basierend auf pflanzlichen
Entdeckungen erläutert werden.Referentin: Dr. Beatrix ZabanHinweis: Teilnehmerzahl begrenzt – Anmeldung deshalb dringend empfohlen unter:www.kit-gartenfreunde.de/veranstaltungen",https://kalender.karlsruhe.de/db/termine/wirtschaft/bionik_bei_pflanzen
Vortrag: Die Klänge des Alls,2025-09-08T20:00:00,Staatliches Museum für Naturkunde Karlsruhe,"Erbprinzenstraße 13, 76133 Karlsruhe",49.0069855,8.4001442,Vortrag von Dr. Waldemar Martens (ESOC Darmstadt)in Zusammenarbeit mit der Astronomischen Vereinigung Karlsruhe e.V. (avka)Eintritt frei,https://kalender.karlsruhe.de/db/termine/ausstellungen/vortrag_die_klange_des_alls
Klangkaleidoskop,2025-09-08T18:30:00,Ev. Stadtkirche Karlsruhe,"Marktplatz, 76133 Karlsruhe",49.0089483,8.4038789,"Die begehbare Kunstinstallation „STELLAR SANCTUARY“ von Maxin10sity ist vom 14.8. bis 14.9.2025 täglich von 20.30 (August) bzw. 19.30 (Sepember) bis 22.30 Uhr in der Ev. Stadtkirche Karlsruhe zu erleben (nicht am 17.8.).Jeden Montag gibt es dazu mit KLANGKALEIDOSKOP ein besonderes musikalisches Begleitprogramm:Montag, 18. August 2025, 19.30 UhrKLANGKALEIDOSKOP 1duo in progressLeslie Thomé, Flöte & AltflöteFrank Thomé, Marimba, Vibraophon, Handpans, Kalimba, AquaphonArchaische Klänge – Flöte und Trommel im DialogMontag, 25. August 2025, 19.30 UhrKLANGKALEIDOSKOP 2Cheng Hongyu, GuqinRainer Granzin, KlavierChinesische Guqin-Tradition und jazzige Klavierklänge begegnen sichMontag, 1. September 2025, 18.30 UhrKLANGKALEIDOSKOP 3Peter Lehel, Saxophon soloEin Saxophon, ein Atem erfüllt den Kirchenraum mit Schwingung, Tönen und MusikMontag, 8. September 2025, 18.30 UhrKLANGKALEIDOSKOP 4Die LiBellenAnna Toró, Flöte I Eveline Dittmer, ViolineCarola Herz, Saxophon I Erina Beutelspacher, PianoEintritt frei, um Spenden wird gebeten",https://kalender.karlsruhe.de/db/termine/musik/klangkaleidoskop-3
Pilzberatung 2025,2025-09-08T17:00:00,Staatliches Museum für Naturkunde Karlsruhe,"Erbprinzenstraße 13, 76133 Karlsruhe",49.0069855,8.4001442,"am Seiteneingang des Pavillons im Nymphengarten hinter dem NaturkundemuseumPilzfachleute helfen bei der Bestimmung gesammelter Pilze, informieren über Speisewert, Merkmale, Bedeutung im Naturhaushalt und vieles mehr.Als Beratende wirken fachkundige Mitglieder der Arbeitsgruppe Pilze des Naturwissenschaftlichen Vereins Karlsruhe.Das Angebot ist kostenlos!Weitere Informationen unterwww.pilze-karlsruhe.de",https://kalender.karlsruhe.de/db/termine/ausstellungen/pilzberatung2025n-4
Heimatstadt Karlsruhe Stadtführung,2025-09-08T14:00:00,Tourist-Information am Marktplatz,"Kaiserstraße 72-74, 76133 Karlsruhe",49.0097996,8.4041251,"Trotz seinen gerade einmal 300 Jahren blickt Karlsruhe auf eine bewegte Vergangenheit zurück. Als barocke Planstadt ein Novum seiner Zeit, hat sich die Stadt diesen Pioniergeist bis heute erhalten. Unterwegs mit unseren Stadtführern erfahren Sie alles über die Entstehung Karlsruhes und den Werdegang der Stadt zu einem wichtigen Kultur- und Innovationsstandort. Gespickt mit witzigen Anekdoten und den persönlichen Geheimtipps unserer besten Stadtkenner wird jede Führung ein besonderes Erlebnis.",https://kalender.karlsruhe.de/db/termine/stadtleben/heimatstadt_karlsruhe_stadtfuhrung-290
Theaterworkshop:Ferien in Fantasia!,2025-09-12T09:00:00,"Imagine, Schauspielschule für Kinder und Jugendliche","Ettlinger Straße5, 76133 Karlsruhe",,,"5 Tage Ferienspaß beim Theaterspielen!Wohin fahrt ihr in den Ferien? Auf den Mond? Auf eine Pirateninsel? Alles ist möglich!In unserem Theaterworkshop machen wir eine Reise ins Reich der Fantasie. Ihr könnt alles machen, überall hinfahren und alles sein, was ihr wollt. Ihr müsst es nur erfinden. Gemeinsam erobern wir die Bretter, die die Welt bedeuten und zeigen am Ende, was wir dort erlebt haben.Der Theaterkurs soll vor allem die Lust am Spiel, den Mut und das Selbstvertrauen wecken, sich in verschiedenen Rollen selbst zu entdecken.Ladet Eure Freunde und Familie zur Abschlussaufführung ein!",https://kalender.karlsruhe.de/db/termine/theater/theaterworkshopferien_in_fantasia-10
Baukasten Karlsruhe,,Regierungspräsidium Karlsruhe (am Rondellplatz),"Karl-Friedrich-Straße 17, 76133 Karlsruhe",49.00734,8.4039066,"Anlässlich des zweihundertjährigen Jubiläums des KIT beleuchten die 
Institute der Fakultät für Architektur in einer gemeinsamen Ausstellung 
die gestalterischen Wechselwirkungen zwischen der eigenen Institution 
und der Stadt Karlsruhe.Die Ausstellung zeigt eine Auswahl architektonisch wertvoller Bauwerke
 Karlsruhes, die in ihren funktionalen, gestalterischen und semantischen
 Zusammenhängen als Komponenten des sich wandelnden Umweltsystems 
gelesen werden. Die ausgesuchten Gebäude und Infrastrukturen sind im 
Verlauf der vergangenen 200 Jahre unter maßgeblicher Beteiligung von 
Mitgliedern der Architekturfakultät entstanden.Ausgestellt werden Modelle, Fotos, Zeichnungen und Projektionen, die 
in den vergangenen vier Semestern im Rahmen von Seminaren und Entwürfen 
an der Fakultät für Architektur des KIT erschlossen und generiert worden
 sind.",https://kalender.karlsruhe.de/db/termine/architektur/baukasten_karlsruhe
New(s)Views,2025-09-09T19:30:00,Stadtbibliothek Karlsruhe - Amerikanische Bibliothek,"Kanalweg 52, 76149 Karlsruhe",49.0330246,8.3922699,Every 2nd Tuesday of the month from 19.30-21.00Join us for a relaxed yet structured evening of reading and discussing articles from current news media. In English.No need to sign up!,https://kalender.karlsruhe.de/db/termine/literatur/newsviews-19
Feierabend - jetzt was Gutes tun: Wir hacken das schon #nmfka,2025-09-09T18:30:00,netzstrategen GmbH,"Alter Schlachthof 47, 76131 Karlsruhe",49.0053319,8.4309139,"Wann?Dienstag, 9. September 2025, ab 18:30 UhrWo?netzstrategen GmbH – Mitten im kreativen Flair des Alten Schlachthofs KarlsruheVorträge (ab 19 Uhr)Wir zerlegen das! Wie du KI generierte Inhalte erkennst (Anna Schild, Deutsche Welle)… to be announced …Was Dich erwartetDu suchst Austausch, der mehr bringt als Smalltalk? Beim Feierabend treffen sich seit über 10 Jahren Macher:innen aus Digital Business, Online Marketing, E-Commerce, UX Design, Content, KI & Co – nicht nur zum Quatschen, sondern umecht was zu bewegen:Wissen: Ob Tool-Tipps, Erfahrungsberichte oder Zukunftsthemen – hier teilen wir, was uns voranbringt.Chancen: Vom Startup bis zum Konzern – finde Partner, neue Projekte oder Inspiration für Deine nächste Challenge.Proaktiv in unsicheren Zeiten: Gemeinsam steuern wir gegen! Tausch Dich aus, lerne von anderen und entdecke neue Wege.Locker & menschlich: Kein Pitch-Stress, keine versteckte Agenda. Nur echte Gespräche mit coolen Menschen aus der Region.Deine Bühne!Hast Du ein Thema, das brennt? Ein Tool, das alle kennen sollten? Sprich uns an! Der Feierabend lebt von Deinem Input – ob als kurzer Impuls oder lockere Diskussion.Warum es sich lohnt:Horizonte erweiternin entspannter AtmosphäreLeute kennenlernen: Karlsruhes digitale Szene live & ungezwungenKostenlos & mit Herz: Wir sammelnSpenden für die ARCHE KarlsruheFür kühle Getränke und leckere Snacks ist bestens gesorgt! Lade gerne Deine Kolleg:innen und andere Interessierte ein. Wir freuen uns auf Dich!Wir freuen uns auf Dich – und auf viele neue Impulse!Deine netzstrategen",https://kalender.karlsruhe.de/db/termine/wirtschaft/feierabend_jetzt_was_gutes_tun_wir_hacken
Checkpoint Karlsruhe | 09.09.2025,2025-09-09T18:30:00,AIDS-Hilfe Karlsruhe e.V. - Zentrum für sexuelle Gesundheit,"Sophienstraße 102, 76135 Karlsruhe",49.0080257,8.3825952,"Jeden Dienstagabend von 18:30 - 20:00 Uhr können Sie sich in unserem Checkpoint auf HIVund andere sexuell übertragbare Infektionen (STI)testen lassen.Testung nur mit telefonischer Anmeldung unter 0721 / 35 48 16 0Hinweis: Bei Symptomen (z.B. Juckreiz, Ausfluss) bitte direkt in ärztliche Behandlung begeben. Wir sind KEINE ärztliche Einrichtung!Der Zugang ist barrierefrei!ZeSIA Karlsruhe | Sophienstraße 102, 76135 KarlsruheWeitere Infos unter: www.zesia-ka.de",https://kalender.karlsruhe.de/db/termine/checkpoint_karlsruhe09092025n
Klima Puzzle Workshop - Wir haben die Karten in der Hand,2025-09-09T18:00:00,Zukunftsraum für Nachhaltigkeit und Wissenschaft,"Rintheimer Straße 46, 76131 Karlsruhe",49.011062,8.4299289,"DER WORKSHP:Ein Gruppenevent, das auf den Berichten 
des IPCC (Weltklimarat) basiert und die wichtigsten Infos daraus auf 42 
Spielkarten aufschlüsselt. Als Team bringt man diese Spielkarten in ihre
 Reihenfolge von Ursache und Wirkung und erkennt so den systemischen 
Charakter des Klimawandels. Unser Ansatz fördert kritisches und 
interdisziplinäres Denken, kurbelt den Teamgeist an und gibt Raum für 
einen offenen Dialog und eine lösungsorientierte Diskussion, so dass 
sowohl Profis als auch Neulinge etwas mitnehmen können. Klingt 
kompliziert – ist aber ganz einfach!DREI PHASEN:-
 NACHDENKEN (ca. 90 Minuten): in 5 Spielrunden untersucht das Team die 
42 Spielkarten auf ihre Ursache-Wirkungs-Beziehung und erstellt so 
gemeinsam das Puzzle.- KREATIVITÄT (ca. 30 Minuten): buntes Gestalten des fertigen Puzzles, um das Gelernte zu verarbeiten und sich anzueignen.-
 REFLEKTION (ca. 60 Minuten): in Dialog treten, gemeinsam reflektieren, 
Ideen austauschen und eine lösungsorientierte Diskussion führen. 
Gedanken, Motivationen und Ängste teilen und über nächste Schritte 
nachdenken.------------------------------------------------------------------------------------------------------------------------HINTERGRUND:
 Der Workshop inspiriert viele Teilnehmer*innen dazu, selbst 
Workshopleiter*innen zu werden. So entstand eine weltweite Community an 
Klima Puzzler*innen: In über 150 Ländern puzzeln wir in 45 Sprachen! Ca.
 2.100.000 Menschen Weltweit haben schon gepuzzelt! Und du?------------------------------------------------------------------------------------------------------------------------Für Erwachsene und Jugendliche ab 14 Jahren.Mindestteilnehmerzahl für den Workshop: 4 Personen.ANMELDUNG:KOSTENLOS aber VERBINDLICH, wir rechnen also mit eurem Kommen!Anmeldelink: https://association.climatefresk.org/training_sessions/c9e26cb3-9e72-47ad-9502-5b3cfc25d28e/show_public?language=en&tenant_token=36bd2274d3982262c0021755",https://kalender.karlsruhe.de/db/termine/wirtschaft/klima_puzzle_workshop_wir_haben_die_karten_in_der_hand-34
VORLESEZEIT in der Waldstadt,2025-09-09T16:00:00,Stadtbibliothek Karlsruhe - Stadtteilbibliothek Waldstadt,"Neisser Straße 12, 76139 Karlsruhe",49.0351807,8.4443109,Die Stadtteilbibliothek Waldstadt lädt alle Kinder zwischen 4 und 6 Jahren zur Vorlesezeit ein.An verschiedenen Freitagen im Monat.Zielgruppe:4 und 6 JahrenAnmeldung:ohne AnmeldungEintritt:kostenfreiOrt:Stadtteilbibliothek WaldstadtIllustration: AdobeStock - GoodStudio,https://kalender.karlsruhe.de/db/termine/literatur/vorlesezeit_in_der_waldstadt-6
Experimente (5–7 Jahre): Feuer,2025-09-09T15:30:00,Staatliches Museum für Naturkunde Karlsruhe,"Erbprinzenstraße 13, 76133 Karlsruhe",49.0069855,8.4001442,Naturwissenschaftliche Experimente für KinderUnsere Experimentekurse für 5- bis 7-Jährige – hier können Kinder verschiedene Themen aus den Naturwissenschaften spielerisch erforschen.Nach acht besuchten Kursen erhalten die Kinder ein Diplom.Mit freundlicher Unterstützung der Jugendstiftung der Sparkasse Karlsruhe.Dauer: ¾ StundeKosten inkl. Eintritt und MaterialAnmeldung online ab 18. Juni möglich,https://kalender.karlsruhe.de/db/termine/ausstellungen/experimente_57_jahre_feuer-1
Experimente (5–7 Jahre): Feuer,2025-09-09T14:30:00,Staatliches Museum für Naturkunde Karlsruhe,"Erbprinzenstraße 13, 76133 Karlsruhe",49.0069855,8.4001442,Naturwissenschaftliche Experimente für KinderUnsere Experimentekurse für 5- bis 7-Jährige – hier können Kinder verschiedene Themen aus den Naturwissenschaften spielerisch erforschen.Nach acht besuchten Kursen erhalten die Kinder ein Diplom.Mit freundlicher Unterstützung der Jugendstiftung der Sparkasse Karlsruhe.Dauer: ¾ StundeKosten inkl. Eintritt und MaterialAnmeldung online ab 18. Juni möglich,https://kalender.karlsruhe.de/db/termine/ausstellungen/experimente_57_jahre_feuer
Laufrädle trifft Rollator – Gemeinsam in Bewegung,2025-09-09T10:00:00,Hardtwaldzentrum,"Kanalweg 40/42, 76149 Karlsruhe",49.0305562,8.3930973,"Bewegung verbindet Generationen!Ob mit Laufrädle oder Rollator – wir bringen Klein und Groß gemeinsam in Bewegung. Freu dich auf Spaziergänge, Bewegungsübungen und spielerisches Gedächtnistraining. Ein Angebot für alle Generationen – draußen, gemeinsam, mit Freude!Bei schlechtem Wetter bleiben wir drinnen.Einfach bequeme Kleidung anziehen, Sportbekleidung ist nicht notwendig.Wir starten ab 19.08.2025, immer dienstags von 10-11 Uhr, für 6 Termine(bis 23.09.2025).Treffpunkt: Raum „Offener Treff“im Hardtwaldzentrum (Untergeschoss, Aufzug vorhanden). Bei schönem Wetter geht’s raus, bei schlechtem bleiben wir drinnen.Das Angebot ist kostenlos.Gerne weitersagen!Eine Anmeldung ist nicht notwendig.DerTreffpunkt Hardtwaldzentrumist ein Angebot desSeniorennetzwerksund desStartpunkt Elterncafés. Es finden regelmäßige Treffen sowie besondere Veranstaltungen statt. Alle zwischen 0 und 104 sind herzlich dazu eingeladen.Das Hardtwaldzentrum ist barrierefrei, barrierefreie Toiletten sind vorhanden.Die Angebote werden gefördert durch die Stadt Karlsruhe, u.a. durch das Fördermodul C.--Grafik: ChatGPT",https://kalender.karlsruhe.de/db/termine/stadtleben/laufradle_trifft_rollator_gemeinsam_in_bewegung-3
Offene Experimentewerkstatt,2025-09-09T10:00:00,Staatliches Museum für Naturkunde Karlsruhe,"Erbprinzenstraße 13, 76133 Karlsruhe",49.0069855,8.4001442,Ferienangebot für Kinder ab 5 JahrenDauer: 3 Std.Teilnahme frei,https://kalender.karlsruhe.de/db/termine/ausstellungen/offene_experimentewerkstatt
Sprechstunde: Einfach digital!,2025-09-09T10:00:00,Stadtbibliothek Karlsruhe - Stadtbibliothek im Neuen Ständehaus - Sprechstunde,"Ständehausstraße 2, 76133 Karlsruhe",49.0089212,8.4003588,"Sie haben Fragen zu Ihrem Smartphone oder einer App? Ihr Tablet 
bereitet Ihnen Kopfzerbrechen? Das neue Update will einfach nicht 
funktionieren? In eineroffenen Sprechstunde jeden Dienstaghilft ein*e 
Mitarbeiter*in der Stadtbibliothek bei Problemenrund um Ihre digitalen 
Endgeräte(Smartphone, Tablet oder Laptop) und deren Nutzung.Bei Fragen zu unserer 
Online-Bibliothek ""Onleihe"" oder der Nutzung von E-Book-Readern besuchen
 Sie bitte unsere Onleihe-Sprechstunde jeden Mittwoch und Donnerstag.Zielgruppe:alle Menschen mit Fragen rund ums SmartphoneAnmeldung:ohne AnmeldungEintritt:kostenfreiOrt:Stadtbibliothek im Neuen Ständehaus, Infotheke im 1. OG",https://kalender.karlsruhe.de/db/termine/literatur/sprechstunde_einfach_digital-13
Aurora - Wunder des Nordlichts,2025-09-07T17:00:00,PLANET KA Planetarium Karlsruhe,"Alter Schlachthof 4, 76131 Karlsruhe",49.0039151,8.4304661,"Das Polarlicht gehört zu den wunderbarsten Naturerscheinungen, die man erleben kann: als Nordlicht („Aurora Borealis“) im hohen Norden und als Südlicht („Aurora Australis“) im tiefen Süden.Dem koreanischen Astrophotographen Kwon O Chul gelang es weltweit zum ersten Mal, diese Leuchterscheinung in ihren vielen Facetten aufzunehmen. In Echtzeit und 4K-Auflösung offenbart die ultra-hochempfindliche Kameratechnik die Schönheit und Vielfalt des Polarlichts – ein grandioser Tanz der Formen und Farben im „Rundum-Format“ an der Sternenkuppel des Planetariums!Originalaufnahmen von Bord der Internationalen Raumstation ISS und naturgetreue Computer-Visualisierungen bringen uns Legenden und die wissenschaftliche Untersuchung der Polarlichter näher.Eine Produktion von Kwon O ChulZur Einleitung präsentieren wir live den aktuellen Sternenhimmel über Karlsruhe.Dauer ca. 60 MinutenFür Erwachsene und Kinder ab 10 JahreEinlass: ab ca. 30 Min. vor Beginn.Bitte beachten: Kein Nacheinlass!Ungenutzte Tickets verfallen ersatzlos.",https://kalender.karlsruhe.de/db/termine/wirtschaft/aurora_wunder_des_nordlichts-22
Ein Sternbild für Flappi,2025-09-07T15:00:00,PLANET KA Planetarium Karlsruhe,"Alter Schlachthof 4, 76131 Karlsruhe",49.0039151,8.4304661,"Kinder- & Familienprogramm:""Ein Sternbild für Flappi""für Kinder ab 4 Jahren und die ganze FamilieFlappi ist anders als die meisten Fledermäuse. Das bekommt sie schon in ihrer Familie zu hören. Es fängt damit an, dass sie nicht wie “anständige Fledermäuse” über Kopf hängend schläft, sondern aufrecht…Vielleicht bringt sie das dazu, dass sie nachts die “Glühwürmchen” am Himmel entdeckt, die aber so weit entfernt sind, dass man sie nicht fangen kann. Ob sie wohl schmecken? – Dass sie “Sterne” heißen, und keine Glühwürmchen sind, erfährt sie von Skybat, der Himmelsfledermaus, die extra vom Mond herabkommt, um der kleinen Flappi auf die Sprünge zu helfen und ihr schon mal ein paar der wichtigsten Sternbilder beizubringen.Ein Sternbild Fledermaus ist jedoch nicht darunter. Es sind bislang alles nur Sternbilder der Menschen.Also macht sie sich selbst auf die Suche durch die Nacht...Ein Plädoyer für Eigensinn und Fantasie.Dauer: gut 1 Stunde. Empfohlen ab 4 Jahren.Einlass: ab ca. 30 Min. vor Beginn.Bitte beachten: Kein Nacheinlass! Bitte seien Sie pünktlich vor Ort.Ungenutzte Tickets verfallen ersatzlos.",https://kalender.karlsruhe.de/db/termine/literatur/ein_sternbild_fur_flappi-29
Dinosaurier - die Geschichte des Überlebens,2025-09-07T13:30:00,PLANET KA Planetarium Karlsruhe,"Alter Schlachthof 4, 76131 Karlsruhe",49.0039151,8.4304661,"Wie fast alle Kinder ist Celeste von Dinosauriern fasziniert. Gerade bereitet sie für ihre Klasse einen Vortrag darüber vor, wie die Dinosaurier ausgestorben sind. Da stellt „Mond“, eine weise und magische Figur, eine verlockende Frage: „Was wäre, wenn ich dir sagen würde, dass es noch Dinosaurier unter uns gibt?“Celeste begibt sich mit „Mond“ auf eine Reise durch die Zeit. Dabei erleben sie ein aufregendes Abenteuer, bei dem sie die Erde sehen, wie sie in der fernen Vergangenheit war.Welche faszinierenden Veränderungen machten diese Tiere im Laufe der Jahrmillionen durch? Wie entwickelten sie sich zu riesigen Kreaturen und erschreckenden Raubtieren? Was geschah an dem Tag, an dem ein katastrophaler Einschlag eines Asteroiden ein Massenaussterben auf der Erde verursachte?Doch es ist noch nicht alles verloren. Celeste wird den Schlüssel zum Überleben der Dinosaurier entdecken...Produziert von Render AreaZur Einleitung präsentieren wir live den aktuellen Sternenhimmel über Karlsruhe.Dauer ca. 60 MinutenFür Kinder ab 7 JahrenEinlass ab ca. 30 Min. vor Beginn.Bitte beachten: Kein Nacheinlass!Ungenutzte Tickets verfallen ersatzlos.",https://kalender.karlsruhe.de/db/termine/wirtschaft/dinosaurier_die_geschichte_des_uberlebens-26
Der Regenbogenfisch,2025-09-07T11:30:00,PLANET KA Planetarium Karlsruhe,"Alter Schlachthof 4, 76131 Karlsruhe",49.0039151,8.4304661,"Im Kinder- & Familienprogramm:Der Regenbogenfisch und seine FreundeDer Regenbogenfisch ist der schönste Fisch im weiten Ozean. Sein Schuppenkleid schimmert in allen Farben des Regenbogens: Rot, Orange, Gelb, Grün, Blau, Indigo und Violett. Eines Tages verliert er seine Glitzerschuppe. Um sie wiederzufinden, taucht ab in das tiefe Meer. Dort findet er neue Freunde, die ihm helfen, seine Glitzerschuppe wiederzubekommen.Wir laden Euch ein, gemeinsam mit dem Regenbogenfisch in die Tiefsee zu tauchen. Dabei lernt ihr, wie die Farben im Regenbogen entstehen, und wie man die Fische sogar am Sternhimmel findet..Eine Kuppelproduktion nach den Büchern von Marcus Pfister, erschienen im NordSüd-Verlag.Nach den Büchern „Der Regenbogenfisch stiftet Frieden“ und „Der Regenbogenfisch entdeckt die Tiefsee“, erschienen im NordSüd-Verlag.Dauer: ca. 1 Stunde.Empfohlen für Kinder ab 4 Jahren.Einlass ab ca. 30 Minuten vor BeginnBitte beachten: Kein Nacheinlass! Bitte seien Sie pünktlich vor Ort.Ungenutzte Tickets verfallen ersatzlos.",https://kalender.karlsruhe.de/db/termine/literatur/der_regenbogenfisch-30
Phantom des Universums,2025-09-06T21:00:00,PLANET KA Planetarium Karlsruhe,"Alter Schlachthof 4, 76131 Karlsruhe",49.0039151,8.4304661,"Die Dunkle Materie ist allgegenwärtig im Universum. Sie ist häufiger als die normale Materie der Sterne und Planeten, aber dennoch unsichtbar. Dass es sie geben muss, zeigen verschiedene astronomische Beobachtungen. Forscher fahnden nach diesem „Phantom des Universums“ mit aufwändigen Experimenten. Begeben Sie sich mit uns auf Spurensuche!Die Show erzählt die Geschichte von der Erforschung der Dunklen Materie, vom Urknall bis zu ihrem indirekten Nachweis im 21. Jahrhundert. Der Film zeigt die ersten Hinweise auf die Existenz der Dunklen Materie in den 1930er Jahren aus der Perspektive von Fritz Zwicky, jenem Wissenschaftler, der den Begriff „Dunkle Materie“ prägte. Er entführt die Zuschauer in die Tiefen einer ehemaligen Goldmine in South Dakota, zum empfindlichsten Dunkle-Materie-Detektor der Welt. Von dort geht es zum Large Hadron Collider, dem weltweit größten und leistungsstärksten Teilchenbeschleuniger am CERN in der Schweiz, wo ein internationales Wissenschaftler-Team zusammenarbeitet, um den Bestandteilen der Dunklen Materie auf die Spur zu kommen. Noch konnte die Dunkle Materie nicht direkt beobachtet werden, doch ihre Existenz wird heute in der Kosmologie kaum noch in Frage gestellt.Produktionsleitung CERN, Berkeley Lab, u.a.Dauer der gesamten Veranstaltung: ca. 60 MinutenEinlass: ab ca. 30 Min. vor Beginn.Bitte beachten: Kein Nacheinlass möglich!Ungenutzte Tickets verfallen ersatzlos.",https://kalender.karlsruhe.de/db/termine/wirtschaft/phantom_des_universums-19
Zeitreise - Vom Urknall zum Menschen,2025-09-06T19:00:00,PLANET KA Planetarium Karlsruhe,"Alter Schlachthof 4, 76131 Karlsruhe",49.0039151,8.4304661,"Wie war das mit dem Urknall? Woher kommen die Sterne und Planeten? Was hat sich auf der Erde abgespielt?Auf einer Zeitreise vom Beginn des Universums bis heute werden Sie Zeuge von der Geburt der ersten Sterne und der Entstehung der Milchstraße. Sie erleben gewaltige Sternexplosionen, katastrophale Kometeneinschläge auf der Ur-Erde und die Entwicklung des Lebens.Um die dabei auftretenden unvorstellbar großen Zeiträume besser zu begreifen, denken wir uns die kosmische Geschichte auf die Länge eines Jahres verkürzt. Das Universum wäre demnach am 1. Januar entstanden und ein Tag entspräche 40 Millionen Jahren in der Wirklichkeit. Das Aussterben der Dinosaurier vor 65 Millionen „realen“ Jahren fiele auf den 30. Dezember des kosmischen Jahres und unsere heutige Zeit, in der wir das Weltall mit Teleskopen erforschen, auf den 31. Dezember kurz vor Mitternacht. Kommen Sie mit auf eine Reise durch rund 14 Milliarden Jahre Weltgeschichte!Eine Produktion zehn deutscher Planetarien, unter anderem des Planetariums Mannheim, und unter Federführung des LWL-Planetariums MünsterDauer der Veranstaltung: ca. 60 MinutenFür Erwachsene und Kinder ab 10 JahrenEinlass: ab ca. 30 Min. vor Beginn.Bitte beachten: Kein Nacheinlass möglich! Bitte seien Sie pünktlich.Ungenutzte Tickets verfallen ersatzlos.",https://kalender.karlsruhe.de/db/termine/wirtschaft/zeitreise_vom_urknall_zum_menschen-24
Aurora - Wunder des Nordlichts,2025-09-06T17:00:00,PLANET KA Planetarium Karlsruhe,"Alter Schlachthof 4, 76131 Karlsruhe",49.0039151,8.4304661,"Das Polarlicht gehört zu den wunderbarsten Naturerscheinungen, die man erleben kann: als Nordlicht („Aurora Borealis“) im hohen Norden und als Südlicht („Aurora Australis“) im tiefen Süden.Dem koreanischen Astrophotographen Kwon O Chul gelang es weltweit zum ersten Mal, diese Leuchterscheinung in ihren vielen Facetten aufzunehmen. In Echtzeit und 4K-Auflösung offenbart die ultra-hochempfindliche Kameratechnik die Schönheit und Vielfalt des Polarlichts – ein grandioser Tanz der Formen und Farben im „Rundum-Format“ an der Sternenkuppel des Planetariums!Originalaufnahmen von Bord der Internationalen Raumstation ISS und naturgetreue Computer-Visualisierungen bringen uns Legenden und die wissenschaftliche Untersuchung der Polarlichter näher.Eine Produktion von Kwon O ChulZur Einleitung präsentieren wir live den aktuellen Sternenhimmel über Karlsruhe.Dauer ca. 60 MinutenFür Erwachsene und Kinder ab 10 JahreEinlass: ab ca. 30 Min. vor Beginn.Bitte beachten: Kein Nacheinlass!Ungenutzte Tickets verfallen ersatzlos.",https://kalender.karlsruhe.de/db/termine/wirtschaft/aurora_wunder_des_nordlichts-21
Dinosaurier - die Geschichte des Überlebens,2025-09-06T15:00:00,PLANET KA Planetarium Karlsruhe,"Alter Schlachthof 4, 76131 Karlsruhe",49.0039151,8.4304661,"Wie fast alle Kinder ist Celeste von Dinosauriern fasziniert. Gerade bereitet sie für ihre Klasse einen Vortrag darüber vor, wie die Dinosaurier ausgestorben sind. Da stellt „Mond“, eine weise und magische Figur, eine verlockende Frage: „Was wäre, wenn ich dir sagen würde, dass es noch Dinosaurier unter uns gibt?“Celeste begibt sich mit „Mond“ auf eine Reise durch die Zeit. Dabei erleben sie ein aufregendes Abenteuer, bei dem sie die Erde sehen, wie sie in der fernen Vergangenheit war.Welche faszinierenden Veränderungen machten diese Tiere im Laufe der Jahrmillionen durch? Wie entwickelten sie sich zu riesigen Kreaturen und erschreckenden Raubtieren? Was geschah an dem Tag, an dem ein katastrophaler Einschlag eines Asteroiden ein Massenaussterben auf der Erde verursachte?Doch es ist noch nicht alles verloren. Celeste wird den Schlüssel zum Überleben der Dinosaurier entdecken...Produziert von Render AreaZur Einleitung präsentieren wir live den aktuellen Sternenhimmel über Karlsruhe.Dauer ca. 60 MinutenFür Kinder ab 7 JahrenEinlass ab ca. 30 Min. vor Beginn.Bitte beachten: Kein Nacheinlass!Ungenutzte Tickets verfallen ersatzlos.",https://kalender.karlsruhe.de/db/termine/wirtschaft/dinosaurier_die_geschichte_des_uberlebens-25
Der Regenbogenfisch,2025-09-06T13:30:00,PLANET KA Planetarium Karlsruhe,"Alter Schlachthof 4, 76131 Karlsruhe",49.0039151,8.4304661,"Im Kinder- & Familienprogramm:Der Regenbogenfisch und seine FreundeDer Regenbogenfisch ist der schönste Fisch im weiten Ozean. Sein Schuppenkleid schimmert in allen Farben des Regenbogens: Rot, Orange, Gelb, Grün, Blau, Indigo und Violett. Eines Tages verliert er seine Glitzerschuppe. Um sie wiederzufinden, taucht ab in das tiefe Meer. Dort findet er neue Freunde, die ihm helfen, seine Glitzerschuppe wiederzubekommen.Wir laden Euch ein, gemeinsam mit dem Regenbogenfisch in die Tiefsee zu tauchen. Dabei lernt ihr, wie die Farben im Regenbogen entstehen, und wie man die Fische sogar am Sternhimmel findet..Eine Kuppelproduktion nach den Büchern von Marcus Pfister, erschienen im NordSüd-Verlag.Nach den Büchern „Der Regenbogenfisch stiftet Frieden“ und „Der Regenbogenfisch entdeckt die Tiefsee“, erschienen im NordSüd-Verlag.Dauer: ca. 1 Stunde.Empfohlen für Kinder ab 4 Jahren.Einlass ab ca. 30 Minuten vor BeginnBitte beachten: Kein Nacheinlass! Bitte seien Sie pünktlich vor Ort.Ungenutzte Tickets verfallen ersatzlos.",https://kalender.karlsruhe.de/db/termine/literatur/der_regenbogenfisch-31
Robotik-Workshop mit NAO  -- AUSGEBUCHT --,2025-09-06T10:00:00,Stadtbibliothek Karlsruhe - Stadtbibliothek im Neuen Ständehaus - NAO-Workshop,"Ständehausstraße 2, 76133 Karlsruhe",49.0089212,8.4003588,"In Kleingruppen lernt ihr, was einen humanoiden Roboter ausmacht und wie man ihn programmiert.In Kooperation mit dem Karlsruher Institut für Technologie (KIT).Zielgruppe:von 11 bis 14 JahrenAnmeldung:bibliothekspaedagogik@kultur.karlsruhe.deEintritt:kostenfreiOrt:Stadtbibliothek im Neuen Ständehaus, Lernstudio (1. OG)Bild: KIT, AdobeStock – Pugun & Photo Studio",https://kalender.karlsruhe.de/db/termine/literatur/robotik_workshop_mit_nao_ausgebucht_-1
Zeitreise - Vom Urknall zum Menschen,2025-09-05T21:00:00,PLANET KA Planetarium Karlsruhe,"Alter Schlachthof 4, 76131 Karlsruhe",49.0039151,8.4304661,"Wie war das mit dem Urknall? Woher kommen die Sterne und Planeten? Was hat sich auf der Erde abgespielt?Auf einer Zeitreise vom Beginn des Universums bis heute werden Sie Zeuge von der Geburt der ersten Sterne und der Entstehung der Milchstraße. Sie erleben gewaltige Sternexplosionen, katastrophale Kometeneinschläge auf der Ur-Erde und die Entwicklung des Lebens.Um die dabei auftretenden unvorstellbar großen Zeiträume besser zu begreifen, denken wir uns die kosmische Geschichte auf die Länge eines Jahres verkürzt. Das Universum wäre demnach am 1. Januar entstanden und ein Tag entspräche 40 Millionen Jahren in der Wirklichkeit. Das Aussterben der Dinosaurier vor 65 Millionen „realen“ Jahren fiele auf den 30. Dezember des kosmischen Jahres und unsere heutige Zeit, in der wir das Weltall mit Teleskopen erforschen, auf den 31. Dezember kurz vor Mitternacht. Kommen Sie mit auf eine Reise durch rund 14 Milliarden Jahre Weltgeschichte!Eine Produktion zehn deutscher Planetarien, unter anderem des Planetariums Mannheim, und unter Federführung des LWL-Planetariums MünsterDauer der Veranstaltung: ca. 60 MinutenFür Erwachsene und Kinder ab 10 JahrenEinlass: ab ca. 30 Min. vor Beginn.Bitte beachten: Kein Nacheinlass möglich! Bitte seien Sie pünktlich.Ungenutzte Tickets verfallen ersatzlos.",https://kalender.karlsruhe.de/db/termine/wirtschaft/zeitreise_vom_urknall_zum_menschen-26
Aliens: Ferne Welten - fremdes Leben?,2025-09-05T19:00:00,PLANET KA Planetarium Karlsruhe,"Alter Schlachthof 4, 76131 Karlsruhe",49.0039151,8.4304661,"Wohl keine andere Frage, die wir über das Universum stellen können, beschäftigt uns so stark, und wohl keine Entdeckung hätte so große Bedeutung für unser Weltbild wie die außerirdischer Lebewesen. In den letzten Jahren haben wir unglaubliche Fortschritte gemacht. – und in unserer brandneuen Planetariumsshow sind Sie hautnah dabei!Begleiten Sie uns auf einer fantastischen Spurensuche im Kosmos. Vielleicht werden wir schon vor unserer Haustür, in unserem Sonnensystem, fündig? Landen Sie mit einer Raumsonde auf dem Mars, auf dem in ferner Vergangenheit womöglich einmal Leben entstand. Erforschen Sie den Jupitermond Europa, unter dessen dickem Eispanzer sich ein gewaltiger Ozean verbirgt!Stoßen Sie dann zu den Sternen vor, den Geschwistern der Sonne, und nehmen Sie teil an der aufregenden Jagd nach erdähnlichen Planeten! Die ersten Kandidaten für bewohnbare Planeten sind schon gefunden. Aber die fernen Welten sind fremdartig: Wie mag das Leben aussehen, das sich dort – vielleicht – entwickelt hat? Lassen wir unsere Fantasie spielen … und fragen wir uns, wie die Chancen stehen, jemals intelligente Außerirdische zu finden, mit denen wir Kontakt aufnehmen können!Eine Produktion der Planetarien Münster, Bochum, Kiel, Mannheim, Wolfsburg und Osnabrück.Empfohlen ab ca. 10 JahrenProgrammdauer ca. 60 MinutenEinlass: ab ca. 30 Min. vor BeginnBitte beachten: Kein Nacheinlass möglich!Ungenutzte Tickets verfallen ersatzlos.",https://kalender.karlsruhe.de/db/termine/wirtschaft/aliens_ferne_welten_fremdes_leben-16
Captain Schnuppes Weltraumreise,2025-09-05T17:00:00,PLANET KA Planetarium Karlsruhe,"Alter Schlachthof 4, 76131 Karlsruhe",49.0039151,8.4304661,"Kinder- & Familienprogramm:Abenteuer für Kinder mit Illustrationen von Jochen Stuhrmann„Sicherheitsgurte schließen, Erklärungsmodul starten, Triebwerke zünden - keiner ist so schnell wie wir!“Es geht es auf rasante Weltraumreise! Der gutmütige hundeartige Captain Schnuppe besucht mit seinem hyperintelligenten Raumschiff Argo die Planeten unseres Sonnensystems. Begleitet wird er dabei von Sergeant Tuk, der die zwei, durch seine tollpatschige Art, immer wieder in Schwierigkeiten bringt.Das Programm ist eine Produktion der Volkssternwarte Laupheim e.V.Für die Erarbeitung der Geschichte ist es uns gelungen, den Kinderbuchautor Martin Klein zu gewinnen, der bekannte Illustrator Jochen Stuhrmann zeichnete dazu die Figuren.Zu Beginn präsentieren wir live den aktuellen Sternenhimmel über Karlsruhe.Dauer: ca. 1 Stunde. Empfohlen ab 7 Jahren.Einlass: ab ca. 30 Min. vor Beginn.Bitte beachten: Kein Nacheinlass! Bitte seien Sie pünktlich vor Ort.Ungenutzte Tickets verfallen ersatzlos.",https://kalender.karlsruhe.de/db/termine/literatur/captain_schnuppes_weltraumreise-17
Lars - der kleine Eisbär,2025-09-05T15:00:00,PLANET KA Planetarium Karlsruhe,"Alter Schlachthof 4, 76131 Karlsruhe",49.0039151,8.4304661,"Lars - der kleine EisbärIn dem spannenden Abenteuer „Kleiner Eisbär in der Walbucht“ von Hans de Beer rettet der kleine Eisbär Lars die Wale vor den Walfängern und aus einer großen Not, in die sie durch das Abschmelzen eines Gletschers geraten sind.Anschließend erfahrt ihr, wie die Eisbären wirklich leben und was ihre Heimat bedroht.Dauer: ca. 1 Stunde. Empfohlen für Kinder von 4 bis 7 Jahren.Einlass: ab ca. 30 Min. vor Beginn.Bitte beachten: Kein Nacheinlass! Bitte seien Sie pünktlich vor Ort.Ungenutzte Tickets verfallen ersatzlos.",https://kalender.karlsruhe.de/db/termine/literatur/lars_der_kleine_eisbar-24
Zeitreise - Vom Urknall zum Menschen,2025-09-04T19:00:00,PLANET KA Planetarium Karlsruhe,"Alter Schlachthof 4, 76131 Karlsruhe",49.0039151,8.4304661,"Wie war das mit dem Urknall? Woher kommen die Sterne und Planeten? Was hat sich auf der Erde abgespielt?Auf einer Zeitreise vom Beginn des Universums bis heute werden Sie Zeuge von der Geburt der ersten Sterne und der Entstehung der Milchstraße. Sie erleben gewaltige Sternexplosionen, katastrophale Kometeneinschläge auf der Ur-Erde und die Entwicklung des Lebens.Um die dabei auftretenden unvorstellbar großen Zeiträume besser zu begreifen, denken wir uns die kosmische Geschichte auf die Länge eines Jahres verkürzt. Das Universum wäre demnach am 1. Januar entstanden und ein Tag entspräche 40 Millionen Jahren in der Wirklichkeit. Das Aussterben der Dinosaurier vor 65 Millionen „realen“ Jahren fiele auf den 30. Dezember des kosmischen Jahres und unsere heutige Zeit, in der wir das Weltall mit Teleskopen erforschen, auf den 31. Dezember kurz vor Mitternacht. Kommen Sie mit auf eine Reise durch rund 14 Milliarden Jahre Weltgeschichte!Eine Produktion zehn deutscher Planetarien, unter anderem des Planetariums Mannheim, und unter Federführung des LWL-Planetariums MünsterDauer der Veranstaltung: ca. 60 MinutenFür Erwachsene und Kinder ab 10 JahrenEinlass: ab ca. 30 Min. vor Beginn.Bitte beachten: Kein Nacheinlass möglich! Bitte seien Sie pünktlich.Ungenutzte Tickets verfallen ersatzlos.",https://kalender.karlsruhe.de/db/termine/wirtschaft/zeitreise_vom_urknall_zum_menschen-23
Dinosaurier - die Geschichte des Überlebens,2025-09-04T17:00:00,PLANET KA Planetarium Karlsruhe,"Alter Schlachthof 4, 76131 Karlsruhe",49.0039151,8.4304661,"Wie fast alle Kinder ist Celeste von Dinosauriern fasziniert. Gerade bereitet sie für ihre Klasse einen Vortrag darüber vor, wie die Dinosaurier ausgestorben sind. Da stellt „Mond“, eine weise und magische Figur, eine verlockende Frage: „Was wäre, wenn ich dir sagen würde, dass es noch Dinosaurier unter uns gibt?“Celeste begibt sich mit „Mond“ auf eine Reise durch die Zeit. Dabei erleben sie ein aufregendes Abenteuer, bei dem sie die Erde sehen, wie sie in der fernen Vergangenheit war.Welche faszinierenden Veränderungen machten diese Tiere im Laufe der Jahrmillionen durch? Wie entwickelten sie sich zu riesigen Kreaturen und erschreckenden Raubtieren? Was geschah an dem Tag, an dem ein katastrophaler Einschlag eines Asteroiden ein Massenaussterben auf der Erde verursachte?Doch es ist noch nicht alles verloren. Celeste wird den Schlüssel zum Überleben der Dinosaurier entdecken...Produziert von Render AreaZur Einleitung präsentieren wir live den aktuellen Sternenhimmel über Karlsruhe.Dauer ca. 60 MinutenFür Kinder ab 7 JahrenEinlass ab ca. 30 Min. vor Beginn.Bitte beachten: Kein Nacheinlass!Ungenutzte Tickets verfallen ersatzlos.",https://kalender.karlsruhe.de/db/termine/wirtschaft/dinosaurier_die_geschichte_des_uberlebens-24
Lars - der kleine Eisbär,2025-09-04T15:00:00,PLANET KA Planetarium Karlsruhe,"Alter Schlachthof 4, 76131 Karlsruhe",49.0039151,8.4304661,"Lars - der kleine EisbärIn dem spannenden Abenteuer „Kleiner Eisbär in der Walbucht“ von Hans de Beer rettet der kleine Eisbär Lars die Wale vor den Walfängern und aus einer großen Not, in die sie durch das Abschmelzen eines Gletschers geraten sind.Anschließend erfahrt ihr, wie die Eisbären wirklich leben und was ihre Heimat bedroht.Dauer: ca. 1 Stunde. Empfohlen für Kinder von 4 bis 7 Jahren.Einlass: ab ca. 30 Min. vor Beginn.Bitte beachten: Kein Nacheinlass! Bitte seien Sie pünktlich vor Ort.Ungenutzte Tickets verfallen ersatzlos.",https://kalender.karlsruhe.de/db/termine/literatur/lars_der_kleine_eisbar-23
Aurora - Wunder des Nordlichts,2025-09-03T19:00:00,PLANET KA Planetarium Karlsruhe,"Alter Schlachthof 4, 76131 Karlsruhe",49.0039151,8.4304661,"Das Polarlicht gehört zu den wunderbarsten Naturerscheinungen, die man erleben kann: als Nordlicht („Aurora Borealis“) im hohen Norden und als Südlicht („Aurora Australis“) im tiefen Süden.Dem koreanischen Astrophotographen Kwon O Chul gelang es weltweit zum ersten Mal, diese Leuchterscheinung in ihren vielen Facetten aufzunehmen. In Echtzeit und 4K-Auflösung offenbart die ultra-hochempfindliche Kameratechnik die Schönheit und Vielfalt des Polarlichts – ein grandioser Tanz der Formen und Farben im „Rundum-Format“ an der Sternenkuppel des Planetariums!Originalaufnahmen von Bord der Internationalen Raumstation ISS und naturgetreue Computer-Visualisierungen bringen uns Legenden und die wissenschaftliche Untersuchung der Polarlichter näher.Eine Produktion von Kwon O ChulZur Einleitung präsentieren wir live den aktuellen Sternenhimmel über Karlsruhe.Dauer ca. 60 MinutenFür Erwachsene und Kinder ab 10 JahreEinlass: ab ca. 30 Min. vor Beginn.Bitte beachten: Kein Nacheinlass!Ungenutzte Tickets verfallen ersatzlos.",https://kalender.karlsruhe.de/db/termine/wirtschaft/aurora_wunder_des_nordlichts-23
Ein Sternbild für Flappi,2025-09-03T17:00:00,PLANET KA Planetarium Karlsruhe,"Alter Schlachthof 4, 76131 Karlsruhe",49.0039151,8.4304661,"Kinder- & Familienprogramm:""Ein Sternbild für Flappi""für Kinder ab 4 Jahren und die ganze FamilieFlappi ist anders als die meisten Fledermäuse. Das bekommt sie schon in ihrer Familie zu hören. Es fängt damit an, dass sie nicht wie “anständige Fledermäuse” über Kopf hängend schläft, sondern aufrecht…Vielleicht bringt sie das dazu, dass sie nachts die “Glühwürmchen” am Himmel entdeckt, die aber so weit entfernt sind, dass man sie nicht fangen kann. Ob sie wohl schmecken? – Dass sie “Sterne” heißen, und keine Glühwürmchen sind, erfährt sie von Skybat, der Himmelsfledermaus, die extra vom Mond herabkommt, um der kleinen Flappi auf die Sprünge zu helfen und ihr schon mal ein paar der wichtigsten Sternbilder beizubringen.Ein Sternbild Fledermaus ist jedoch nicht darunter. Es sind bislang alles nur Sternbilder der Menschen.Also macht sie sich selbst auf die Suche durch die Nacht...Ein Plädoyer für Eigensinn und Fantasie.Dauer: gut 1 Stunde. Empfohlen ab 4 Jahren.Einlass: ab ca. 30 Min. vor Beginn.Bitte beachten: Kein Nacheinlass! Bitte seien Sie pünktlich vor Ort.Ungenutzte Tickets verfallen ersatzlos.",https://kalender.karlsruhe.de/db/termine/literatur/ein_sternbild_fur_flappi-28
Der Regenbogenfisch,2025-09-03T15:00:00,PLANET KA Planetarium Karlsruhe,"Alter Schlachthof 4, 76131 Karlsruhe",49.0039151,8.4304661,"Im Kinder- & Familienprogramm:Der Regenbogenfisch und seine FreundeDer Regenbogenfisch ist der schönste Fisch im weiten Ozean. Sein Schuppenkleid schimmert in allen Farben des Regenbogens: Rot, Orange, Gelb, Grün, Blau, Indigo und Violett. Eines Tages verliert er seine Glitzerschuppe. Um sie wiederzufinden, taucht ab in das tiefe Meer. Dort findet er neue Freunde, die ihm helfen, seine Glitzerschuppe wiederzubekommen.Wir laden Euch ein, gemeinsam mit dem Regenbogenfisch in die Tiefsee zu tauchen. Dabei lernt ihr, wie die Farben im Regenbogen entstehen, und wie man die Fische sogar am Sternhimmel findet..Eine Kuppelproduktion nach den Büchern von Marcus Pfister, erschienen im NordSüd-Verlag.Nach den Büchern „Der Regenbogenfisch stiftet Frieden“ und „Der Regenbogenfisch entdeckt die Tiefsee“, erschienen im NordSüd-Verlag.Dauer: ca. 1 Stunde.Empfohlen für Kinder ab 4 Jahren.Einlass ab ca. 30 Minuten vor BeginnBitte beachten: Kein Nacheinlass! Bitte seien Sie pünktlich vor Ort.Ungenutzte Tickets verfallen ersatzlos.",https://kalender.karlsruhe.de/db/termine/literatur/der_regenbogenfisch-32
Laufrädle trifft Rollator – Gemeinsam in Bewegung,2025-09-02T10:00:00,Hardtwaldzentrum,"Kanalweg 40/42, 76149 Karlsruhe",49.0305562,8.3930973,"Bewegung verbindet Generationen!Ob mit Laufrädle oder Rollator – wir bringen Klein und Groß gemeinsam in Bewegung. Freu dich auf Spaziergänge, Bewegungsübungen und spielerisches Gedächtnistraining. Ein Angebot für alle Generationen – draußen, gemeinsam, mit Freude!Bei schlechtem Wetter bleiben wir drinnen.Einfach bequeme Kleidung anziehen, Sportbekleidung ist nicht notwendig.Wir starten ab 19.08.2025, immer dienstags von 10-11 Uhr, für 6 Termine(bis 23.09.2025).Treffpunkt: Raum „Offener Treff“im Hardtwaldzentrum (Untergeschoss, Aufzug vorhanden). Bei schönem Wetter geht’s raus, bei schlechtem bleiben wir drinnen.Das Angebot ist kostenlos.Gerne weitersagen!Eine Anmeldung ist nicht notwendig.DerTreffpunkt Hardtwaldzentrumist ein Angebot desSeniorennetzwerksund desStartpunkt Elterncafés. Es finden regelmäßige Treffen sowie besondere Veranstaltungen statt. Alle zwischen 0 und 104 sind herzlich dazu eingeladen.Das Hardtwaldzentrum ist barrierefrei, barrierefreie Toiletten sind vorhanden.Die Angebote werden gefördert durch die Stadt Karlsruhe, u.a. durch das Fördermodul C.--Grafik: ChatGPT",https://kalender.karlsruhe.de/db/termine/stadtleben/laufradle_trifft_rollator_gemeinsam_in_bewegung-2
Aurora - Wunder des Nordlichts,2025-08-31T17:00:00,PLANET KA Planetarium Karlsruhe,"Alter Schlachthof 4, 76131 Karlsruhe",49.0039151,8.4304661,"Das Polarlicht gehört zu den wunderbarsten Naturerscheinungen, die man erleben kann: als Nordlicht („Aurora Borealis“) im hohen Norden und als Südlicht („Aurora Australis“) im tiefen Süden.Dem koreanischen Astrophotographen Kwon O Chul gelang es weltweit zum ersten Mal, diese Leuchterscheinung in ihren vielen Facetten aufzunehmen. In Echtzeit und 4K-Auflösung offenbart die ultra-hochempfindliche Kameratechnik die Schönheit und Vielfalt des Polarlichts – ein grandioser Tanz der Formen und Farben im „Rundum-Format“ an der Sternenkuppel des Planetariums!Originalaufnahmen von Bord der Internationalen Raumstation ISS und naturgetreue Computer-Visualisierungen bringen uns Legenden und die wissenschaftliche Untersuchung der Polarlichter näher.Eine Produktion von Kwon O ChulZur Einleitung präsentieren wir live den aktuellen Sternenhimmel über Karlsruhe.Dauer ca. 60 MinutenFür Erwachsene und Kinder ab 10 JahreEinlass: ab ca. 30 Min. vor Beginn.Bitte beachten: Kein Nacheinlass!Ungenutzte Tickets verfallen ersatzlos.",https://kalender.karlsruhe.de/db/termine/wirtschaft/aurora_wunder_des_nordlichts-20
Ein Sternbild für Flappi,2025-08-31T15:00:00,PLANET KA Planetarium Karlsruhe,"Alter Schlachthof 4, 76131 Karlsruhe",49.0039151,8.4304661,"Kinder- & Familienprogramm:""Ein Sternbild für Flappi""für Kinder ab 4 Jahren und die ganze FamilieFlappi ist anders als die meisten Fledermäuse. Das bekommt sie schon in ihrer Familie zu hören. Es fängt damit an, dass sie nicht wie “anständige Fledermäuse” über Kopf hängend schläft, sondern aufrecht…Vielleicht bringt sie das dazu, dass sie nachts die “Glühwürmchen” am Himmel entdeckt, die aber so weit entfernt sind, dass man sie nicht fangen kann. Ob sie wohl schmecken? – Dass sie “Sterne” heißen, und keine Glühwürmchen sind, erfährt sie von Skybat, der Himmelsfledermaus, die extra vom Mond herabkommt, um der kleinen Flappi auf die Sprünge zu helfen und ihr schon mal ein paar der wichtigsten Sternbilder beizubringen.Ein Sternbild Fledermaus ist jedoch nicht darunter. Es sind bislang alles nur Sternbilder der Menschen.Also macht sie sich selbst auf die Suche durch die Nacht...Ein Plädoyer für Eigensinn und Fantasie.Dauer: gut 1 Stunde. Empfohlen ab 4 Jahren.Einlass: ab ca. 30 Min. vor Beginn.Bitte beachten: Kein Nacheinlass! Bitte seien Sie pünktlich vor Ort.Ungenutzte Tickets verfallen ersatzlos.",https://kalender.karlsruhe.de/db/termine/literatur/ein_sternbild_fur_flappi-27
Dinosaurier - die Geschichte des Überlebens,2025-08-31T13:30:00,PLANET KA Planetarium Karlsruhe,"Alter Schlachthof 4, 76131 Karlsruhe",49.0039151,8.4304661,"Wie fast alle Kinder ist Celeste von Dinosauriern fasziniert. Gerade bereitet sie für ihre Klasse einen Vortrag darüber vor, wie die Dinosaurier ausgestorben sind. Da stellt „Mond“, eine weise und magische Figur, eine verlockende Frage: „Was wäre, wenn ich dir sagen würde, dass es noch Dinosaurier unter uns gibt?“Celeste begibt sich mit „Mond“ auf eine Reise durch die Zeit. Dabei erleben sie ein aufregendes Abenteuer, bei dem sie die Erde sehen, wie sie in der fernen Vergangenheit war.Welche faszinierenden Veränderungen machten diese Tiere im Laufe der Jahrmillionen durch? Wie entwickelten sie sich zu riesigen Kreaturen und erschreckenden Raubtieren? Was geschah an dem Tag, an dem ein katastrophaler Einschlag eines Asteroiden ein Massenaussterben auf der Erde verursachte?Doch es ist noch nicht alles verloren. Celeste wird den Schlüssel zum Überleben der Dinosaurier entdecken...Produziert von Render AreaZur Einleitung präsentieren wir live den aktuellen Sternenhimmel über Karlsruhe.Dauer ca. 60 MinutenFür Kinder ab 7 JahrenEinlass ab ca. 30 Min. vor Beginn.Bitte beachten: Kein Nacheinlass!Ungenutzte Tickets verfallen ersatzlos.",https://kalender.karlsruhe.de/db/termine/wirtschaft/dinosaurier_die_geschichte_des_uberlebens-23
Der Regenbogenfisch,2025-08-31T11:30:00,PLANET KA Planetarium Karlsruhe,"Alter Schlachthof 4, 76131 Karlsruhe",49.0039151,8.4304661,"Im Kinder- & Familienprogramm:Der Regenbogenfisch und seine FreundeDer Regenbogenfisch ist der schönste Fisch im weiten Ozean. Sein Schuppenkleid schimmert in allen Farben des Regenbogens: Rot, Orange, Gelb, Grün, Blau, Indigo und Violett. Eines Tages verliert er seine Glitzerschuppe. Um sie wiederzufinden, taucht ab in das tiefe Meer. Dort findet er neue Freunde, die ihm helfen, seine Glitzerschuppe wiederzubekommen.Wir laden Euch ein, gemeinsam mit dem Regenbogenfisch in die Tiefsee zu tauchen. Dabei lernt ihr, wie die Farben im Regenbogen entstehen, und wie man die Fische sogar am Sternhimmel findet..Eine Kuppelproduktion nach den Büchern von Marcus Pfister, erschienen im NordSüd-Verlag.Nach den Büchern „Der Regenbogenfisch stiftet Frieden“ und „Der Regenbogenfisch entdeckt die Tiefsee“, erschienen im NordSüd-Verlag.Dauer: ca. 1 Stunde.Empfohlen für Kinder ab 4 Jahren.Einlass ab ca. 30 Minuten vor BeginnBitte beachten: Kein Nacheinlass! Bitte seien Sie pünktlich vor Ort.Ungenutzte Tickets verfallen ersatzlos.",https://kalender.karlsruhe.de/db/termine/literatur/der_regenbogenfisch-29
Zeitreise - Vom Urknall zum Menschen,2025-08-30T19:00:00,PLANET KA Planetarium Karlsruhe,"Alter Schlachthof 4, 76131 Karlsruhe",49.0039151,8.4304661,"Wie war das mit dem Urknall? Woher kommen die Sterne und Planeten? Was hat sich auf der Erde abgespielt?Auf einer Zeitreise vom Beginn des Universums bis heute werden Sie Zeuge von der Geburt der ersten Sterne und der Entstehung der Milchstraße. Sie erleben gewaltige Sternexplosionen, katastrophale Kometeneinschläge auf der Ur-Erde und die Entwicklung des Lebens.Um die dabei auftretenden unvorstellbar großen Zeiträume besser zu begreifen, denken wir uns die kosmische Geschichte auf die Länge eines Jahres verkürzt. Das Universum wäre demnach am 1. Januar entstanden und ein Tag entspräche 40 Millionen Jahren in der Wirklichkeit. Das Aussterben der Dinosaurier vor 65 Millionen „realen“ Jahren fiele auf den 30. Dezember des kosmischen Jahres und unsere heutige Zeit, in der wir das Weltall mit Teleskopen erforschen, auf den 31. Dezember kurz vor Mitternacht. Kommen Sie mit auf eine Reise durch rund 14 Milliarden Jahre Weltgeschichte!Eine Produktion zehn deutscher Planetarien, unter anderem des Planetariums Mannheim, und unter Federführung des LWL-Planetariums MünsterDauer der Veranstaltung: ca. 60 MinutenFür Erwachsene und Kinder ab 10 JahrenEinlass: ab ca. 30 Min. vor Beginn.Bitte beachten: Kein Nacheinlass möglich! Bitte seien Sie pünktlich.Ungenutzte Tickets verfallen ersatzlos.",https://kalender.karlsruhe.de/db/termine/wirtschaft/zeitreise_vom_urknall_zum_menschen-21
Aurora - Wunder des Nordlichts,2025-08-30T17:00:00,PLANET KA Planetarium Karlsruhe,"Alter Schlachthof 4, 76131 Karlsruhe",49.0039151,8.4304661,"Das Polarlicht gehört zu den wunderbarsten Naturerscheinungen, die man erleben kann: als Nordlicht („Aurora Borealis“) im hohen Norden und als Südlicht („Aurora Australis“) im tiefen Süden.Dem koreanischen Astrophotographen Kwon O Chul gelang es weltweit zum ersten Mal, diese Leuchterscheinung in ihren vielen Facetten aufzunehmen. In Echtzeit und 4K-Auflösung offenbart die ultra-hochempfindliche Kameratechnik die Schönheit und Vielfalt des Polarlichts – ein grandioser Tanz der Formen und Farben im „Rundum-Format“ an der Sternenkuppel des Planetariums!Originalaufnahmen von Bord der Internationalen Raumstation ISS und naturgetreue Computer-Visualisierungen bringen uns Legenden und die wissenschaftliche Untersuchung der Polarlichter näher.Eine Produktion von Kwon O ChulZur Einleitung präsentieren wir live den aktuellen Sternenhimmel über Karlsruhe.Dauer ca. 60 MinutenFür Erwachsene und Kinder ab 10 JahreEinlass: ab ca. 30 Min. vor Beginn.Bitte beachten: Kein Nacheinlass!Ungenutzte Tickets verfallen ersatzlos.",https://kalender.karlsruhe.de/db/termine/wirtschaft/aurora_wunder_des_nordlichts-19
Dinosaurier - die Geschichte des Überlebens,2025-08-30T15:00:00,PLANET KA Planetarium Karlsruhe,"Alter Schlachthof 4, 76131 Karlsruhe",49.0039151,8.4304661,"Wie fast alle Kinder ist Celeste von Dinosauriern fasziniert. Gerade bereitet sie für ihre Klasse einen Vortrag darüber vor, wie die Dinosaurier ausgestorben sind. Da stellt „Mond“, eine weise und magische Figur, eine verlockende Frage: „Was wäre, wenn ich dir sagen würde, dass es noch Dinosaurier unter uns gibt?“Celeste begibt sich mit „Mond“ auf eine Reise durch die Zeit. Dabei erleben sie ein aufregendes Abenteuer, bei dem sie die Erde sehen, wie sie in der fernen Vergangenheit war.Welche faszinierenden Veränderungen machten diese Tiere im Laufe der Jahrmillionen durch? Wie entwickelten sie sich zu riesigen Kreaturen und erschreckenden Raubtieren? Was geschah an dem Tag, an dem ein katastrophaler Einschlag eines Asteroiden ein Massenaussterben auf der Erde verursachte?Doch es ist noch nicht alles verloren. Celeste wird den Schlüssel zum Überleben der Dinosaurier entdecken...Produziert von Render AreaZur Einleitung präsentieren wir live den aktuellen Sternenhimmel über Karlsruhe.Dauer ca. 60 MinutenFür Kinder ab 7 JahrenEinlass ab ca. 30 Min. vor Beginn.Bitte beachten: Kein Nacheinlass!Ungenutzte Tickets verfallen ersatzlos.",https://kalender.karlsruhe.de/db/termine/wirtschaft/dinosaurier_die_geschichte_des_uberlebens-22
Der Regenbogenfisch,2025-08-30T13:30:00,PLANET KA Planetarium Karlsruhe,"Alter Schlachthof 4, 76131 Karlsruhe",49.0039151,8.4304661,"Im Kinder- & Familienprogramm:Der Regenbogenfisch und seine FreundeDer Regenbogenfisch ist der schönste Fisch im weiten Ozean. Sein Schuppenkleid schimmert in allen Farben des Regenbogens: Rot, Orange, Gelb, Grün, Blau, Indigo und Violett. Eines Tages verliert er seine Glitzerschuppe. Um sie wiederzufinden, taucht ab in das tiefe Meer. Dort findet er neue Freunde, die ihm helfen, seine Glitzerschuppe wiederzubekommen.Wir laden Euch ein, gemeinsam mit dem Regenbogenfisch in die Tiefsee zu tauchen. Dabei lernt ihr, wie die Farben im Regenbogen entstehen, und wie man die Fische sogar am Sternhimmel findet..Eine Kuppelproduktion nach den Büchern von Marcus Pfister, erschienen im NordSüd-Verlag.Nach den Büchern „Der Regenbogenfisch stiftet Frieden“ und „Der Regenbogenfisch entdeckt die Tiefsee“, erschienen im NordSüd-Verlag.Dauer: ca. 1 Stunde.Empfohlen für Kinder ab 4 Jahren.Einlass ab ca. 30 Minuten vor BeginnBitte beachten: Kein Nacheinlass! Bitte seien Sie pünktlich vor Ort.Ungenutzte Tickets verfallen ersatzlos.",https://kalender.karlsruhe.de/db/termine/literatur/der_regenbogenfisch-28
Zeitreise - Vom Urknall zum Menschen,2025-08-29T21:00:00,PLANET KA Planetarium Karlsruhe,"Alter Schlachthof 4, 76131 Karlsruhe",49.0039151,8.4304661,"Wie war das mit dem Urknall? Woher kommen die Sterne und Planeten? Was hat sich auf der Erde abgespielt?Auf einer Zeitreise vom Beginn des Universums bis heute werden Sie Zeuge von der Geburt der ersten Sterne und der Entstehung der Milchstraße. Sie erleben gewaltige Sternexplosionen, katastrophale Kometeneinschläge auf der Ur-Erde und die Entwicklung des Lebens.Um die dabei auftretenden unvorstellbar großen Zeiträume besser zu begreifen, denken wir uns die kosmische Geschichte auf die Länge eines Jahres verkürzt. Das Universum wäre demnach am 1. Januar entstanden und ein Tag entspräche 40 Millionen Jahren in der Wirklichkeit. Das Aussterben der Dinosaurier vor 65 Millionen „realen“ Jahren fiele auf den 30. Dezember des kosmischen Jahres und unsere heutige Zeit, in der wir das Weltall mit Teleskopen erforschen, auf den 31. Dezember kurz vor Mitternacht. Kommen Sie mit auf eine Reise durch rund 14 Milliarden Jahre Weltgeschichte!Eine Produktion zehn deutscher Planetarien, unter anderem des Planetariums Mannheim, und unter Federführung des LWL-Planetariums MünsterDauer der Veranstaltung: ca. 60 MinutenFür Erwachsene und Kinder ab 10 JahrenEinlass: ab ca. 30 Min. vor Beginn.Bitte beachten: Kein Nacheinlass möglich! Bitte seien Sie pünktlich.Ungenutzte Tickets verfallen ersatzlos.",https://kalender.karlsruhe.de/db/termine/wirtschaft/zeitreise_vom_urknall_zum_menschen-22
Aurora - Wunder des Nordlichts,2025-08-29T19:00:00,PLANET KA Planetarium Karlsruhe,"Alter Schlachthof 4, 76131 Karlsruhe",49.0039151,8.4304661,"Das Polarlicht gehört zu den wunderbarsten Naturerscheinungen, die man erleben kann: als Nordlicht („Aurora Borealis“) im hohen Norden und als Südlicht („Aurora Australis“) im tiefen Süden.Dem koreanischen Astrophotographen Kwon O Chul gelang es weltweit zum ersten Mal, diese Leuchterscheinung in ihren vielen Facetten aufzunehmen. In Echtzeit und 4K-Auflösung offenbart die ultra-hochempfindliche Kameratechnik die Schönheit und Vielfalt des Polarlichts – ein grandioser Tanz der Formen und Farben im „Rundum-Format“ an der Sternenkuppel des Planetariums!Originalaufnahmen von Bord der Internationalen Raumstation ISS und naturgetreue Computer-Visualisierungen bringen uns Legenden und die wissenschaftliche Untersuchung der Polarlichter näher.Eine Produktion von Kwon O ChulZur Einleitung präsentieren wir live den aktuellen Sternenhimmel über Karlsruhe.Dauer ca. 60 MinutenFür Erwachsene und Kinder ab 10 JahreEinlass: ab ca. 30 Min. vor Beginn.Bitte beachten: Kein Nacheinlass!Ungenutzte Tickets verfallen ersatzlos.",https://kalender.karlsruhe.de/db/termine/wirtschaft/aurora_wunder_des_nordlichts-18
Captain Schnuppes Weltraumreise,2025-08-29T17:00:00,PLANET KA Planetarium Karlsruhe,"Alter Schlachthof 4, 76131 Karlsruhe",49.0039151,8.4304661,"Kinder- & Familienprogramm:Abenteuer für Kinder mit Illustrationen von Jochen Stuhrmann„Sicherheitsgurte schließen, Erklärungsmodul starten, Triebwerke zünden - keiner ist so schnell wie wir!“Es geht es auf rasante Weltraumreise! Der gutmütige hundeartige Captain Schnuppe besucht mit seinem hyperintelligenten Raumschiff Argo die Planeten unseres Sonnensystems. Begleitet wird er dabei von Sergeant Tuk, der die zwei, durch seine tollpatschige Art, immer wieder in Schwierigkeiten bringt.Das Programm ist eine Produktion der Volkssternwarte Laupheim e.V.Für die Erarbeitung der Geschichte ist es uns gelungen, den Kinderbuchautor Martin Klein zu gewinnen, der bekannte Illustrator Jochen Stuhrmann zeichnete dazu die Figuren.Zu Beginn präsentieren wir live den aktuellen Sternenhimmel über Karlsruhe.Dauer: ca. 1 Stunde. Empfohlen ab 7 Jahren.Einlass: ab ca. 30 Min. vor Beginn.Bitte beachten: Kein Nacheinlass! Bitte seien Sie pünktlich vor Ort.Ungenutzte Tickets verfallen ersatzlos.",https://kalender.karlsruhe.de/db/termine/literatur/captain_schnuppes_weltraumreise-16
Lars - der kleine Eisbär,2025-08-29T15:00:00,PLANET KA Planetarium Karlsruhe,"Alter Schlachthof 4, 76131 Karlsruhe",49.0039151,8.4304661,"Lars - der kleine EisbärIn dem spannenden Abenteuer „Kleiner Eisbär in der Walbucht“ von Hans de Beer rettet der kleine Eisbär Lars die Wale vor den Walfängern und aus einer großen Not, in die sie durch das Abschmelzen eines Gletschers geraten sind.Anschließend erfahrt ihr, wie die Eisbären wirklich leben und was ihre Heimat bedroht.Dauer: ca. 1 Stunde. Empfohlen für Kinder von 4 bis 7 Jahren.Einlass: ab ca. 30 Min. vor Beginn.Bitte beachten: Kein Nacheinlass! Bitte seien Sie pünktlich vor Ort.Ungenutzte Tickets verfallen ersatzlos.",https://kalender.karlsruhe.de/db/termine/literatur/lars_der_kleine_eisbar-22
Dinosaurier - die Geschichte des Überlebens,2025-08-28T17:00:00,PLANET KA Planetarium Karlsruhe,"Alter Schlachthof 4, 76131 Karlsruhe",49.0039151,8.4304661,"Wie fast alle Kinder ist Celeste von Dinosauriern fasziniert. Gerade bereitet sie für ihre Klasse einen Vortrag darüber vor, wie die Dinosaurier ausgestorben sind. Da stellt „Mond“, eine weise und magische Figur, eine verlockende Frage: „Was wäre, wenn ich dir sagen würde, dass es noch Dinosaurier unter uns gibt?“Celeste begibt sich mit „Mond“ auf eine Reise durch die Zeit. Dabei erleben sie ein aufregendes Abenteuer, bei dem sie die Erde sehen, wie sie in der fernen Vergangenheit war.Welche faszinierenden Veränderungen machten diese Tiere im Laufe der Jahrmillionen durch? Wie entwickelten sie sich zu riesigen Kreaturen und erschreckenden Raubtieren? Was geschah an dem Tag, an dem ein katastrophaler Einschlag eines Asteroiden ein Massenaussterben auf der Erde verursachte?Doch es ist noch nicht alles verloren. Celeste wird den Schlüssel zum Überleben der Dinosaurier entdecken...Produziert von Render AreaZur Einleitung präsentieren wir live den aktuellen Sternenhimmel über Karlsruhe.Dauer ca. 60 MinutenFür Kinder ab 7 JahrenEinlass ab ca. 30 Min. vor Beginn.Bitte beachten: Kein Nacheinlass!Ungenutzte Tickets verfallen ersatzlos.",https://kalender.karlsruhe.de/db/termine/wirtschaft/dinosaurier_die_geschichte_des_uberlebens-20
Ein Sternbild für Flappi,2025-08-28T15:00:00,PLANET KA Planetarium Karlsruhe,"Alter Schlachthof 4, 76131 Karlsruhe",49.0039151,8.4304661,"Kinder- & Familienprogramm:""Ein Sternbild für Flappi""für Kinder ab 4 Jahren und die ganze FamilieFlappi ist anders als die meisten Fledermäuse. Das bekommt sie schon in ihrer Familie zu hören. Es fängt damit an, dass sie nicht wie “anständige Fledermäuse” über Kopf hängend schläft, sondern aufrecht…Vielleicht bringt sie das dazu, dass sie nachts die “Glühwürmchen” am Himmel entdeckt, die aber so weit entfernt sind, dass man sie nicht fangen kann. Ob sie wohl schmecken? – Dass sie “Sterne” heißen, und keine Glühwürmchen sind, erfährt sie von Skybat, der Himmelsfledermaus, die extra vom Mond herabkommt, um der kleinen Flappi auf die Sprünge zu helfen und ihr schon mal ein paar der wichtigsten Sternbilder beizubringen.Ein Sternbild Fledermaus ist jedoch nicht darunter. Es sind bislang alles nur Sternbilder der Menschen.Also macht sie sich selbst auf die Suche durch die Nacht...Ein Plädoyer für Eigensinn und Fantasie.Dauer: gut 1 Stunde. Empfohlen ab 4 Jahren.Einlass: ab ca. 30 Min. vor Beginn.Bitte beachten: Kein Nacheinlass! Bitte seien Sie pünktlich vor Ort.Ungenutzte Tickets verfallen ersatzlos.",https://kalender.karlsruhe.de/db/termine/literatur/ein_sternbild_fur_flappi-26
Ein Sternbild für Flappi,2025-08-27T17:00:00,PLANET KA Planetarium Karlsruhe,"Alter Schlachthof 4, 76131 Karlsruhe",49.0039151,8.4304661,"Kinder- & Familienprogramm:""Ein Sternbild für Flappi""für Kinder ab 4 Jahren und die ganze FamilieFlappi ist anders als die meisten Fledermäuse. Das bekommt sie schon in ihrer Familie zu hören. Es fängt damit an, dass sie nicht wie “anständige Fledermäuse” über Kopf hängend schläft, sondern aufrecht…Vielleicht bringt sie das dazu, dass sie nachts die “Glühwürmchen” am Himmel entdeckt, die aber so weit entfernt sind, dass man sie nicht fangen kann. Ob sie wohl schmecken? – Dass sie “Sterne” heißen, und keine Glühwürmchen sind, erfährt sie von Skybat, der Himmelsfledermaus, die extra vom Mond herabkommt, um der kleinen Flappi auf die Sprünge zu helfen und ihr schon mal ein paar der wichtigsten Sternbilder beizubringen.Ein Sternbild Fledermaus ist jedoch nicht darunter. Es sind bislang alles nur Sternbilder der Menschen.Also macht sie sich selbst auf die Suche durch die Nacht...Ein Plädoyer für Eigensinn und Fantasie.Dauer: gut 1 Stunde. Empfohlen ab 4 Jahren.Einlass: ab ca. 30 Min. vor Beginn.Bitte beachten: Kein Nacheinlass! Bitte seien Sie pünktlich vor Ort.Ungenutzte Tickets verfallen ersatzlos.",https://kalender.karlsruhe.de/db/termine/literatur/ein_sternbild_fur_flappi-25
Der Regenbogenfisch,2025-08-27T15:00:00,PLANET KA Planetarium Karlsruhe,"Alter Schlachthof 4, 76131 Karlsruhe",49.0039151,8.4304661,"Im Kinder- & Familienprogramm:Der Regenbogenfisch und seine FreundeDer Regenbogenfisch ist der schönste Fisch im weiten Ozean. Sein Schuppenkleid schimmert in allen Farben des Regenbogens: Rot, Orange, Gelb, Grün, Blau, Indigo und Violett. Eines Tages verliert er seine Glitzerschuppe. Um sie wiederzufinden, taucht ab in das tiefe Meer. Dort findet er neue Freunde, die ihm helfen, seine Glitzerschuppe wiederzubekommen.Wir laden Euch ein, gemeinsam mit dem Regenbogenfisch in die Tiefsee zu tauchen. Dabei lernt ihr, wie die Farben im Regenbogen entstehen, und wie man die Fische sogar am Sternhimmel findet..Eine Kuppelproduktion nach den Büchern von Marcus Pfister, erschienen im NordSüd-Verlag.Nach den Büchern „Der Regenbogenfisch stiftet Frieden“ und „Der Regenbogenfisch entdeckt die Tiefsee“, erschienen im NordSüd-Verlag.Dauer: ca. 1 Stunde.Empfohlen für Kinder ab 4 Jahren.Einlass ab ca. 30 Minuten vor BeginnBitte beachten: Kein Nacheinlass! Bitte seien Sie pünktlich vor Ort.Ungenutzte Tickets verfallen ersatzlos.",https://kalender.karlsruhe.de/db/termine/literatur/der_regenbogenfisch-27
